"fest.award","fest.location.city","event.country","unique.id","event.month","event.year","event.date","festival.id","event.country.region","fest.name","date"
"Best Animation","-99","Hungary","f7893",3,NA,NA,"fest.lib.id8298","Europe","friss hus budapest",NA
"Best short film","-99","United States","f7893",3,NA,NA,"fest.lib.id1497","North America","riverrun international film festival",NA
"Special Jury Award","-99","Serbia","f7893",9,NA,NA,"fest.lib.id.na13","Europe","animanima international animation festival",NA
"Best Animation","-99","Poland","f7893",9,NA,NA,"fest.lib.id8251","Europe","ars independent international film festival katowice",NA
"Best European Animation","-99","Spain","f7893",10,NA,NA,"fest.lib.id.survey.na4","Europe","3d wire animation market",NA
"Best Debut Film and Audience Award","-99","Hungary","f7893",10,NA,NA,"fest.lib.id1414","Europe","primanima world festival of first animations, budapest",NA
"Hokkaido Governor Award","-99","Japan","f7893",11,NA,NA,"fest.lib.id1253","Asia","new chitose airport international animation festival",NA
NA,"-99","Germany","98",2,NA,NA,"fest.lib.id1888","Europe","berlin international film festival",NA
NA,"-99","China","98",3,NA,NA,"fest.lib.id763","Asia","hong kong international film festival",NA
NA,"-99","Czechia","98",3,NA,NA,"fest.lib.id.na137","Europe","febio film festival",NA
NA,"-99","Serbia","98",7,NA,NA,"fest.lib.id.na360","Europe","european film festival palic, serbia",NA
NA,"-99","Germany","98",7,NA,NA,"fest.lib.id.na210","Europe","funf-seen-filmfestival",NA
NA,"-99","Armenia","98",7,NA,NA,"fest.lib.id726","Europe","golden apricot yerevan international film festival",NA
NA,"-99","Switzerland","98",8,NA,NA,"fest.lib.id1050","Europe","locarno international film festival",NA
NA,"-99","Georgia","98",9,NA,NA,"fest.lib.id211","Asia","batumi international art film festival",NA
NA,"-99","Portugal","98",9,NA,NA,"fest.lib.id1439","Europe","queer lisboa international queer film festivals",NA
NA,"-99","Ukraine","98",10,NA,NA,"fest.lib.id2067","Europe","molodist kyiv international film festival",NA
NA,"-99","Brazil","98",10,NA,NA,"fest.lib.id1540","Latin America and Caribbean","sao paulo international film festival",NA
NA,"-99","Ukraine","98",11,NA,NA,"fest.lib.id.survey.na310","Europe","festival of georgian films in ukraine",NA
NA,"-99","Switzerland","98",11,NA,NA,"fest.lib.id1447","Europe","queersicht film festival",NA
NA,"-99","Germany","98",11,NA,NA,"fest.lib.id1910","Europe","festival of east european cinema cottbus",NA
NA,"-99","North Macedonia","98",11,NA,NA,"fest.lib.id7662","Europe","cinedays festival of european film",NA
NA,"-99","India","98",12,NA,NA,"fest.lib.id903","Asia","international film festival of kerala thiruvananthapuram",NA
NA,"-99","China","98",12,NA,NA,"fest.lib.id.na20","Asia","asia-pacific film festival, macau china",NA
NA,"-99","Georgia","98",12,NA,NA,"fest.lib.id1688","Asia","tbilisi international film festival",NA
NA," amsterdam","Netherlands","1400",11,2013,11,"fest.lib.id874","Europe","international documentary festival amsterdam",NA
"Best Animated Film "," balchik / varna","Bulgaria","416",6,2012,29,"fest.lib.id843","Europe","in the palace  international short film festival",NA
NA," berlin","Germany","123",11,2012,20,"fest.lib.id1897","Europe","kuki - the 5th international short film festival for children and youth",NA
"best film","stockholm","Sweden","tffnew2054",11,2016,9,"fest.lib.id1648","Europe","stockholm international film festival","01.11.16"
"golden leopard for best film","locarno","Switzerland","tffnew2054",8,2016,3,"fest.lib.id1050","Europe","locarno international film festival","01.08.16"
"sarajevo competition - special jury prize","sarajevo","Bosnia & Herzegovina","tffnew2054",8,2016,12,"fest.lib.id1543","Europe","sarajevo film festival","01.08.16"
"best film of festival (jury award)","thessaloniki","Greece","tffnew473",10,2010,NA,"imdbady01838","Europe","thermaikos film festival","01.10.10"
NA," bristol","United Kingdom","123",9,2019,20,"fest.lib.id6814","Europe","encounters film festival",NA
NA," brussels","Belgium","1400",3,2014,NA,"fest.lib.id1310","Europe","international human rights film festival one world",NA
"Best Short Film Award "," bucharest","Romania","416",9,2012,5,"fest.lib.id111","Europe","anim'est bucharest international animation festival",NA
"2nd Prize"," buenos aires","Argentina","416",9,2012,23,"fest.lib.id2970","Latin America and Caribbean","expotoons buenos aires",NA
"youth jury prize","bjelovar","Croatia","idfnew1499",9,2018,20,"imdbady02036","Europe","dokuart bjelovar","01.09.18"
"iberoamerican documentary jury's special award","guadalajara","Mexico","idfnew1285",3,2015,6,"fest.lib.id744","Latin America and Caribbean","guadalajara film festival","01.03.15"
"nominated for the best film Document"," glasgow","Ireland","1400",10,2014,10,"fest.lib.id447","Europe","document film festival glasgow",NA
NA," havana","Cuba","416",12,2012,4,"fest.lib.id891","Latin America and Caribbean","festival international del nuevo cine latinoamericano",NA
NA," ljubljana  ","Slovenia","416",12,2012,3,"fest.lib.id103","Europe","animateka international animated film festival",NA
" The Unprecedented Cinema"," maardu","Estonia","1546",7,2012,7,"fest.lib.id.survey.na638","Europe","the unprecedented cinema -  international festival of short film",NA
NA," minsk","Belarus","278",11,2014,7,"fest.lib.id1046","Europe","listapad minsk international film festival",NA
NA," moscow","Russia","1400",12,2013,20,"fest.lib.id.na283","Europe","artdocfest russian open documentary film festival",NA
" Artkino - best short film"," moscow","Russia","1546",9,2011,20,"fest.lib.id.survey.na236","Europe","festival artkino",NA
" Award of the Moscow International Short Film Festival ""Debut Cinema"""," moscow","Russia","1546",12,2011,15,"fest.lib.id5559","Europe","moscow international short film festival ""debut cinema""",NA
" В Award of the Open Festival of Student and Debut Films ""Saint Anna"", best short film"," moscow","Russia","1546",4,2012,16,"fest.lib.id.survey.na512","Europe","open festival of student and debut films ""saint anna""",NA
NA," naoussa","Greece","45",9,2013,20,"fest.lib.id1238","Europe","naoussa international film festival",NA
"official selection","copenhagen","Denmark","tffnew2042",3,2017,16,"fest.lib.id388","Europe","copenhagen international documentary film festival","01.03.17"
"winner special jury prize: documentary feature","winston-salem","United States","tffnew2042",3,2017,30,"fest.lib.id1497","North America","riverrun international film festival","01.03.17"
"official selection","new york city","United States","tffnew2042",11,2016,10,"fest.lib.id436","North America","doc nyc","01.11.16"
"Special Mention"," peja","Kosovo","416",7,2012,22,"fest.lib.id6738","Europe","anibar international animation festival",NA
NA," pontenure","Italy","416",8,2012,25,"fest.lib.id375","Europe","concorto film festival",NA
NA," prague","Czechia","1400",3,2014,NA,"fest.lib.id1310","Europe","international human rights film festival one world",NA
"st audience award - animation category","termoli","Italy","tffnew473",5,2010,19,"imdbady01840","Europe","kimera international film festival","01.05.10"
NA," querг©taro","Mexico","123",10,2016,20,"fest.lib.id.survey.na127","Latin America and Caribbean","collective showcase of short films in san juan",NA
NA," st. petersburg","Russia","1400",9,NA,NA,"fest.lib.id1141","Europe","message to man international film festival",NA
NA," sydney","Australia","416",1,2013,10,"fest.lib.id648","Oceania","flickerfest",NA
NA," toronto","Canada","123",12,2017,20,"fest.lib.id7653","North America","pendance film festival",NA
NA," wiesbaden","Germany","416",11,2012,16,"fest.lib.id1914","Europe","exground filmfest",NA
NA,"(bahia)","Brazil","1051",6,NA,NA,"fest.lib.id.survey.na527","Latin America and Caribbean","panorama internacional coisa de cinema",NA
NA,"(bavaria)","Germany","1335",7,2014,23,"fest.lib.id.na210","Europe","funf-seen-filmfestival",NA
NA,"(goa)","India","46",11,2013,11,"fest.lib.id823","Asia","international film festival of india",NA
NA,"(goa)","India","192",11,2011,20,"fest.lib.id823","Asia","international film festival of india",NA
NA,"(goa)","India","278",11,2013,20,"fest.lib.id823","Asia","international film festival of india",NA
NA,"(goa)","India","763",11,2014,20,"fest.lib.id823","Asia","international film festival of india",NA
NA,"(goa)","India","1051",11,NA,NA,"fest.lib.id823","Asia","international film festival of india",NA
"Prix Grand Jury du meilleur court-mГ©trage (Prize of the grand jury for best short film)","(guam)","United States","1658",9,2013,20,"fest.lib.id8306","North America","guam international film festival",NA
NA,"(quebec)","Canada","16",2,NA,NA,"fest.lib.id1120","North America","massimadi : afro lgbtq+ film & arts festival",NA
NA,"(quebec)","Canada","469",2,2016,NA,"fest.lib.id1120","North America","massimadi : afro lgbtq+ film & arts festival",NA
NA,"(shetland)","United Kingdom","1051",8,NA,NA,"fest.lib.id.survey.na592","Europe","shetlands film festival",NA
NA,"(taiwan)","China","1051",5,NA,NA,"fest.lib.id1796","Asia","urban nomad film festival",NA
NA,"(taiwan)","China","1051",5,NA,NA,"fest.lib.id1682","Asia","taoyan international film festival",NA
NA,"(taiwan)","China","1143",10,2014,10,"fest.lib.id1674","Asia","taiwan international documentary festival",NA
NA,"(taiwan)","China","1143",3,2016,NA,"fest.lib.id1868","Asia","yilan green film festival",NA
NA,"(vermont)","United States","1051",10,NA,NA,"fest.lib.id1809","North America","vermont international film festival",NA
"Best of Fest","(washington state)","United States","1162",8,2012,20,"fest.lib.id3443","North America","tumbleweed film festival",NA
NA,"aarhus","Denmark","469",2,2014,NA,"fest.lib.id.survey.na446","Europe","lgbt film festival aarhus",NA
"Horizon Award (Outstanding Student Film)","abilene","United States","507",11,2012,2,"fest.lib.id7385","North America","24fps international short film festival",NA
NA,"abilene","United States","tffnew473",11,2010,5,"fest.lib.id7385","North America","24fps international short film festival","01.11.10"
"BestВ ShortВ FilmВ Animation","abu dhabi","United Arab Emirates","45",10,2013,20,"fest.lib.id20","MENA","abu dhabi film festival",NA
"BestВ ShortВ FilmВ Animation","abu dhabi","United Arab Emirates","45",10,2013,20,"fest.lib.id20","MENA","abu dhabi film festival",NA
NA,"abu dhabi","United Arab Emirates","278",4,2013,20,"fest.lib.id19","MENA","abu dhabi environmental film festival",NA
"Nominated Best Doc","abu dhabi","United Arab Emirates","f9110",9,2012,NA,"fest.lib.id20","MENA","abu dhabi film festival","01.09.12"
NA,"abuja","Nigeria","45",10,2013,20,"fest.lib.id21","Subsaharan Africa","abuja international film festival",NA
NA,"acadie","France","1641",11,2013,15,"fest.lib.id890","Europe","festival international du cinema francophone en acadie",NA
NA,"acireale","Italy","1641",12,2012,12,"fest.lib.id1098","Europe","magma international short film festival",NA
NA,"adana","Turkey","87",9,NA,NA,"fest.lib.id30","Asia","golden boll international film festival",NA
NA,"adana","Turkey","idfnew1285",9,2015,14,"fest.lib.id30","Asia","golden boll international film festival","01.09.15"
NA,"adana   ","Turkey","1641",9,2012,17,"fest.lib.id30","Asia","golden boll international film festival",NA
NA,"addis ababa","Ethiopia","998",3,2013,NA,"fest.lib.id370","Sub Saharan Africa","colours of the nile",NA
NA,"addis ababa","Ethiopia","1051",NA,NA,NA,"fest.lib.id32","Sub Saharan Africa","addis international film festival",NA
NA,"adelaide","Australia","1051",10,NA,NA,"fest.lib.id33","Oceania","adelaide film festival",NA
NA,"ahrenshoop","Germany","334",11,2013,NA,"fest.lib.id.survey.na13","Europe","ahrenshooper filmnächte","01.11.13"
NA,"aigues-vives","France","1488",7,2013,20,"fest.lib.id.survey.na269","Europe","festival de films courts d'aigues vives",NA
NA,"alaior","Spain","1520",10,2013,20,"fest.lib.id.survey.na260","Europe","festival de cortometrajes de alaior",NA
NA,"albacete","Spain","1162",10,2013,20,"fest.lib.id22","Europe","abycine international film festival",NA
"Primer Premio","albacete","Spain","1520",10,2012,20,"fest.lib.id22","Europe","abycine international film festival",NA
NA,"albacete","Spain","768",10,2013,NA,"fest.lib.id22","Europe","abycine international film festival","01.10.13"
"-99","albuquerque","United States","f8166",4,2018,NA,"fest.lib.id.survey.na209","North America","experiments in cinema","01.04.18"
NA,"albuquerque","United States","frnew382",9,2012,28,"fest.lib.id1635","North America","southwest gay and lesbian film festival","01.09.12"
NA,"albuquerque","United States","frnew482",10,2014,10,"fest.lib.id1635","North America","southwest gay and lesbian film festival","01.10.14"
NA,"albuquerque","United States","frnew754",10,2014,10,"fest.lib.id1635","North America","southwest gay and lesbian film festival","01.10.14"
NA,"albuquerque, new mexico","United States","469",10,2012,10,"fest.lib.id.survey.na125","North America","closet cinema/sw gay and lesbian",NA
NA,"alcala de henares","Spain","416",11,2012,10,"fest.lib.id373","Europe","alcine international film festival",NA
NA,"alcala de henares","Spain","768",11,2013,NA,"fest.lib.id373","Europe","alcine international film festival","01.11.13"
"Mejor Sonido","alcala de henares","Spain","1520",11,2012,20,"fest.lib.id373","Europe","alcine international film festival",NA
NA,"alfás del pi","Spain","768",7,2013,NA,"fest.lib.id.survey.na272","Europe","festival de l'alfas del pi","01.07.13"
"pennsylvania premiere","allentown","United States","frnew962",8,2016,25,"imdbady01903","North America","td bank lgbt film series","01.08.16"
NA,"almendralejo","Spain","1520",9,2013,20,"fest.lib.id.survey.na261","Europe","festival de cortometrajes de almendralejo",NA
NA,"altkirch","France","1162",4,2013,20,"fest.lib.id.survey.na15","Europe","altkirch international film festival",NA
NA,"altkirch","France","1488",4,2013,20,"fest.lib.id.survey.na15","Europe","altkirch international film festival",NA
NA,"altkirch","France","1641",4,2013,13,"fest.lib.id.survey.na15","Europe","altkirch international film festival",NA
"-99","altkirch","France","N1700615",4,2017,NA,"fest.lib.id.survey.na15","Europe","altkirch international film festival","01.04.17"
NA,"amiens","France","1184",11,2013,11,"fest.lib.id86","Europe","amiens international film festival",NA
NA,"amiens","France","tffnew473",11,2010,12,"fest.lib.id86","Europe","amiens international film festival","01.11.10"
NA,"ammarnг¤s","Sweden","1051",7,NA,NA,"fest.lib.id.survey.na636","Europe","the far far away festival",NA
NA,"amsterdam","Netherlands","16",5,2013,15,"fest.lib.id.survey.na371","Europe","human rights watch amsterdam",NA
NA,"amsterdam","Netherlands","16",3,2014,13,"fest.lib.id1510","Europe","roze filmdagen amsterdam gay lesbian film festival",NA
NA,"amsterdam","Netherlands","45",11,2013,20,"fest.lib.id993","Europe","klik amsterdam animation festival",NA
NA,"amsterdam","Netherlands","46",3,2014,NA,"fest.lib.id1510","Europe","roze filmdagen amsterdam gay lesbian film festival",NA
NA,"amsterdam","Netherlands","507",3,2013,16,"fest.lib.id1510","Europe","roze filmdagen amsterdam gay lesbian film festival",NA
NA,"amsterdam","Netherlands","663",5,2013,NA,"fest.lib.id3039","Europe","transcreen amsterdam transgender film festival",NA
"Winner - First Appearance Competition","amsterdam","Netherlands","763",11,2013,20,"fest.lib.id874","Europe","international documentary festival amsterdam",NA
"Winner","amsterdam","Netherlands","763",3,2014,20,"fest.lib.id.na197","Europe","food film festival",NA
NA,"amsterdam","Netherlands","879",11,2013,20,"fest.lib.id993","Europe","klik amsterdam animation festival",NA
NA,"amsterdam","Netherlands","879",NA,2014,20,"fest.lib.id.survey.na81","Europe","breaking ground eu showcase amsterdam",NA
NA,"amsterdam","Netherlands","1143",11,2013,11,"fest.lib.id874","Europe","international documentary festival amsterdam",NA
NA,"amsterdam","Netherlands","1184",10,2013,10,"fest.lib.id.survey.na101","Europe","cinekid festival",NA
NA,"amsterdam","Netherlands","1184",11,2013,11,"fest.lib.id993","Europe","klik amsterdam animation festival",NA
NA,"amsterdam","Netherlands","1335",8,2013,11,"fest.lib.id.na377","Europe","pluk de nacht open air film festival  ",NA
NA,"amsterdam","Netherlands","1537",11,NA,NA,"fest.lib.id993","Europe","klik amsterdam animation festival",NA
NA,"amsterdam","Netherlands","1641",11,2012,7,"fest.lib.id993","Europe","klik amsterdam animation festival",NA
NA,"amsterdam","Netherlands","f16371",10,2011,NA,"fest.lib.id.survey.na101","Europe","cinekid festival","01.10.11"
NA,"amsterdam","Netherlands","f16428",8,2011,NA,"fest.lib.id.na377","Europe","pluk de nacht open air film festival  ","01.08.11"
"","amsterdam","Netherlands","f17466",5,2016,NA,"imdbady00054","Europe","amsterdam spanish film festival","01.05.16"
"-99","amsterdam","Netherlands","I1503509",11,2014,4,"fest.lib.id993","Europe","klik amsterdam animation festival","01.11.14"
NA,"amsterdam","Netherlands","frnew383",5,2013,8,"fest.lib.id3039","Europe","transcreen amsterdam transgender film festival","01.05.13"
NA,"amsterdam","Netherlands","frnew482",3,2014,13,"fest.lib.id1510","Europe","roze filmdagen amsterdam gay lesbian film festival","01.03.14"
NA,"amsterdam","Netherlands","frnew754",3,2015,12,"fest.lib.id1510","Europe","roze filmdagen amsterdam gay lesbian film festival","01.03.15"
"runner-up, audience award: best genderqueer film","amsterdam","Netherlands","frnew823",3,2015,12,"fest.lib.id1510","Europe","roze filmdagen amsterdam gay lesbian film festival","01.03.15"
NA,"amsterdam","Netherlands","frnew860",3,2017,9,"fest.lib.id1510","Europe","roze filmdagen amsterdam gay lesbian film festival","01.03.17"
"netherlands premiere","amsterdam","Netherlands","frnew962",12,2017,6,"imdbady00910","Europe","international queer & migrant film festival amsterdam","01.12.17"
"world premiere","amsterdam","Netherlands","idfnew1499",11,2016,16,"fest.lib.id874","Europe","international documentary festival amsterdam","01.11.16"
NA,"amsterdam","Netherlands","idfnew1890",11,2017,15,"fest.lib.id874","Europe","international documentary festival amsterdam","01.11.17"
NA,"amsterdam","Netherlands","idfnew356",11,2012,14,"fest.lib.id874","Europe","international documentary festival amsterdam","01.11.12"
NA,"amsterdam","Netherlands","tffnew1199",11,2014,19,"fest.lib.id874","Europe","international documentary festival amsterdam","01.11.14"
NA,"amsterdam","Netherlands","tffnew1199",5,2016,5,"imdbady01992","Europe","cracking the frame","01.05.16"
"official selection","amsterdam","Netherlands","tffnew2042",11,2016,16,"fest.lib.id874","Europe","international documentary festival amsterdam","01.11.16"
NA,"amsterdam","Netherlands","1031",3,2014,NA,"fest.lib.id1510","Europe","roze filmdagen amsterdam gay lesbian film festival","01.03.14"
NA,"amsterdam","Netherlands","idfnew1252",11,2015,18,"fest.lib.id874","Europe","international documentary festival amsterdam","01.11.15"
NA,"amsterdam","Netherlands","idfnew1285",11,2015,18,"fest.lib.id874","Europe","international documentary festival amsterdam","01.11.15"
NA,"amsterdam","Netherlands","idfnew1378",11,2016,16,"fest.lib.id874","Europe","international documentary festival amsterdam","01.11.16"
NA,"amsterdam","Netherlands","tffnew2042",11,2016,16,"fest.lib.id874","Europe","international documentary festival amsterdam","01.11.16"
NA,"amsterdam","Netherlands","tffnew561",11,2012,14,"fest.lib.id874","Europe","international documentary festival amsterdam","01.11.12"
NA,"angers","France","45",1,2013,20,"fest.lib.id1411","Europe","premiers plans angers festival",NA
NA,"angers","France","tffnew2054",1,2017,20,"fest.lib.id1411","Europe","premiers plans angers festival","01.01.17"
NA,"anibar","Kosovo","879",7,2013,20,"fest.lib.id6738","Europe","anibar international animation festival",NA
NA,"ankara","Turkey","507",1,2014,16,"fest.lib.id8662","Asia","kuirfest pembe hayat/pink life queer fest",NA
NA,"ankara","Turkey","663",1,2014,NA,"fest.lib.id8662","Asia","kuirfest pembe hayat/pink life queer fest",NA
NA,"ankara","Turkey","I1704092",12,2017,1,"imdbady00664","Asia","festival on wheels","01.12.17"
NA,"ankara","Turkey","idfnew1285",11,2015,26,"fest.lib.id627","Asia","filmmor womens ff","01.11.15"
"-99","ankara ","Turkey","I1605334",11,2016,NA,"fest.lib.id.survey.na111","Europe","cinelatino rencontres de toulouse","01.11.16"
NA,"ann arbor","United States","663",3,2015,NA,"fest.lib.id14","North America","aaff ann arbor film festival",NA
"KODAK CINEMATIC VISION AWARD","ann arbor","United States","f8093",3,2018,NA,"fest.lib.id14","North America","aaff ann arbor film festival","01.03.18"
NA,"annecy","France","416",6,2012,4,"fest.lib.id117","Europe","annecy international animation film festival",NA
NA,"annecy","France","879",6,2013,20,"fest.lib.id117","Europe","annecy international animation film festival",NA
"Premio d'interpretazione femminile (Miriam Karlkvist) [translated: Best Actress (Miriam Karlkvist)]","annecy","France","1007",6,2014,20,"fest.lib.id.na15","Europe","annecy cinema italien",NA
"-99","annecy","France","I1503509",6,2014,NA,"fest.lib.id117","Europe","annecy international animation film festival","01.06.14"
NA,"annecy","France","frnew717",6,2015,15,"fest.lib.id117","Europe","annecy international animation film festival","01.06.15"
"Zébu d'or documentaire","antananarivo","Madagascar","I1605397",3,NA,NA,"fest.lib.id1479","Sub Saharan Africa","rencontres du film court de madagascar",NA
"-99","antarctica","Antarctica","f16383",7,2012,NA,"fest.lib.id.survey.na33",NA,"antarctic short, documentary and animation film festival","01.07.12"
NA,"antofagasta","Chile","tffnew1199",11,2015,10,"fest.lib.id.survey.na34","Latin America and Caribbean","antofadocs","01.11.15"
NA,"antwerp","Belgium","1184",3,2014,NA,"fest.lib.id499","Europe","european youth film festival",NA
NA,"argгёles sur mer","France","1488",5,2013,20,"fest.lib.id.survey.na307","Europe","festival les rencontres cinemaginaire d'argeles sur mer",NA
"chile premiere","arica","Chile","idfnew1499",11,2017,4,"imdbady02055","Latin America and Caribbean","arica nativa","01.11.17"
NA,"arlington","United States","123",10,2015,20,"fest.lib.id129","North America","arlington international film festival",NA
NA,"arnhem","Netherlands","1335",8,2013,25,"fest.lib.id.na377","Europe","pluk de nacht open air film festival  ",NA
NA,"asheville","United States","frnew382",10,2012,11,"imdbady00104","North America","asheville qfest","01.10.12"
NA,"asolo","Italy","tffnew473",8,2010,27,"imdbady01859","Europe","asolo art film festival","01.08.10"
"WINNER Best Student Short","aspen","United States","123",4,2013,20,"fest.lib.id148","North America","aspen shortsfest",NA
NA,"assen","Netherlands","998",3,2014,NA,"fest.lib.id.survey.na399","Europe","international film festival assen",NA
"best shortfilm gay","asunción","Paraguay","frnew754",7,2015,6,"fest.lib.id1366","Latin America and Caribbean","festival lesbigaytrans in asuncion","01.07.15"
NA,"asunción","Paraguay","frnew754",7,2016,11,"fest.lib.id1366","Latin America and Caribbean","festival lesbigaytrans in asuncion","01.07.16"
NA,"athen","Greece","879",3,2015,20,"fest.lib.id8135","Europe","athens animfest",NA
NA,"athens","Greece","45",3,2013,20,"fest.lib.id8135","Europe","athens animfest",NA
"3rd Prize","athens","Greece","416",3,2013,7,"fest.lib.id8135","Europe","athens animfest",NA
NA,"athens","United States","507",9,2012,14,"fest.lib.id152","Europe","athens international film + video festival",NA
NA,"athens","Greece","507",5,2014,15,"fest.lib.id1351","Europe","outview queer film festival",NA
"Award: 3rd place","athens","Greece","f7893",9,NA,NA,"fest.lib.id.survey.na41","Europe","athens international film festival",NA
"-99","athens","Greece","f8093",4,2018,NA,"fest.lib.id152","Europe","athens international film + video festival","01.04.18"
"-99","athens","Greece","f9051",3,2011,NA,"fest.lib.id8135","Europe","athens animfest","01.03.11"
"-99","athens","Greece","I1701298",3,2017,NA,"fest.lib.id8135","Europe","athens animfest","01.03.17"
NA,"athens","Greece","frnew382",5,2012,NA,"fest.lib.id1351","Europe","outview queer film festival","01.05.12"
NA,"athens","Greece","frnew700",5,2015,7,"fest.lib.id1351","Europe","outview queer film festival","01.05.15"
NA,"athens","Greece","frnew754",5,2014,15,"fest.lib.id1351","Europe","outview queer film festival","01.05.14"
NA,"athens","Greece","frnew823",5,2015,7,"fest.lib.id1351","Europe","outview queer film festival","01.05.15"
NA,"athens","Greece","tffnew473",12,2010,11,"fest.lib.id.survey.na507","Europe","olympia international film festival","01.12.10"
NA,"athens","United States","768",9,2014,NA,"fest.lib.id152","Europe","athens international film + video festival","01.09.14"
NA,"athens, ohio","United States","496",9,2013,20,"fest.lib.id.survey.na41","Europe","athens international film festival",NA
"1st Prize Short Documentary Category","athens, ohio","United States","663",4,2013,NA,"fest.lib.id152","Europe","athens international film + video festival",NA
NA,"athens, ohio","United States","761",4,2014,NA,"fest.lib.id152","Europe","athens international film + video festival",NA
NA,"athens, ohio","United States","998",4,2014,NA,"fest.lib.id152","Europe","athens international film + video festival",NA
NA,"athens, ohio","United States","1658",9,2014,20,"fest.lib.id152","Europe","athens international film + video festival",NA
NA,"atlanta","United States","frnew700",10,2015,1,"imdbady00119","North America","atlanta gay and lesbian film festival","01.10.15"
NA,"atlanta","United States","frnew700",5,2019,NA,"imdbady01952","North America","outlantacon short film festival","01.05.19"
NA,"atlanta","United States","frnew754",10,2015,1,"imdbady00119","North America","atlanta gay and lesbian film festival","01.10.15"
NA,"atlanta","United States","tffnew2042",1,2017,24,"imdbady00120","North America","atlanta jewish film festival","01.01.17"
NA,"atlanta","United States","768",3,2014,NA,"fest.lib.id.na26","North America","atlanta film festival","01.03.14"
NA,"atlanta","United States","tffnew2042",1,2017,24,"imdbady00120","North America","atlanta jewish film festival","01.01.17"
NA,"auckland","New Zealand","507",5,2013,31,"fest.lib.id.survey.na496","Oceania","new zealand's 'out takes' reel queer film festival",NA
"Finalist","auckland","New Zealand","507",11,2013,20,"fest.lib.id7494","Oceania","show me shorts film festival",NA
NA,"auckland","New Zealand","1031",5,2013,NA,"fest.lib.id.survey.na496","Oceania","new zealand's 'out takes' reel queer film festival","01.05.13"
"Best Student Narrative Short","austin","United States","507",10,2012,19,"fest.lib.id162","North America","austin film festival",NA
NA,"austin","United States","507",3,2013,11,"fest.lib.id3202","North America","rxsm the self-medicated film expo",NA
"Honorable Mention","austin","United States","507",10,2013,19,"fest.lib.id.na380","North America","polari film festival",NA
NA,"austin","United States","frnew383",10,2012,3,"fest.lib.id.na380","North America","polari film festival","01.10.12"
NA,"austin","United States","frnew700",9,2016,8,"fest.lib.id.na380","North America","polari film festival","01.09.16"
NA,"austin","United States","frnew717",9,2015,10,"fest.lib.id.na380","North America","polari film festival","01.09.15"
NA,"austin","United States","frnew754",12,2015,12,"imdbady01784","North America","big as texas short film festival","01.12.15"
"nominee, best narrative feature","austin","United States","frnew823",9,2015,10,"fest.lib.id.na380","North America","polari film festival","01.09.15"
"texas premiere","austin","United States","frnew962",9,2016,8,"fest.lib.id.na380","North America","polari film festival","01.09.16"
NA,"austin, texas","United States","1051",3,NA,NA,"fest.lib.id1662","North America","sxsw film festival",NA
NA,"austin, texas","United States","1335",9,2013,19,"fest.lib.id511","North America","fantastic film fest austin",NA
"-99","australia","Australia","f7851",8,2016,NA,"fest.lib.id4680","Oceania","melbourne iff","01.08.16"
"-99","australia","Australia","f8222",8,2016,NA,"fest.lib.id4680","Oceania","melbourne iff","01.08.16"
"-99","australia","Austria","f8222",11,2016,NA,"fest.lib.id.survey.na82","Oceania","breath of fresh air film festival","01.11.16"
"Still Water Run Deep Award","australia","Australia","I1503509",10,2015,22,"imdbady00485","Oceania","dungog film festival","01.10.15"
"-99","austria","Austria","f17515",10,2015,NA,"fest.lib.id1818","Europe","viennale vienna international film festival","01.10.15"
"-99","austria","Austria","f7851",4,2016,NA,"imdbady00414","Europe","crossing europe film festival","01.04.16"
"-99","austria","Austria","f8147",3,2017,NA,"fest.lib.id424","Europe","diagonale festival des oesterreichischen films","01.03.17"
NA,"bad wörishofen","Germany","frnew382",11,2012,10,"imdbady01955","Europe","gsc filmfest im allgäu","01.11.12"
NA,"plasencia","Spain","frnew754",11,2015,7,"imdbady00544","Europe","fancinegay festival de cine gay y lésbico de extremadura","01.11.15"
NA,"badalona","Spain","45",11,2013,20,"fest.lib.id623","Europe","filmets badalona film festival",NA
NA,"badalona","Spain","416",11,2013,8,"fest.lib.id623","Europe","filmets badalona film festival",NA
NA,"badalona","Spain","1520",11,NA,NA,"fest.lib.id623","Europe","filmets badalona film festival",NA
"-99","badalona","Spain","I1600833",10,2016,NA,"fest.lib.id623","Europe","filmets badalona film festival","01.10.16"
NA,"bagnгёres-de-bigorre","France","1488",5,2013,20,"fest.lib.id.survey.na570","Europe","rencontres lyceennes de video de bagneres de bigorre",NA
NA,"baillargues","France","1641",4,2013,24,"fest.lib.id.survey.na297","Europe","festival international du film d'animation de baillargues",NA
NA,"balchick","Bulgaria","507",6,2012,2,"fest.lib.id843","Europe","in the palace  international short film festival",NA
"Best Bulgarian Short Film","balchik/varna/sofia","Bulgaria","I1503978",12,2015,NA,"fest.lib.id843","Europe","in the palace  international short film festival","01.12.15"
NA,"baltimore","United States","87",NA,NA,NA,"fest.lib.id.survey.na48","North America","baltimore film festival",NA
NA,"baltimore","United States","507",5,2013,10,"fest.lib.id7526","North America","maryland film festival",NA
NA,"bamberg","Germany","45",1,2013,20,"fest.lib.id1936","Europe","bamberger kurzfilmtage",NA
NA,"bamberg","Germany","93",1,2014,20,"fest.lib.id1936","Europe","bamberger kurzfilmtage",NA
NA,"bangalore","India","507",1,2014,22,"fest.lib.id.survey.na627","Asia","t.k.r.a. aquariuss photo and short film festival",NA
NA,"bangalore","India","1162",6,2012,20,"fest.lib.id.survey.na51","Asia","bangalore shorts film festival",NA
NA,"bangalore","India","1162",NA,2013,20,"fest.lib.id.survey.na593","Asia","short busters",NA
NA,"bangalore","India","1335",3,2014,21,"fest.lib.id.survey.na493","Europe","my french film festival",NA
NA,"bangalore","India","1335",12,2014,25,"fest.lib.id3125","Asia","bengaluru international film festival",NA
NA,"bangalore","India","frnew754",2,2015,27,"fest.lib.id182","Asia","bangalore queer film festival","01.02.15"
NA,"bangalore","India","idfnew1252",10,2016,NA,"imdbady02258","Asia","jehlum short & long film festival","01.10.16"
NA,"bangkok","Thailand","761",5,2014,NA,"fest.lib.id.na38","Asia","bangkok international student film festival",NA
NA,"bangkok","Thailand","1520",9,NA,NA,"fest.lib.id3929","Asia","thai film festival",NA
"-99","bangkok","Thailand","f17391",10,NA,NA,"imdbady00150","Asia","bangkok world film festival",NA
"Audience Award ","banja luka","Bosnia & Herzegovina","416",10,2012,23,"fest.lib.id884","Europe","banjaluka international animation film festival",NA
NA,"banja luka","Bosnia & Herzegovina","1051",10,NA,NA,"fest.lib.id884","Europe","banjaluka international animation film festival",NA
NA,"banja luka","Bosnia & Herzegovina","1641",6,2012,23,"imdbady01865","Europe","neum animated film festival",NA
NA,"banja luka","Bosnia & Herzegovina","tffnew473",10,2010,22,"fest.lib.id884","Europe","banjaluka international animation film festival","01.10.10"
NA,"barcelona","Spain","16",7,2015,2,"fest.lib.id636","Europe","fire!! mostra internacional de cinema gay i lesbia de barcelona",NA
NA,"barcelona","Spain","45",5,2013,20,"fest.lib.id7291","Europe","human rights film festival of barcelona / nyc / paris",NA
NA,"barcelona","Spain","205",3,2014,20,"fest.lib.id1124","Europe","mecal barcelona international short and animation film festival",NA
NA,"barcelona","Spain","416",3,2013,4,"fest.lib.id1124","Europe","mecal barcelona international short and animation film festival",NA
NA,"barcelona","Spain","507",5,2013,20,"fest.lib.id7291","Europe","human rights film festival of barcelona / nyc / paris",NA
"Special Mention","barcelona","Spain","663",11,2012,11,"fest.lib.id1017","Europe","barcelona independent film festival l'alternativa",NA
NA,"barcelona","Spain","879",3,2014,20,"fest.lib.id1124","Europe","mecal barcelona international short and animation film festival",NA
"Best Film Award (Grand Prize)","barcelona","Spain","1051",5,2013,20,"fest.lib.id445","Europe","docsbarcelona",NA
NA,"barcelona","Spain","1184",11,2013,11,"fest.lib.id484","Europe","el meu primer festival",NA
NA,"barcelona","Spain","1184",5,2014,NA,"fest.lib.id.survey.na20","Europe","andorra kids film festival",NA
NA,"barcelona","Spain","1335",4,2014,25,"fest.lib.id398","Europe","festival de cine del autor barcelona",NA
NA,"barcelona","Spain","1520",5,2013,20,"fest.lib.id.survey.na143","Europe","curt ficcions ",NA
NA,"barcelona","Spain","1520",3,NA,NA,"fest.lib.id1124","Europe","mecal barcelona international short and animation film festival",NA
"-99","barcelona","Spain","I1505412",3,2016,NA,"fest.lib.id1124","Europe","mecal barcelona international short and animation film festival","01.03.16"
"castell award","barcelona","Spain","frnew597",6,2014,17,"fest.lib.id184","Europe","barcelona international gay & lesbian film festival","01.06.14"
NA,"barcelona","Spain","frnew717",10,2016,14,"fest.lib.id184","Europe","barcelona international gay & lesbian film festival","01.10.16"
NA,"barcelona","Spain","frnew754",10,2014,17,"fest.lib.id184","Europe","barcelona international gay & lesbian film festival","01.10.14"
"spanish premiere","barcelona","Spain","idfnew1499",5,2017,18,"fest.lib.id445","Europe","docsbarcelona","01.05.17"
NA,"barcelona","Spain","tffnew473",4,2010,NA,"fest.lib.id1124","Europe","mecal barcelona international short and animation film festival","01.04.10"
NA,"barcelona","Spain","tffnew473",11,2010,5,"fest.lib.id623","Europe","filmets badalona film festival","01.11.10"
NA,"barcelona","Spain","768",3,2013,NA,"fest.lib.id1124","Europe","mecal barcelona international short and animation film festival","01.03.13"
NA,"barcelona","Spain","768",5,2013,NA,"fest.lib.id.survey.na54","Europe","barcelona visual sound","01.05.13"
NA,"barcelona","Spain","tffnew2054",4,2017,27,"fest.lib.id.na110","Europe","d'a film festival","01.04.17"
NA,"barcelos","Portugal","tffnew473",9,2010,23,"imdbady01875","Europe","art&tur - international tourism film festival","01.09.10"
NA,"bari","Italy","1007",5,2014,20,"fest.lib.id215","Europe","bifest - bari international film festival",NA
NA,"basel","Switzerland","frnew382",9,2013,19,"imdbady01957","Europe","luststreifen basel queer festival","01.09.13"
"Grand Prix for Best Documentary","batumi","Georgia","1051",9,2013,20,"fest.lib.id211","Asia","batumi international art film festival",NA
"Best music Award","batumi","Georgia","1537",NA,NA,NA,"fest.lib.id9773","Asia","international festival of animated films tofuzi",NA
NA,"batumi","Georgia","idfnew1252",9,2016,18,"fest.lib.id211","Asia","batumi international art film festival","01.09.16"
"best film director","batumi","Georgia","tffnew2054",9,2016,18,"fest.lib.id211","Asia","batumi international art film festival","01.09.16"
NA,"bayside","Australia","idfnew356",8,2013,NA,"imdbady01973","Oceania","bayside film festival","01.08.13"
NA,"beauvais","France","879",4,2015,20,"fest.lib.id.survey.na206","Europe","european beauvais film festival",NA
NA,"beijing","China","46",4,2014,NA,"fest.lib.id224","Asia","beijing international film festival",NA
NA,"beijing","China","761",11,2014,11,"fest.lib.id.survey.na58","Asia","beijing first short film festival",NA
NA,"beijing","China","1658",4,2013,20,"fest.lib.id224","Asia","beijing international film festival",NA
"-99","beijing","China","I1701298",11,2017,NA,"fest.lib.id.survey.na58","Asia","beijing first short film festival","01.11.17"
NA,"beijing","China","tffnew473",10,2009,28,"imdbady01869","Asia","aniwow!","01.10.09"
"special jury mention","beirut","Lebanon","idfnew1499",3,2018,13,"imdbady02056","MENA","beirut international women film festival","01.03.18"
NA,"beirut","Lebanon","tffnew2054",5,2018,23,"fest.lib.id7560","Europe","docudays","01.05.18"
"-99","belarus","Belarus","f17515",11,2015,NA,"fest.lib.id1046","Europe","listapad minsk international film festival","01.11.15"
"-99","belgium","Belgium","f17515",4,2015,NA,"imdbady00467","Europe","docville","01.04.15"
NA,"belgium","Belgium","idfnew1378",10,2017,19,"imdbady00598","Europe","festival des libertés de bruxellex","01.10.17"
NA,"belgrad","Serbia","416",10,2012,2,"fest.lib.id9338","Europe","balkanima festival",NA
NA,"belgrad",NA,"334",10,2013,NA,"fest.lib.id.survey.na154",NA,"deutsche filmwoche vom goethe institut","01.10.13"
NA,"belgrade","Serbia","879",10,2013,20,"fest.lib.id9338","Europe","balkanima festival",NA
"-99","belgrade","Serbia","f9051",10,2011,NA,"fest.lib.id9338","Europe","balkanima festival","01.10.11"
NA,"belgrade","Serbia","frnew382",12,NA,NA,"fest.lib.id1139","Europe","merlinka",NA
NA,"belgrade","Serbia","frnew700",12,2014,11,"fest.lib.id1139","Europe","merlinka","01.12.14"
NA,"belgrade","Serbia","tffnew473",10,2010,5,"fest.lib.id9338","Europe","balkanima festival","01.10.10"
NA,"belgrade","Serbia","idfnew1378",11,2016,10,"fest.lib.id670","Europe","free zone festival belgrade","01.11.16"
NA,"belgrade","Serbia","tffnew2054",11,2016,10,"fest.lib.id670","Europe","free zone festival belgrade","2016"
NA,"belleville","Canada","45",2,2014,20,"fest.lib.id3402","North America","belleville downtown docfest",NA
NA,"belo horizonte","Brazil","45",8,2012,20,"fest.lib.id195","Latin America and Caribbean","belo horizonte film festival",NA
NA,"belo horizonte","Brazil","416",10,2012,18,"fest.lib.id.survey.na470","Latin America and Caribbean","mostra cinebh international film festival",NA
NA,"belo horizonte","Brazil","416",8,2013,20,"fest.lib.id195","Latin America and Caribbean","belo horizonte film festival",NA
NA,"belo horizonte","Brazil","1335",9,2013,6,"fest.lib.id.survey.na388","Latin America and Caribbean","indiefilmfest belohorizonte",NA
NA,"belo horizonte","Brazil","1641",11,2012,5,"fest.lib.id.na323","Latin America and Caribbean","mumia bolivia animation film festival",NA
NA,"belo horizonte","Brazil","frnew482",9,2014,19,"fest.lib.id195","Latin America and Caribbean","belo horizonte film festival","01.09.14"
"-99","belo horizonte ","Brazil","I1605334",10,2016,NA,"fest.lib.id195","Latin America and Caribbean","belo horizonte film festival","01.10.16"
NA,"beloit","United States","123",2,2013,20,"fest.lib.id7894","North America","beloit international film festival",NA
NA,"beloit","United States","frnew823",2,2015,20,"fest.lib.id7894","North America","beloit international film festival","01.02.15"
NA,"bengaluru","India","frnew962",5,2017,27,"imdbady01915","Asia","queer arts movement and canadian high commission screening","01.05.17"
NA,"bengaluru","India","tffnew2054",2,2017,2,"fest.lib.id3125","Asia","bengaluru international film festival","01.02.17"
NA,"bergen","Norway","763",9,2016,20,"fest.lib.id.na43","Europe","nafa film festival bergen",NA
"Grand Prize (Checkpoints Competition)","bergen","Norway","1051",9,2013,20,"fest.lib.id6578","North America","bergen international film festival",NA
"best short film","bergen","Norway","I1704092",9,2016,20,"fest.lib.id6578","North America","bergen international film festival","01.09.16"
NA,"bergen","Norway","frnew482",6,2019,1,"imdbady01928","Europe","bergen pride","01.06.19"
NA,"bergen","Norway","idfnew1285",9,2016,21,"imdbady02343","Europe","nafa anthropological film festival","01.09.16"
NA,"bergen","Norway","idfnew1378",9,2016,20,"fest.lib.id.na.ch43","Europe","bergen international film festival","01.09.16"
"TEDDY Award Finalist","berlin","Germany","16",2,NA,NA,"fest.lib.id1888","Europe","berlin international film festival",NA
NA,"berlin","Germany","45",11,2012,20,"fest.lib.id1897","Europe","kuki - the 5th international short film festival for children and youth",NA
NA,"berlin","Germany","45",2,2013,20,"fest.lib.id1888","Europe","berlin international film festival",NA
NA,"berlin","Germany","93",2,2013,20,"fest.lib.id1888","Europe","berlin international film festival",NA
NA,"berlin","Germany","278",2,2013,7,"fest.lib.id1888","Europe","berlin international film festival",NA
NA,"berlin","Germany","496",2,2013,20,"fest.lib.id1888","Europe","berlin international film festival",NA
NA,"berlin","Germany","507",11,2012,14,"fest.lib.id1897","Europe","kuki - the 5th international short film festival for children and youth",NA
"Best International Short Film","berlin","Germany","507",5,2014,29,"fest.lib.id1984","Europe","xposed international queer film festival",NA
NA,"berlin","Germany","663",8,2012,NA,"fest.lib.id1942","Europe","entzaubert international queer d.i.y. film festival",NA
NA,"berlin","Germany","663",2,2013,NA,"fest.lib.id1888","Europe","berlin international film festival",NA
NA,"berlin","Germany","729",2,2013,20,"fest.lib.id1888","Europe","berlin international film festival",NA
NA,"berlin","Germany","761",2,2013,NA,"fest.lib.id1888","Europe","berlin international film festival",NA
NA,"berlin","Germany","879",11,2013,20,"fest.lib.id1897","Europe","kuki - the 5th international short film festival for children and youth",NA
NA,"berlin","Germany","1007",2,2014,20,"fest.lib.id1888","Europe","berlin international film festival",NA
"Panorama Audience Award, Prize of the Ecumenical Jury","berlin","Germany","1051",2,2013,20,"fest.lib.id1888","Europe","berlin international film festival",NA
NA,"berlin","Germany","1184",2,2013,7,"fest.lib.id1888","Europe","berlin international film festival",NA
"Alfred Bauer Preis/Ours dвЂ™argent","berlin","Germany","1335",2,2013,7,"fest.lib.id1888","Europe","berlin international film festival",NA
"Special Mention","berlin","Germany","1537",11,NA,NA,"fest.lib.id1897","Europe","kuki - the 5th international short film festival for children and youth",NA
"DAAD Short Film Award","berlin","Germany","1225",2,2011,NA,"fest.lib.id1888","Europe","berlin international film festival","01.02.11"
"2","berlin","Germany","f16383",2,2011,NA,"fest.lib.id1888","Europe","berlin international film festival","01.02.11"
"-99","berlin","Germany","f17027",2,2012,NA,"fest.lib.id1888","Europe","berlin international film festival","01.02.12"
"Special Mention","berlin","Germany","f17281",2,2014,NA,"fest.lib.id1888","Europe","berlin international film festival","01.02.14"
"","berlin","Germany","f17391",2,2015,NA,"fest.lib.id1888","Europe","berlin international film festival","01.02.15"
"Teddy Award Best Documentary","berlin","Germany","f17466",2,2015,NA,"fest.lib.id1888","Europe","berlin international film festival","01.02.15"
"Generation Kplus-Crystal Bear Award","berlin","Germany","f17496",1,2015,22,"fest.lib.id1888","Europe","berlin international film festival","01.01.15"
"-99","berlin","Germany","f7747",2,2016,NA,"fest.lib.id1888","Europe","berlin international film festival","01.02.16"
"-99","berlin","Germany","f7950",2,2016,NA,"fest.lib.id1888","Europe","berlin international film festival","01.02.16"
"-99","berlin","Germany","f7963",2,2016,11,"fest.lib.id1888","Europe","berlin international film festival","01.02.16"
"-99","berlin","Germany","f8093",2,2017,NA,"fest.lib.id1888","Europe","berlin international film festival","01.02.17"
"","berlin","Germany","f8093",5,2018,NA,"imdbady02358","Europe","visionar film festival","01.05.18"
"-99","berlin","Germany","f8166",2,2017,NA,"fest.lib.id1888","Europe","berlin international film festival","01.02.17"
"-99","berlin","Germany","f8183",2,2017,12,"fest.lib.id1888","Europe","berlin international film festival","01.02.17"
"-99","berlin","Germany","f8225",2,2017,NA,"fest.lib.id1888","Europe","berlin international film festival","01.02.17"
"-","berlin","Germany","f8278",2,2017,NA,"fest.lib.id1888","Europe","berlin international film festival","01.02.17"
"-99","berlin","Germany","f8308",2,2017,NA,"fest.lib.id1888","Europe","berlin international film festival","01.02.17"
"-99","berlin","Germany","f8309",10,2017,NA,"fest.lib.id1888","Europe","berlin international film festival","01.10.17"
"-99","berlin","Germany","f8340",2,2017,NA,"fest.lib.id1888","Europe","berlin international film festival","01.02.17"
NA,"berlin","Germany","frnew382",6,2012,20,"fest.lib.id1984","Europe","xposed international queer film festival","01.06.12"
NA,"berlin","Germany","frnew597",11,2016,9,"imdbady00108","Europe","asian film festival berlin","01.11.16"
NA,"berlin","Germany","frnew754",10,NA,NA,"imdbady01788","Europe","berlin underground film festival",NA
NA,"berlin","Germany","frnew860",10,2016,26,"imdbady00173","Europe","berlin porn film festival","01.10.16"
"german premiere","berlin","Germany","idfnew1499",4,2017,19,"imdbady00016","Europe","achtung berlin","01.04.17"
NA,"berlin","Germany","tffnew473",11,2010,16,"fest.lib.id.ch1897","Europe","interfilm international short film festival berlin","01.11.10"
NA,"berlin","Germany","frnew730",2,2015,5,"fest.lib.id1888","Europe","berlin international film festival","01.02.15"
NA,"berlin","Germany","334",2,2013,NA,"fest.lib.id1888","Europe","berlin international film festival","01.02.13"
NA,"berlin","Germany","460",2,2013,NA,"fest.lib.id1888","Europe","berlin international film festival","01.02.13"
NA,"berlin","Germany","768",2,2013,NA,"fest.lib.id1888","Europe","berlin international film festival","01.02.13"
NA,"berlin","Germany","idfnew1285",10,2015,12,"fest.lib.id.survey.na434","Europe","lakino latin american film festival berlin","01.10.15"
NA,"berlin","Germany","tffnew561",2,2013,7,"fest.lib.id1888","Europe","berlin international film festival","01.02.13"
"-99","berlin","Germany","f16866",2,2013,NA,"fest.lib.id1888","Europe","berlin international film festival","01.02.13"
"-99","berlin","Germany","f8327",2,2017,NA,"fest.lib.id1888","Europe","berlin international film festival","01.02.17"
NA,"bern","Switzerland","123",11,2013,20,"fest.lib.id1447","Europe","queersicht film festival",NA
NA,"bern","Switzerland","frnew382",11,2012,8,"fest.lib.id1447","Europe","queersicht film festival","01.11.12"
NA,"bern","Switzerland","frnew482",11,2014,6,"fest.lib.id1447","Europe","queersicht film festival","01.11.14"
"switzerland premiere","bern","Switzerland","frnew962",11,2016,3,"fest.lib.id1447","Europe","queersicht film festival","01.11.16"
NA,"bern","Switzerland","idfnew1890",11,2018,NA,"imdbady01998","Europe","ethnokino bern","01.11.18"
"-99","berwick-upon-tweed","United Kingdom","f8093",9,2017,NA,"imdbady00176","Europe","berwick film & media arts festival","01.09.17"
NA,"bethlehem","United States","tffnew561",6,2013,11,"fest.lib.id5699","North America","southside film festival","01.06.13"
"Special Festival Mention - Jury","bhopal","India","278",2,2013,16,"fest.lib.id.survey.na60","Asia","bhopal international film festival",NA
NA,"biarritz","France","idfnew1285",9,2015,28,"fest.lib.id.na47","Europe","festival de biarritz - cinema et cultures d'amerique latine","01.09.15"
NA,"biarritz","France","idfnew1378",1,2017,24,"fest.lib.id.na46","Europe","biarritz international festival of audiovisual programming","01.01.17"
NA,"biberach an der riss","Germany","763",10,2015,20,"fest.lib.id.na49","Europe","biberacher filmtage",NA
NA,"bielefeld","Germany","frnew382",6,2013,NA,"imdbady01954","Europe","bielefelder schwule filmtage","01.06.13"
"Best directors & actresse","bielorussia","Belarus","f7851",11,2016,NA,"fest.lib.id1046","Europe","listapad minsk international film festival","01.11.16"
NA,"big sur","United States","507",7,2012,18,"fest.lib.id220","North America","big sur international short film screening series",NA
NA,"big sur","United States","frnew482",8,2014,NA,"fest.lib.id220","North America","big sur international short film screening series","01.08.14"
NA,"big sur","United States","tffnew473",6,2010,10,"fest.lib.id220","North America","big sur international short film screening series","01.06.10"
"Human Rights and Diversity Award Special Mention","bilbao","Spain","16",1,2014,20,"fest.lib.id1882","Europe","zinegoak",NA
NA,"bilbao","Spain","45",11,2012,20,"fest.lib.id222","Europe","bilbao international festival of documentary and short films",NA
NA,"bilbao","Spain","416",11,2012,16,"fest.lib.id222","Europe","bilbao international festival of documentary and short films",NA
NA,"bilbao","Spain","440",1,2014,20,"fest.lib.id1882","Europe","zinegoak",NA
NA,"bilbao","Spain","507",1,2014,20,"fest.lib.id8662","Asia","kuirfest pembe hayat/pink life queer fest",NA
NA,"bilbao","Spain","frnew382",1,2013,31,"fest.lib.id1882","Europe","zinegoak","01.01.13"
NA,"bilbao","Spain","frnew482",1,2015,26,"fest.lib.id1882","Europe","zinegoak","01.01.15"
NA,"bilbao","Spain","frnew597",1,2015,26,"fest.lib.id1882","Europe","zinegoak","01.01.15"
NA,"bilbao","Spain","768",NA,2013,NA,"fest.lib.id7933","Europe","caostica",NA
NA,"bilbao","Spain","tffnew2054",11,2016,18,"fest.lib.id222","Europe","bilbao international festival of documentary and short films","01.11.16"
NA,"birmingham","United States","469",8,2012,NA,"fest.lib.id.survey.na69","North America","birmingham sidewalk film festival",NA
NA,"birmingham","United Kingdom","879",3,2013,20,"fest.lib.id645","Europe","flatpack film festival",NA
NA,"birmingham","United Kingdom","1335",3,2014,20,"fest.lib.id645","Europe","flatpack film festival",NA
NA,"birmingham","United Kingdom","1641",3,2013,21,"fest.lib.id645","Europe","flatpack film festival",NA
"closing night film / uk premiere","birmingham","United Kingdom","frnew962",9,2016,15,"imdbady01902","Europe","screening rights film festival","01.09.16"
NA,"bitola","North Macedonia","idfnew1277",9,2016,10,"fest.lib.id1106","Europe","manaki brothers international cinematographers film festival","01.09.16"
NA,"bloomington","United States","frnew754",1,2015,29,"imdbady00200","North America","bloomington pride film festival","01.01.15"
NA,"boa vista","Brazil","1184",9,2013,NA,"fest.lib.id.survey.na14","Latin America and Caribbean","aimage",NA
NA,"boca raton","United States","tffnew2042",3,2017,19,"imdbady02005","North America","boca raton jewish film festival","01.03.17"
NA,"boca raton","United States","tffnew2042",3,2017,19,"imdbady02005","North America","boca raton jewish film festival","01.03.17"
"-99","bochum","Germany","f8093",11,2017,NA,"imdbady00196","Europe","blicke filmfestival des ruhrgebietes","01.11.17"
NA,"bogota","Colombia","123",12,2013,20,"fest.lib.id231","Latin America and Caribbean","bogota short film festival",NA
"-99","bogota","Colombia","f17466",7,2015,NA,"imdbady00885","Latin America and Caribbean","indiebo film festival","01.07.15"
NA,"bogota","Colombia","idfnew1285",9,2016,2,"imdbady02345","Latin America and Caribbean","festival equinoxio","01.09.16"
NA,"bogota","Colombia","205",NA,2014,20,"fest.lib.id.survey.na70","Latin America and Caribbean","bogota queer film festival",NA
NA,"bogota","Colombia","729",6,2013,20,"fest.lib.id.na128","Latin America and Caribbean","el espejo film festival",NA
NA,"bogota","Colombia","1051",8,NA,NA,"fest.lib.id.survey.na56","Latin America and Caribbean","beeld voor beeld",NA
NA,"bogota","Colombia","1537",12,NA,NA,"fest.lib.id231","Latin America and Caribbean","bogota short film festival",NA
NA,"bologna","Italy","16",10,2013,26,"fest.lib.id704","Europe","gender bender festival bologna",NA
NA,"bologna","Italy","93",5,2014,20,"fest.lib.id807","Europe","human rights nights film festival",NA
NA,"bologna","Italy","416",4,2013,12,"fest.lib.id.na212","Europe","future film festival",NA
NA,"bologna","Italy","763",5,2015,20,"fest.lib.id807","Europe","human rights nights film festival",NA
"Grand Prize","bologna","Italy","1051",6,2013,20,"fest.lib.id.na50","Europe","biografilm festival",NA
NA,"bologna","Italy","frnew482",10,2014,25,"fest.lib.id704","Europe","gender bender festival bologna","01.10.14"
NA,"bordeaux","France","87",10,NA,NA,"fest.lib.id3088","Europe","bordeaux independent international film festival",NA
NA,"bordeaux","France","frnew382",4,2014,5,"imdbady01953","Europe","cinémarges","01.04.14"
"-99","bosnia","Bosnia & Herzegovina","f17200",8,2014,NA,"fest.lib.id1543","Europe","sarajevo film festival","01.08.14"
"-99","bosnia","Bosnia & Herzegovina","f17515",8,2015,NA,"fest.lib.id1543","Europe","sarajevo film festival","01.08.15"
"-99","bosnia","Bosnia & Herzegovina","f9110",8,2012,NA,"fest.lib.id1543","Europe","sarajevo film festival","01.08.12"
NA,"boston","United States","16",5,2013,7,"fest.lib.id8618","North America","wicked queer boston film festival",NA
NA,"boston","United States","123",NA,2013,20,"fest.lib.id7865","North America","boston latino international film festival",NA
NA,"boston","United States","832",5,2013,20,"fest.lib.id238","North America","boston lgbt film festival",NA
NA,"boston","United States","1051",4,NA,NA,"fest.lib.id845","North America","boston independent film festival",NA
"-99","boston","United States","f17466",4,2015,NA,"imdbady01203","North America","new england gay and lesbian film festival","01.04.15"
NA,"boston","United States","frnew382",5,2012,4,"fest.lib.id238","North America","boston lgbt film festival","01.05.12"
"massachusetts premiere","boston","United States","frnew962",3,2017,30,"fest.lib.id200","North America","berlin and beyond film festival","01.03.17"
NA,"boston","United States","1031",5,2013,NA,"fest.lib.id238","North America","boston lgbt film festival","01.05.13"
NA,"boulder","United States","507",3,2013,16,"fest.lib.id243","North America","boulder international film festival",NA
NA,"boulder","United States","tffnew2042",3,2017,2,"fest.lib.id243","North America","boulder international film festival","01.03.17"
NA,"boulder","United States","tffnew2042",3,2017,2,"fest.lib.id243","North America","boulder international film festival","01.03.17"
NA,"boulder, colorado","United States","1335",3,2014,12,"fest.lib.id243","North America","boulder international film festival",NA
NA,"bournemouth","United Kingdom","1051",NA,NA,NA,"fest.lib.id.survey.na86","Europe","butiful film festival",NA
NA,"bozcaada","Turkey","278",10,2014,30,"fest.lib.id3341","Asia","bifed - bozcaada international festival of ecological documentary",NA
"Third Prize","bozcaada","Turkey","763",10,2014,20,"fest.lib.id3341","Asia","bifed - bozcaada international festival of ecological documentary",NA
NA,"bozcaada","Turkey","tffnew1199",6,2015,30,"fest.lib.id3341","Asia","bifed - bozcaada international festival of ecological documentary","01.06.15"
NA,"bozen","Italy","idfnew356",4,2013,17,"imdbady01971","Europe","bozner filmtage","01.04.13"
NA,"bradford","United Kingdom","416",11,2012,13,"fest.lib.id.survey.na75","Europe","bradford animation festival",NA
NA,"bradford","United Kingdom","879",11,2013,20,"fest.lib.id.survey.na75","Europe","bradford animation festival",NA
"-99","bradford","United Kingdom","f17027",3,2013,NA,"fest.lib.id244","Europe","bradford international film festival","01.03.13"
NA,"brasil","Brazil","768",6,2013,NA,"fest.lib.id3368","Latin America and Caribbean","olhar de cinema - curitiba international film festival","01.06.13"
NA,"brasil","Brazil","768",11,2013,NA,"fest.lib.id.na171","Latin America and Caribbean","festival international lume de cine","01.11.13"
NA,"bratislava","Slovakia","87",11,NA,NA,"fest.lib.id247","Europe","bratislava international film festival",NA
NA,"bratislava","Slovakia","416",11,2013,6,"fest.lib.id247","Europe","bratislava international film festival",NA
NA,"bratislava","Slovakia","507",11,2012,10,"fest.lib.id247","Europe","bratislava international film festival",NA
NA,"bratislava","Slovakia","1051",11,NA,NA,"fest.lib.id247","Europe","bratislava international film festival",NA
NA,"bratislava","Slovakia","1641",10,2012,9,"fest.lib.id.survey.na44","Europe","bab biennial of animation",NA
NA,"bratislava","Slovakia","idfnew1890",3,2018,15,"imdbady00556","Europe","febiofest international film festival","01.03.18"
"3.cena","bratislava","Slovakia","tffnew473",6,2010,16,"imdbady01844","Europe","animofest","01.06.10"
NA,"bratislava","Slovakia","tffnew473",10,2010,12,"fest.lib.id.survey.na44","Europe","bab biennial of animation","01.10.10"
NA,"bratislava","Slovakia","tffnew2054",3,2017,2,"fest.lib.id.na137","Europe","febio film festival","01.03.17"
NA,"brattleboro","United States","1051",11,NA,NA,"fest.lib.id3362","North America","brattleboro film festival",NA
NA,"braunschweig","Germany","87",11,NA,NA,"fest.lib.id7715","Europe","braunschweig international film festival",NA
NA,"braunschweig","Germany","663",6,2013,NA,"fest.lib.id.survey.na18","Europe","anadoma experimental film & video festival",NA
NA,"braunschweig ","Germany","879",11,2014,20,"fest.lib.id7715","Europe","braunschweig international film festival",NA
"-99","brazil","Brazil","f17200",6,2014,NA,"fest.lib.id3368","Latin America and Caribbean","olhar de cinema - curitiba international film festival","01.06.14"
"-99","brazil","Brazil","f7851",10,2016,NA,"imdbady01456","Latin America and Caribbean","sao paulo international perspective","01.10.16"
"-99","brazil","Brazil","f9051",7,2011,NA,"fest.lib.id.survey.na223","Latin America and Caribbean","femina - international womens film festival","01.07.11"
"-99","brazil","Brazil","f9110",9,2012,NA,"imdbady02240","Latin America and Caribbean","festival do rio","01.09.12"
"best animation","breckenridge","United States","frnew717",9,2015,17,"imdbady01811","North America","breckenridge film festival","01.09.15"
NA,"breda","Netherlands","tffnew473",9,2010,8,"fest.lib.id.na68","Europe","but - b-movie underground and trash film festival","01.09.10"
NA,"bremen","Germany","frnew823",10,2015,13,"imdbady00230","Europe","bremen queer film festival","01.10.15"
NA,"bremen","Germany","frnew860",10,2017,10,"imdbady00230","Europe","bremen queer film festival","01.10.17"
"germany premiere","bremen","Germany","frnew962",10,2017,10,"imdbady00230","Europe","bremen queer film festival","01.10.17"
NA,"brescia","Italy","1184",11,2013,11,"fest.lib.id.survey.na333","Europe","filmlabfestival",NA
NA,"brest","France","87",11,2013,20,"fest.lib.id251","Europe","brest european short film festival",NA
NA,"brest","France","I1704092",11,2016,8,"fest.lib.id251","Europe","brest european short film festival","01.11.16"
"","brest","France","I1200099",11,2013,NA,"fest.lib.id251","Europe","brest european short film festival","01.11.13"
"","brest","France","I1701298",11,2017,NA,"fest.lib.id251","Europe","brest european short film festival","01.11.17"
"prix du jury jeune","brest","France","frnew382",11,2012,13,"fest.lib.id251","Europe","brest european short film festival","01.11.12"
NA,"brest","France","768",11,2013,NA,"fest.lib.id251","Europe","brest european short film festival","01.11.13"
NA,"brighton","United Kingdom","frnew700",10,2015,3,"imdbady01935","Europe","short hot flush film festival","01.10.15"
NA,"brisbane","Australia","16",3,2014,28,"fest.lib.id252","Oceania","brisbane queer film festival",NA
NA,"brisbane","Austria","507",3,2013,14,"fest.lib.id252","Oceania","brisbane queer film festival",NA
NA,"brisbane","Australia","763",12,2014,20,"fest.lib.id3822","Oceania","brisbane asia pacific film festival",NA
NA,"brisbane","Australia","1162",11,2012,20,"fest.lib.id7532","Oceania","brisbane film festival",NA
NA,"brisbane","Australia","1335",3,2014,28,"fest.lib.id252","Oceania","brisbane queer film festival",NA
NA,"brisbane","Australia","frnew382",4,2013,5,"fest.lib.id252","Oceania","brisbane queer film festival","01.04.13"
NA,"brisbane","Australia","idfnew356",11,2012,14,"fest.lib.id7532","Oceania","brisbane film festival","01.11.12"
NA,"brisbane","Australia","tffnew1199",7,2015,24,"imdbady01987","Oceania","queensland film festival, new farm cinema’s","01.07.15"
NA,"brisbane","Australia","tffnew2054",11,2016,24,"fest.lib.id3822","Oceania","brisbane asia pacific film festival","01.11.16"
"-99","bristol","United Kingdom","I1505412",9,2015,NA,"fest.lib.id6814","Europe","encounters film festival","01.09.15"
NA,"brno","Czechia","507",8,2013,13,"fest.lib.id1143","Europe","mezipatra queer film festival",NA
NA,"brno","Czechia","663",10,2013,10,"fest.lib.id258","Europe","brno international short film festival",NA
"Honorable Mention For Sound","brno","Czechia","f17281",10,2014,NA,"fest.lib.id258","Europe","brno international short film festival","01.10.14"
"-99","brno","Czechia","I1200099",10,2011,NA,"fest.lib.id258","Europe","brno international short film festival","01.10.11"
NA,"brooklyn","United States","frnew754",6,NA,NA,"fest.lib.id216","North America","brooklyn film festival",NA
"Audience Award","brooklyn (new york city)","United States","496",6,2012,20,"fest.lib.id216","North America","brooklyn film festival",NA
"Best Short Film","brooklyn (new york city)","United States","761",6,2014,NA,"fest.lib.id216","North America","brooklyn film festival",NA
NA,"brussel","Belgium","f16428",5,2011,NA,"fest.lib.id.na316","Europe","millenium international documentary film festival","01.05.11"
NA,"brussel","Belgium","I1705285",3,2017,NA,"fest.lib.id96","Europe","anima brussels festival","01.03.17"
NA,"brussels","Belgium","87",4,NA,NA,"fest.lib.id264","Europe","brussels short film festival",NA
NA,"brussels","Belgium","123",11,2013,20,"fest.lib.id1393","Europe","pink screens queer film festival brussels",NA
NA,"brussels","Belgium","278",5,2013,31,"fest.lib.id.na316","Europe","millenium international documentary film festival",NA
"International Grand Prix Best Film","brussels","Belgium","761",5,2014,NA,"fest.lib.id264","Europe","brussels short film festival",NA
NA,"brussels","Belgium","1335",11,2013,7,"fest.lib.id1393","Europe","pink screens queer film festival brussels",NA
NA,"brussels","Belgium","f16680",2,2012,17,"fest.lib.id96","Europe","anima brussels festival","01.02.12"
"-99","brussels","Belgium","f17027",10,2014,NA,"imdbady00030","Europe","age d'or festival, brussels","01.10.14"
"-99","brussels","Belgium","I1503978",4,2015,NA,"fest.lib.id264","Europe","brussels short film festival","01.04.15"
NA,"brussels","Belgium","frnew382",4,2013,24,"fest.lib.id264","Europe","brussels short film festival","01.04.13"
NA,"brussels","Belgium","idfnew356",4,2013,NA,"imdbady01970","Europe","balkan trafik music and film festival, bozar","01.04.13"
"best human rights message","brussels","Belgium","tffnew2042",3,2017,24,"fest.lib.id.na316","Europe","millenium international documentary film festival","01.03.17"
NA,"brussels","Belgium","1031",2,2014,NA,"fest.lib.id.survey.na632","Europe","tel quels: lgbt film festival brussels","01.02.14"
NA,"brussels","Belgium","tffnew2042",3,2017,24,"fest.lib.id.na316","Europe","millenium international documentary film festival","01.03.17"
NA,"brussels","Belgium","tffnew2054",4,2017,20,"imdbady01970","Europe","balkan trafik music and film festival, bozar","01.04.17"
"Special Mention Award and Junior Jury Award","bruz","France","1537",12,NA,NA,"fest.lib.id.na201","Europe","france national animation film festival",NA
NA,"bruz","France","1641",12,2012,12,"fest.lib.id.na201","Europe","france national animation film festival",NA
NA,"bucharest","Romania","879",9,2013,20,"fest.lib.id111","Europe","anim'est bucharest international animation festival",NA
NA,"bucharest","Romania","1051",4,NA,NA,"fest.lib.id.na62","Europe","bucharest international film festival",NA
NA,"bucharest","Romania","1641",4,2013,10,"fest.lib.id1273","Europe","next international film festival",NA
"-99","bucharest","Romania","f8093",3,2018,NA,"fest.lib.id265","Europe","bieff - bucharest international experimental film festival","01.03.18"
"-99","bucharest","Romania","f8308",3,2018,NA,"fest.lib.id265","Europe","bieff - bucharest international experimental film festival","01.03.18"
"-99","bucharest","Romania","I1200099",12,2010,NA,"fest.lib.id349","Europe","cinemaiubit international student film festival","01.12.10"
"-99","bucharest","Romania","I1200099",3,2011,NA,"imdbady00425","Europe","dakino romania","01.03.11"
NA,"bucharest","Romania","frnew700",11,2015,6,"imdbady01939","Europe","feminist and queer international film festival","01.11.15"
"cinemagia","bucharest","Romania","tffnew473",10,2008,3,"fest.lib.id111","Europe","anim'est bucharest international animation festival","01.10.08"
"ion truica award","bucharest","Romania","tffnew473",12,2008,8,"fest.lib.id349","Europe","cinemaiubit international student film festival","01.12.08"
"ion truica award","bucharest","Romania","tffnew473",6,2009,NA,"imdbady01836","Europe","hyperion international film festival","01.06.09"
NA,"bucharest","Romania","tffnew473",11,2009,19,"fest.lib.id.na277","Europe","kinofest","01.11.09"
"best animation","bucharest","Romania","tffnew473",6,2010,17,"imdbady01836","Europe","hyperion international film festival","01.06.10"
"animation award","bucharest","Romania","tffnew473",10,2010,7,"imdbady01846","Europe","persona - franco-romanian film festival","01.10.10"
NA,"bucharest","Romania","768",4,2013,NA,"fest.lib.id1273","Europe","next international film festival","01.04.13"
NA,"bucharest","Romania","tffnew2042",3,2017,13,"fest.lib.id598","Europe","one world romania - international human rights documentary film festivalbucharest","01.03.17"
NA,"bucharest","Romania","tffnew2054",9,2017,3,"imdbady02364","Europe","central european film festival","01.09.17"
"-99","bucharest ","Romania","I1605334",8,2016,NA,"fest.lib.id1273","Europe","next international film festival","01.08.16"
NA,"bucheon","South Korea","45",7,2013,20,"fest.lib.id214","Asia","bifan - bucheon international fantastic film festival",NA
NA,"bucheon","South Korea","1051",7,NA,NA,"fest.lib.id214","Asia","bifan - bucheon international fantastic film festival",NA
"-99","bucheon","South Korea","f7963",7,2016,21,"fest.lib.id214","Asia","bifan - bucheon international fantastic film festival","01.07.16"
"-99","bucheon","South Korea","I1600833",7,2016,NA,"fest.lib.id214","Asia","bifan - bucheon international fantastic film festival","01.07.16"
NA,"budapest","Hungary","205",9,2013,20,"fest.lib.id6936","Europe","busho budapest short international film festival",NA
NA,"budapest","Hungary","507",9,2012,5,"fest.lib.id6936","Europe","busho budapest short international film festival",NA
"Winner Cinematography Award","budapest","Hungary","763",1,2014,20,"fest.lib.id.na63","Europe","budapest international documentary festival - bidf",NA
NA,"budapest","Hungary","879",10,2013,20,"fest.lib.id1414","Europe","primanima world festival of first animations, budapest",NA
NA,"budapest","Hungary","1051",11,NA,NA,"fest.lib.id1812","Europe","verzio international human rights documentary film festival",NA
"-99","budapest","Hungary","I1505412",9,2015,NA,"fest.lib.id6936","Europe","busho budapest short international film festival","01.09.15"
NA,"budapest","Hungary","frnew382",9,2012,4,"fest.lib.id6936","Europe","busho budapest short international film festival","01.09.12"
NA,"budapest","Hungary","frnew754",5,2017,30,"fest.lib.id266","Europe","budapest pride lgbtq film festival","01.05.17"
"opening film / hungary premiere","budapest","Hungary","frnew962",10,2016,7,"imdbady01905","Europe","lift lesbian identities festival","01.10.16"
NA,"budapest","Hungary","idfnew1890",11,2018,6,"fest.lib.id1812","Europe","verzio international human rights documentary film festival","01.11.18"
NA,"budapest","Hungary","tffnew2042",11,2017,14,"fest.lib.id1812","Europe","verzio international human rights documentary film festival","01.11.17"
"best animated film","budapest","Hungary","tffnew473",11,2009,NA,"imdbady01841","Europe","""miracle"" faludi international youth film festival","01.11.09"
NA,"budapest","Hungary","tffnew473",9,2010,1,"fest.lib.id6936","Europe","busho budapest short international film festival","01.09.10"
NA,"budapest","Hungary","frnew730",8,2015,10,"imdbady01825","Europe","sziget film festival budapest","01.08.15"
NA,"budapest","Hungary","1031",11,2013,NA,"fest.lib.id266","Europe","budapest pride lgbtq film festival","01.11.13"
NA,"budapest","Hungary","768",3,2014,NA,"fest.lib.id8298","Europe","friss hus budapest","01.03.14"
NA,"budapest","Hungary","idfnew1252",11,2015,10,"fest.lib.id1812","Europe","verzio international human rights documentary film festival","01.11.15"
"best documentary award","budapest","Hungary","idfnew1285",9,2015,23,"fest.lib.id.na63","Europe","budapest international documentary festival - bidf","01.09.15"
NA,"budapest","Hungary","tffnew2042",11,2017,15,"fest.lib.id1812","Europe","verzio international human rights documentary film festival","01.11.17"
NA,"budapest","Hungary","1184",10,2013,10,"fest.lib.id1414","Europe","primanima world festival of first animations, budapest",NA
NA,"buenos aires","Argentina","16",6,2014,3,"fest.lib.id149","Latin America and Caribbean","asterisco international film festival on sexual diversity",NA
"Winner вЂ“ Best Actress, Sophie Desmarais, Winner - SIGNIS Award for Best Film","buenos aires","Argentina","46",4,2014,NA,"fest.lib.id174","Latin America and Caribbean","bafici buenos aires international independent film festival",NA
NA,"buenos aires","Argentina","140",4,2014,20,"fest.lib.id9484","Latin America and Caribbean","buenos aires film festival",NA
"Special Mention of the Jury","buenos aires","Argentina","278",10,2013,8,"fest.lib.id.survey.na119","Latin America and Caribbean","cinemigrante international film festival buenos aires",NA
NA,"buenos aires","Argentina","763",10,2014,20,"fest.lib.id.survey.na168","Latin America and Caribbean","docsbuenosaires",NA
NA,"buenos aires","Argentina","879",9,2013,20,"fest.lib.id2970","Latin America and Caribbean","expotoons buenos aires",NA
NA,"buenos aires","Argentina","879",11,2014,20,"fest.lib.id.survey.na63","Latin America and Caribbean","bienal de la imagen en movimiento, buenos aires",NA
NA,"buenos aires","Argentina","1051",4,NA,NA,"fest.lib.id174","Latin America and Caribbean","bafici buenos aires international independent film festival",NA
"Prize for the Best Short Animated Film from Animated Film Association from Argentina","buenos aires","Argentina","1184",9,2013,NA,"fest.lib.id.survey.na501","Latin America and Caribbean","nueva mirada international film festival for children & youth",NA
NA,"buenos aires","Argentina","1335",4,2013,10,"fest.lib.id174","Latin America and Caribbean","bafici buenos aires international independent film festival",NA
"-99","buenos aires","Argentina","f17027",4,2012,NA,"fest.lib.id174","Latin America and Caribbean","bafici buenos aires international independent film festival","01.04.12"
"Best Film","buenos aires","Argentina","f17466",7,2015,NA,"fest.lib.id149","Latin America and Caribbean","asterisco international film festival on sexual diversity","01.07.15"
"-99","buenos aires","Argentina","f7950",10,2016,NA,"fest.lib.id.survey.na168","Latin America and Caribbean","docsbuenosaires","01.10.16"
"south america premiere","buenos aires","Argentina","frnew962",11,2016,1,"fest.lib.id149","Latin America and Caribbean","asterisco international film festival on sexual diversity","01.11.16"
NA,"buenos aires","Argentina","tffnew1199",11,2014,22,"fest.lib.id1115","Latin America and Caribbean","mar del plata international film festival","01.11.14"
NA,"buenos aires","Argentina","tffnew1199",10,2015,2,"imdbady01986","Latin America and Caribbean","festival internacional de cine independiente de la plata festi-freak","01.10.15"
NA,"buenos aires","Argentina","tffnew473",9,2010,2,"fest.lib.id.survey.na501","Latin America and Caribbean","nueva mirada international film festival for children & youth","01.09.10"
NA,"buenos aires","Argentina","frnew730",6,2015,2,"fest.lib.id149","Latin America and Caribbean","asterisco international film festival on sexual diversity","01.06.15"
NA,"buenos aires","Argentina","idfnew1285",9,2016,8,"imdbady02344","Latin America and Caribbean","festival internacinonal de cine politico ficip","01.09.16"
NA,"buenos aires","Argentina","idfnew1285",5,2017,31,"fest.lib.id.survey.na291","Latin America and Caribbean","festival internacional de cine de derechos humanos","01.05.17"
NA,"buenos aires","Argentina","tffnew561",4,2013,10,"fest.lib.id174","Latin America and Caribbean","bafici buenos aires international independent film festival","01.04.13"
"Mejor Corto Gallego,  Mejor Maquillaje y PeluquerГ­a","bueu","Spain","1520",9,NA,NA,"fest.lib.id267","Europe","international shortfilm festival of bueu",NA
NA,"bukarest","Romania","879",12,2014,20,"fest.lib.id349","Europe","cinemaiubit international student film festival",NA
NA,"bukarest","Romania","tffnew2042",3,2017,13,"fest.lib.id598","Europe","one world romania - international human rights documentary film festivalbucharest","01.03.17"
"Best directors","bulgaria","Bulgaria","f7851",3,2016,NA,"fest.lib.id1623","Europe","sofia international film festival","01.03.16"
NA,"busan","South Korea","46",10,2013,10,"fest.lib.id217","Asia","busan international film festival",NA
NA,"busan","South Korea","278",10,2012,4,"fest.lib.id217","Asia","busan international film festival",NA
"Best Picture Award","busan","South Korea","761",5,2013,NA,"fest.lib.id223","Asia","busan international short film festival",NA
NA,"busan","South Korea","1335",10,2013,3,"fest.lib.id217","Asia","busan international film festival",NA
"ACF (Post-Production Fund), Busan Film Festival","busan","South Korea","f17391",10,2014,NA,"fest.lib.id217","Asia","busan international film festival","01.10.14"
"","busan","South Korea","I1600833",4,2017,NA,"fest.lib.id223","Asia","busan international short film festival","01.04.17"
NA,"busan","South Korea","tffnew2054",10,2016,6,"fest.lib.id217","Asia","busan international film festival","01.10.16"
NA,"bydgoszcz","Poland","763",11,2014,20,"fest.lib.id282","Europe","camerimage international film festival",NA
"Best DOP debut, Grand Prix Polish Competition","bydgoszcz","Poland","f16641",11,2011,NA,"fest.lib.id282","Europe","camerimage international film festival","01.11.11"
"Best Animation Award ","byron bay","Australia","416",3,2013,1,"fest.lib.id6703","Oceania","byron bay international film festival",NA
NA,"byron bay","Australia","879",3,2015,20,"fest.lib.id6703","Oceania","byron bay international film festival",NA
"Prix des CollГ©giens et des LycГ©ens","bгёgles","France","1641",12,2012,5,"fest.lib.id1097","Europe","les nuits magiques begles",NA
NA,"cabriгёres","France","1488",11,2013,20,"fest.lib.id.survey.na136","Europe","court, c'est court, les mes rencontres autour du court metrage de cabrieres d'avignon",NA
NA,"cacak","Serbia","416",9,2012,6,"fest.lib.id.na13","Europe","animanima international animation festival",NA
NA,"cadiz","Spain","idfnew1285",9,2016,10,"imdbady00578","Europe","festival de cine documental de cádiz","01.09.16"
NA,"caen","France","tffnew473",5,2010,26,"imdbady01854","Europe","festival du court métrage de la guérinière","01.05.10"
NA,"cagliari","Italy","879",4,2015,20,"fest.lib.id1615","Europe","skepto international film festival",NA
"special jury mention","cagliari","Italy","frnew382",11,2012,NA,"imdbady01460","Europe","sardinia queer short film festival","01.11.12"
NA,"cagliari","Italy","frnew754",11,2015,19,"fest.lib.id.na398","Europe","sardinia international short film","01.11.15"
NA,"cagliari","Italy","tffnew473",2,2010,25,"fest.lib.id1615","Europe","skepto international film festival","01.02.10"
"moldavian premiere","cahul","Moldova","idfnew1499",9,2017,23,"imdbady02011","Europe","moldox","01.09.17"
NA,"cahul","Moldova","tffnew2042",9,2017,23,"imdbady02011","Europe","moldox","01.09.17"
NA,"cahul","Moldova","tffnew2042",9,2017,23,"imdbady02011","Europe","moldox","01.09.17"
NA,"cairo","Egypt","87",11,NA,NA,"fest.lib.id1365","MENA","panorama of european films cairo",NA
NA,"cairo","Egypt","416",3,2015,20,"id298","MENA","cairo international cinema and arts festival for children",NA
NA,"cairo","Egypt","942",11,NA,NA,"fest.lib.id91","MENA","cairo international women's film festival",NA
NA,"cairo","Egypt","f17365",11,2015,11,"fest.lib.id275","MENA","cairo international film festival","01.11.15"
NA,"cairo","Egypt","idfnew1285",2,2016,27,"fest.lib.id91","MENA","cairo international women's film festival","01.02.16"
"","calabria","Italy","I1701298",8,2017,NA,"fest.lib.id6734","Europe","la guarimba film festival","01.08.17"
NA,"calcutta","India","frnew382",11,NA,NA,"imdbady01777","Asia","dialogues: calcutta international lgbt film & video festival",NA
NA,"calcutta","India","frnew700",11,2015,26,"imdbady01777","Asia","dialogues: calcutta international lgbt film & video festival","01.11.15"
NA,"calcutta","India","frnew823",11,2015,26,"imdbady01777","Asia","dialogues: calcutta international lgbt film & video festival","01.11.15"
NA,"calgary","Canada","1051",4,NA,NA,"fest.lib.id5839","North America","calgary underground film festival",NA
NA,"calgary","Canada","1335",9,2013,19,"fest.lib.id276","North America","calgary international film festival",NA
NA,"calgary","Canada","frnew383",5,2012,24,"fest.lib.id505","North America","fairy tales calgary film festival","01.05.12"
NA,"calgary","Canada","frnew823",9,2014,18,"fest.lib.id276","North America","calgary international film festival","01.09.14"
"winner – best documentary – jury award","calgary","Canada","frnew962",5,2017,19,"fest.lib.id505","North America","fairy tales calgary film festival","01.05.17"
"","california","United States","f17466",3,2017,NA,"fest.lib.id.survey.na16","North America","american documentary film festival","01.03.17"
NA,"cambridge","United Kingdom","879",3,2015,20,"fest.lib.id8179","Europe","watersprite, cambridge international student film festival",NA
NA,"cambridge","Canada","frnew382",10,2013,NA,"imdbady01964","North America","non violence film festival","01.10.13"
"-99","canada","Canada","f17466",5,2015,NA,"fest.lib.id505","North America","fairy tales calgary film festival","01.05.15"
"-99","canada","Canada","f17515",11,2015,NA,"fest.lib.id1491","North America","montreal international documentary festival","01.11.15"
"-99","canada","Canada","f8222",6,2017,NA,"imdbady01639","North America","toronto jewish film festival","01.06.17"
"Nominated Best Film","canada","Canada","f9110",11,2012,NA,"fest.lib.id7551","North America","planet in focus","01.11.12"
NA,"cannes","France","46",5,2013,NA,"fest.lib.id285","Europe","cannes international film festival",NA
NA,"cannes","France","1184",5,2013,15,"fest.lib.id285","Europe","cannes international film festival",NA
"","cannes","France","I1200099",11,2012,NA,"imdbady00275","Latin America and Caribbean","cannes film festival week","01.11.12"
"short film corner: coup de coeur","cannes","France","frnew382",5,2012,16,"fest.lib.id285","Europe","cannes international film festival","01.05.12"
NA,"cannes","France","tffnew2054",5,2017,20,"imdbady02360","Europe","visions sociales film festival cannes","01.05.17"
NA,"cans","Spain","1520",5,2012,20,"fest.lib.id286","Europe","festival de cans",NA
NA,"capalbio","Italy","87",6,NA,NA,"fest.lib.id.survey.na89","Europe","capalbio film festival",NA
NA,"capalbio","Italy","frnew482",7,2014,NA,"fest.lib.id.survey.na89","Europe","capalbio film festival","01.07.14"
NA,"capalbio","Tuscany","tffnew473",10,2010,7,"fest.lib.id.survey.na89","Europe","capalbio film festival","01.10.10"
"-99","cape town","South Africa","f7950",6,2017,NA,"fest.lib.id489","Subsaharan Africa","encounters international film festival","01.06.17"
NA,"cape town","South Africa","tffnew2042",6,2017,1,"fest.lib.id489","Subsaharan Africa","encounters international film festival","01.06.17"
NA,"cape town","South Africa","tffnew2042",6,2017,1,"fest.lib.id489","Subsaharan Africa","encounters international film festival","01.06.17"
NA,"cardiff","United Kingdom","507",10,2012,13,"fest.lib.id7571","Europe","iris prize festival",NA
NA,"cardiff","United Kingdom","frnew382",10,2012,10,"fest.lib.id7571","Europe","iris prize festival","01.10.12"
NA,"cardiff","United Kingdom","frnew482",10,2013,9,"fest.lib.id7571","Europe","iris prize festival","01.10.13"
NA,"carmel","United States","507",10,2012,14,"fest.lib.id8189","North America","carmel art & film festival",NA
"-99","carrboro","United States","I1600833",11,2015,NA,"imdbady00281","North America","carrboro film festival","01.11.15"
NA,"carry le rouet","France","1641",10,2013,10,"fest.lib.id.survey.na268","Europe","festival de courts metrages de la cote bleue",NA
NA,"cartagena","Colombia","45",3,2013,20,"fest.lib.id291","Latin America and Caribbean","cartagena international film festival",NA
"Best Short Film ","cartagena","Spain","1520",3,2012,20,"fest.lib.id291","Latin America and Caribbean","cartagena international film festival",NA
"Prix Banque Populaire Occitane du Public","castres","France","1641",4,2013,4,"fest.lib.id.survey.na649","Europe","trois jours trop courts castres",NA
NA,"castro urdiales","Spain","1520",8,2013,20,"fest.lib.id.survey.na263","Europe","festival de cortometrajes de castro urdiales",NA
NA,"castro urdiales","Spain","1520",12,NA,NA,"fest.lib.id.survey.na251","Europe","festival de castro urdiales",NA
NA,"catalina island","United States","frnew717",9,2015,24,"fest.lib.id3163","North America","santa catalina film festival","01.09.15"
NA,"cebu","Philippines","frnew597",8,2015,15,"imdbady01804","Asia","cebu international film festival","01.08.15"
NA,"cebu city","Philippines","1051",NA,NA,NA,"fest.lib.id7268","Asia","cebu international documentary film festival",NA
"Prix spécial","cendrieux","France","N1500531",NA,2014,NA,"imdbady02401","Europe","festival les cendriales",NA
"FIRST PRIZE","cetraro","Italy","1641",10,2012,27,"fest.lib.id.survey.na29","Europe","animation film festival premio simona gesmundo",NA
"-99","cévènne","France","I1605397",NA,NA,NA,"imdbady02418","Europe","festival de lasalle",NA
NA,"changzhou","China","879",9,2013,20,"fest.lib.id.survey.na95","Asia","china international animation festival, changzhou",NA
NA,"charleston","United States","1007",11,2014,20,"fest.lib.id.survey.na502","North America","nuovo cinema italiano film festival",NA
NA,"chemnitz","Germany","1641",10,2013,14,"fest.lib.id.survey.na401","Europe","international film festival for children",NA
NA,"chennai","India","1162",10,2012,20,"fest.lib.id.survey.na589","Asia","seven island international film festival",NA
"","chennai","India","f8093",4,2018,NA,"fest.lib.id7866","Asia","chennai international film festival","01.04.18"
"asia premiere","chennai","India","frnew962",7,2016,29,"imdbady01897","Asia","reel desires: chennai international queer film festival","01.07.16"
NA,"chicago","United States","205",11,2013,20,"fest.lib.id1473","North America","reeling the chicago lesbian and gay international film festival",NA
"1st Prize for Animated Documentary Film","chicago","United States","416",10,2013,25,"fest.lib.id316","North America","chicago international children's film festival",NA
NA,"chicago","United States","469",11,2013,11,"fest.lib.id1473","North America","reeling the chicago lesbian and gay international film festival",NA
NA,"chicago","United States","507",11,2013,7,"fest.lib.id1473","North America","reeling the chicago lesbian and gay international film festival",NA
NA,"chicago","United States","998",10,2013,10,"fest.lib.id308","North America","chicago international film festival",NA
NA,"chicago","United States","1162",9,2012,20,"fest.lib.id8277","North America","chicago south asian film festival",NA
NA,"chicago","United States","1184",10,2013,11,"fest.lib.id316","North America","chicago international children's film festival",NA
NA,"chicago","United States","I1704092",10,2016,13,"fest.lib.id308","North America","chicago international film festival","01.10.16"
"-99","chicago","United States","1225",10,2011,NA,"fest.lib.id308","North America","chicago international film festival","01.10.11"
"-99","chicago","United States","f17027",3,2012,NA,"imdbady01257","North America","onion city experimental film and video festival","01.03.12"
"-99","chicago","United States","f8166",5,2017,NA,"fest.lib.id5692","North America","chicago underground film festival","01.05.17"
NA,"chicago","United States","frnew482",9,2014,18,"fest.lib.id1473","North America","reeling the chicago lesbian and gay international film festival","01.09.14"
NA,"chicago","United States","frnew700",9,2015,17,"fest.lib.id1473","North America","reeling the chicago lesbian and gay international film festival","01.09.15"
NA,"chicago","United States","frnew754",11,2014,10,"fest.lib.id.na388","North America","queer bits film festival chicago","01.11.14"
NA,"chicago","United States","frnew754",9,2015,17,"fest.lib.id1473","North America","reeling the chicago lesbian and gay international film festival","01.09.15"
"winner, special jury prize","chicago","United States","frnew823",9,2015,17,"fest.lib.id1473","North America","reeling the chicago lesbian and gay international film festival","01.09.15"
"nominee gold hugo: documentary competition","chicago","United States","tffnew2042",10,2016,13,"fest.lib.id308","North America","chicago international film festival","01.10.16"
NA,"chicago","United States","768",10,2013,NA,"fest.lib.id308","North America","chicago international film festival","01.10.13"
NA,"chicago","United States","idfnew1252",11,2015,6,"imdbady02270","North America","polish film festival in america","01.11.15"
NA,"chicago","United States","idfnew1285",10,2015,15,"fest.lib.id308","North America","chicago international film festival","01.10.15"
NA,"chicago","United States","tffnew2042",10,2016,13,"fest.lib.id308","North America","chicago international film festival","01.10.16"
NA,"chicago","United States","tffnew2054",3,2017,3,"imdbady00305","North America","chicago european union film festival","01.03.17"
NA,"chichester","United Kingdom","1051",8,NA,NA,"fest.lib.id7732","Europe","chichester film festival",NA
NA,"cieszyn","Poland","idfnew1252",4,2016,28,"imdbady02268","Europe","cinema on the border film festival","01.04.16"
NA,"clermont ferrand","France","192",1,2013,1,"fest.lib.id364","Europe","clermont-ferrand international film festival",NA
NA,"clermont ferrand","France","416",2,2013,1,"fest.lib.id364","Europe","clermont-ferrand international film festival",NA
" Clermont ferrand short film festivalВ International Competition: Special Jury Prize","clermont ferrand","France","1546",2,2013,1,"fest.lib.id364","Europe","clermont-ferrand international film festival",NA
NA,"clermont ferrand","France","1641",2,2013,1,"fest.lib.id364","Europe","clermont-ferrand international film festival",NA
"-99","clermont ferrand","France","N1701508",2,2017,NA,"fest.lib.id364","Europe","clermont-ferrand international film festival","01.02.17"
NA,"clermont-ferrand","France","45",2,2013,20,"fest.lib.id364","Europe","clermont-ferrand international film festival",NA
NA,"clermont-ferrand","France","87",2,NA,NA,"fest.lib.id364","Europe","clermont-ferrand international film festival",NA
NA,"clermont-ferrand","France","663",2,2013,NA,"fest.lib.id364","Europe","clermont-ferrand international film festival",NA
NA,"clermont-ferrand","France","761",2,2014,NA,"fest.lib.id364","Europe","clermont-ferrand international film festival",NA
NA,"clermont-ferrand","France","879",2,2013,20,"fest.lib.id364","Europe","clermont-ferrand international film festival",NA
"PRIX DU RIRE Fernand Raynaud","clermont-ferrand","France","1488",2,2013,20,"fest.lib.id364","Europe","clermont-ferrand international film festival",NA
NA,"clermont-ferrand","France","1520",2,2013,20,"fest.lib.id364","Europe","clermont-ferrand international film festival",NA
NA,"clermont-ferrand","France","1537",2,NA,NA,"fest.lib.id364","Europe","clermont-ferrand international film festival",NA
NA,"clermont-ferrand","France","1658",2,2013,20,"fest.lib.id364","Europe","clermont-ferrand international film festival",NA
"","clermont-ferrand","France","I1105148",1,2011,NA,"fest.lib.id364","Europe","clermont-ferrand international film festival","01.01.11"
"U.S. Retrospective program","clermont-ferrand","France","I1105148",1,2014,NA,"fest.lib.id364","Europe","clermont-ferrand international film festival","01.01.14"
"-99","clermont-ferrand","France","I1200099",2,2012,NA,"fest.lib.id364","Europe","clermont-ferrand international film festival","01.02.12"
"-99","clermont-ferrand","France","I1405498",1,2014,NA,"fest.lib.id364","Europe","clermont-ferrand international film festival","01.01.14"
"-99","clermont-ferrand","France","I1503978",1,2015,NA,"fest.lib.id364","Europe","clermont-ferrand international film festival","01.01.15"
"Prix du Public (Competition Labo), Mention Spéciale du Jury Labo","clermont-ferrand","France","I1505412",1,2015,NA,"fest.lib.id364","Europe","clermont-ferrand international film festival","01.01.15"
"-99","clermont-ferrand","France","I1600833",2,2016,NA,"fest.lib.id364","Europe","clermont-ferrand international film festival","01.02.16"
"","clermont-ferrand","France","I1600833",2,2019,NA,"fest.lib.id364","Europe","clermont-ferrand international film festival","01.02.19"
"-99","clermont-ferrand","France","I1605397",2,NA,NA,"fest.lib.id364","Europe","clermont-ferrand international film festival",NA
"-99","clermont-ferrand","France","I1701298",2,2017,NA,"fest.lib.id364","Europe","clermont-ferrand international film festival","01.02.17"
"-99","clermont-ferrand","France","N1500531",2,2015,NA,"fest.lib.id364","Europe","clermont-ferrand international film festival","01.02.15"
"SACD Award - Best first film","clermont-ferrand","France","N1700342",2,2017,NA,"fest.lib.id364","Europe","clermont-ferrand international film festival","01.02.17"
"-99","clermont-ferrand","France","N1700615",2,2017,NA,"fest.lib.id364","Europe","clermont-ferrand international film festival","01.02.17"
"-99","clermont-ferrand ","France","I1605334",2,2016,NA,"fest.lib.id364","Europe","clermont-ferrand international film festival","01.02.16"
NA,"cleveland","United States","140",3,2013,20,"fest.lib.id365","North America","cleveland international film festival",NA
NA,"cleveland","United States","1143",3,2014,19,"fest.lib.id365","North America","cleveland international film festival",NA
NA,"cleveland","United States","frnew717",3,2015,5,"imdbady01817","North America","short sweet film festival","01.03.15"
"nominee: greg gund memorial standing up award","cleveland","United States","tffnew2042",3,2017,30,"fest.lib.id365","North America","cleveland international film festival","01.03.17"
NA,"cleveland","United States","frnew730",3,2015,30,"fest.lib.id365","North America","cleveland international film festival","01.03.15"
NA,"cleveland","United States","tffnew2042",3,2017,29,"fest.lib.id365","North America","cleveland international film festival","01.03.17"
NA,"cleveland","United States","tffnew561",4,2013,3,"fest.lib.id365","North America","cleveland international film festival","01.04.13"
NA,"clones, county monaghan","Ireland","1051",10,NA,NA,"fest.lib.id7830","Europe","clones film festival",NA
NA,"cluj","Romania","f16574",5,2011,NA,"fest.lib.id1737","Europe","transilvania international film festival","01.05.11"
NA,"cluj","Romania","f16574",5,2011,NA,"fest.lib.id1737","Europe","transilvania international film festival","01.05.11"
NA,"cluj","Romania","idfnew356",5,2013,31,"fest.lib.id1737","Europe","transilvania international film festival","01.05.13"
NA,"cluj","Romania","334",6,2013,NA,"fest.lib.id1737","Europe","transilvania international film festival","01.06.13"
NA,"cluj","Romania","tffnew2054",5,2018,25,"fest.lib.id1737","Europe","transilvania international film festival","01.05.18"
NA,"cluj-napoca","Romania","507",11,2014,10,"fest.lib.id.survey.na590","Europe","sfg international film festival",NA
NA,"cluj-napoca","Romania","1051",5,NA,NA,"fest.lib.id1737","Europe","transilvania international film festival",NA
NA,"cluj-napoca","Romania","1335",5,2013,31,"fest.lib.id1737","Europe","transilvania international film festival",NA
"Luna Plina","cluj-napoca","Romania","f7963",5,2016,NA,"fest.lib.id1737","Europe","transilvania international film festival","01.05.16"
NA,"cluj-napoca","Romania","frnew754",11,NA,NA,"imdbady01495","Europe","serile filmului gay international film festival",NA
NA,"cologne","Germany","frnew717",10,2015,13,"fest.lib.id.na191","Europe","filmfest homochrom premiere","01.10.15"
NA,"cologne","Germany","frnew823",10,2015,13,"fest.lib.id.na191","Europe","filmfest homochrom premiere","01.10.15"
NA,"cologne","Germany","idfnew1285",4,2016,19,"fest.lib.id1908","Europe","international women's film festival","01.04.16"
NA,"cologne","Germany","tffnew2054",4,2017,6,"fest.lib.id1908","Europe","international women's film festival","01.04.17"
NA,"columbia, missouri","United States","1051",2,NA,NA,"fest.lib.id1776","North America","true false film fest",NA
NA,"columbus","United States","frnew597",11,2014,13,"fest.lib.id.na100","North America","columbus international film + video festival","01.11.14"
NA,"columbus","United States","tffnew2042",11,2017,5,"imdbady02008","North America","columbus jewish film festival","01.11.17"
NA,"columbus","United States","tffnew2042",6,NA,NA,"imdbady00698","North America","film festival of columbus",NA
NA,"columbus","United States","tffnew2042",5,2017,18,"imdbady00698","North America","film festival of columbus","01.05.17"
NA,"columbus","United States","tffnew2042",11,2017,5,"imdbady02008","North America","columbus jewish film festival","01.11.17"
NA,"constanta"," Bucharest","tffnew473",7,2008,NA,"imdbady01873","Europe","independent producers indie film festival","01.07.08"
NA,"copenhagen","Denmark","16",10,2013,24,"fest.lib.id1167","Europe","mix copenhagen lesbian gay bi trans film festival",NA
NA,"copenhagen","Denmark","46",10,2013,10,"fest.lib.id1167","Europe","mix copenhagen lesbian gay bi trans film festival",NA
NA,"copenhagen","Denmark","205",10,2013,20,"fest.lib.id1167","Europe","mix copenhagen lesbian gay bi trans film festival",NA
"Best Short Film","copenhagen","Denmark","440",10,2014,20,"fest.lib.id1167","Europe","mix copenhagen lesbian gay bi trans film festival",NA
NA,"copenhagen","Denmark","663",2,2013,NA,"fest.lib.id3221","Europe","copenhagen shortfilm festival",NA
NA,"copenhagen","Denmark","879",10,2014,20,"fest.lib.id1167","Europe","mix copenhagen lesbian gay bi trans film festival",NA
"DOX:AWARD","copenhagen","Denmark","1051",11,2012,20,"fest.lib.id388","Europe","copenhagen international documentary film festival",NA
NA,"copenhagen","Denmark","1335",4,2013,11,"fest.lib.id389","Europe","cph pix",NA
NA,"copenhagen","Denmark","1335",10,2013,4,"fest.lib.id1167","Europe","mix copenhagen lesbian gay bi trans film festival",NA
NA,"copenhagen","Denmark","f17365",9,2015,14,"fest.lib.id.na67","Europe","buster copenhagen international film festival for children and youth","01.09.15"
"-99","copenhagen","Denmark","f17027",11,2014,NA,"fest.lib.id388","Europe","copenhagen international documentary film festival","01.11.14"
"-99","copenhagen","Denmark","f17466",10,2015,NA,"fest.lib.id1167","Europe","mix copenhagen lesbian gay bi trans film festival","01.10.15"
"-99","copenhagen","Denmark","f7963",4,2016,NA,"fest.lib.id389","Europe","cph pix","01.04.16"
NA,"copenhagen","Denmark","frnew382",10,2012,19,"fest.lib.id1167","Europe","mix copenhagen lesbian gay bi trans film festival","01.10.12"
NA,"copenhagen","Denmark","frnew482",10,2013,4,"fest.lib.id1167","Europe","mix copenhagen lesbian gay bi trans film festival","01.10.13"
"denmark premiere","copenhagen","Denmark","frnew962",10,2017,27,"fest.lib.id1167","Europe","mix copenhagen lesbian gay bi trans film festival","01.10.17"
"nomination new vision award","copenhagen","Denmark","tffnew1199",11,2014,6,"fest.lib.id388","Europe","copenhagen international documentary film festival","01.11.14"
NA,"copenhagen","Denmark","tffnew2042",3,2017,16,"fest.lib.id388","Europe","copenhagen international documentary film festival","01.03.17"
"new talent grand pix","copenhagen","Denmark","tffnew2054",10,2016,27,"fest.lib.id389","Europe","cph pix","01.10.16"
NA,"copenhagen","Denmark","tffnew561",11,2012,1,"fest.lib.id388","Europe","copenhagen international documentary film festival","01.11.12"
NA,"cordoba","Argentina","416",10,2013,10,"fest.lib.id97","Latin America and Caribbean","anima - cordoba international animation festival",NA
NA,"cork","Ireland","46",11,2013,11,"fest.lib.id381","Europe","cork international film festival",NA
NA,"cork","Ireland","1335",11,2013,9,"fest.lib.id381","Europe","cork international film festival",NA
NA,"cork","United Kingdom","tffnew2042",11,2016,11,"fest.lib.id381","Europe","cork international film festival","01.11.16"
NA,"cork","Ireland","tffnew2042",11,2016,11,"fest.lib.id381","Europe","cork international film festival","01.11.16"
NA,"corvallis","United States","frnew700",2,2017,22,"imdbady01949","North America","corvallis queer film festival","01.02.17"
"-99","croatia","Croatia","f17466",5,2015,NA,"imdbady01556","Europe","split film festival","01.05.15"
"-99","croatia","Croatia","I1200099",7,2012,NA,"fest.lib.id1667","Europe","tabor film festival","01.07.12"
NA,"crг©teil","France","763",3,2015,20,"fest.lib.id930","Europe","creteil international women's film festival",NA
"Jury Special Mention","cuernavaca","Mexico","278",4,2014,8,"fest.lib.id6100","Latin America and Caribbean","cinema planeta international film festival",NA
NA,"cuernavaca","Mexico","frnew962",8,2016,4,"imdbady01134","Latin America and Caribbean","micgenero","01.08.16"
NA,"cuernavaca","Mexico","tffnew1199",4,2015,14,"imdbady01990","Latin America and Caribbean","cinema planeta, international environmental film festival of mexico","01.04.15"
"-99","curitiba","Brazil","f17027",6,2013,NA,"fest.lib.id3368","Latin America and Caribbean","olhar de cinema - curitiba international film festival","01.06.13"
"-99","curitiba","Brazil","f7950",6,2016,NA,"fest.lib.id3368","Latin America and Caribbean","olhar de cinema - curitiba international film festival","01.06.16"
"-99","curitiba","Brazil","f8309",12,2018,NA,"fest.lib.id3368","Latin America and Caribbean","olhar de cinema - curitiba international film festival","01.12.18"
"-99","curitiba ","Brazil","I1605334",6,2016,NA,"fest.lib.id3368","Latin America and Caribbean","olhar de cinema - curitiba international film festival","01.06.16"
"-99","czech republic","Czechia","f7851",6,2016,NA,"fest.lib.id1883","Europe","zlin international film festival for children and youth","01.06.16"
"-99","czech republic","Czechia","f17200",11,2014,NA,"id097","Europe","jihlava international documentary film festival","01.11.14"
"-99","czech republic","Czechia","f8147",5,2017,NA,"id097","Europe","jihlava international documentary film festival","01.05.17"
NA,"czech republic","Czechia","942",3,NA,NA,"fest.lib.id1311","Europe","one world international human rights documentary film festival",NA
NA,"cordoba","Spain","998",10,2013,10,"fest.lib.id.survey.na252","Europe","festival de cine africano de cordoba",NA
"","dallas","United States","f8093",6,2018,NA,"imdbady01240","North America","oak cliff film festival","01.06.18"
"nominee: grand jury prize: documentary","dallas","United States","tffnew2042",3,2017,30,"fest.lib.id.na4","North America","afi dallas international film festival","01.03.17"
NA,"dallas","United States","1031",10,2013,NA,"fest.lib.id1427","North America","qcinema, fort worth","01.10.13"
NA,"dallas","United States","tffnew2042",3,2017,30,"fest.lib.id.na4","North America","afi dallas international film festival","01.03.17"
NA,"darwin","Australia","frnew730",9,2015,30,"fest.lib.id8160","North America","darwin film festival","01.09.15"
NA,"darwin, northern territory","Australia","1051",9,NA,NA,"fest.lib.id8160","North America","darwin film festival",NA
NA,"den haag","Netherlands","tffnew2042",3,2017,24,"fest.lib.id1189","Europe","movies that matter festival","01.03.17"
NA,"denmark","Denmark","768",8,2013,NA,"fest.lib.id1299","Europe","off - odense international film festival","01.08.13"
NA,"denmark","Denmark","768",9,2013,NA,"fest.lib.id.survey.na73","Europe","bornshorts","01.09.13"
NA,"denver","United States","46",11,2013,11,"fest.lib.id418","North America","starz denver film festival",NA
NA,"denver","United States","507",11,2012,8,"fest.lib.id418","North America","starz denver film festival",NA
NA,"denver","United States","1335",11,2013,6,"fest.lib.id418","North America","starz denver film festival",NA
NA,"denver","United States","1537",11,NA,NA,"fest.lib.id418","North America","starz denver film festival",NA
NA,"denver","United States","tffnew2042",2,2017,8,"imdbady02004","North America","denver jewish film festival","01.02.17"
NA,"denver","United States","tffnew2042",2,2017,8,"imdbady02004","North America","denver jewish film festival","01.02.17"
NA,"detmold","Germany","tffnew473",6,2010,10,"imdbady01858","Europe","international short film festival detmold","01.06.10"
"special mention","dhaka","Bangladesh","idfnew1285",1,2017,12,"fest.lib.id.survey.na155","Asia","dhaka film festival","01.01.17"
"Winner вЂ“ Promising Artist: Sophie Desmarais","dieppe","France","46",9,2013,NA,"fest.lib.id.survey.na280","Europe","festival du film canadien de dieppe",NA
NA,"different cities in the commune poindimiг© (pwгєгєdi wiimг®гў)","France","45",10,2013,20,"fest.lib.id.survey.na35","Europe","anuu-ru aboro",NA
"Grand Prix du Jury + Prix des cinéphiles","digne les bains","France","N1700342",5,2017,NA,"fest.lib.id.survey.na302","Europe","festival l'ecran s'ecrit d'allevard-les-bains","01.05.17"
NA,"dijon","France","45",11,2013,20,"fest.lib.id3546","Europe","festival du film court de dijon, fenetres sur courts",NA
NA,"dijon","France","1488",11,2012,20,"fest.lib.id3546","Europe","festival du film court de dijon, fenetres sur courts",NA
NA,"dijon","France","1641",11,2013,11,"fest.lib.id3546","Europe","festival du film court de dijon, fenetres sur courts",NA
"Winner","doha","Qatar","763",NA,2015,20,"fest.lib.id71","MENA","aljazeera documentary film festival",NA
NA,"doha","Qatar","tffnew561",11,2012,17,"imdbady00468","MENA","doha tribeca film festival","01.11.12"
NA,"donostia-san sebastian","Spain","87",4,NA,NA,"fest.lib.id799","Europe","san sebastian human rights film festival",NA
NA,"dortmund","Germany","1184",4,2014,NA,"fest.lib.id1908","Europe","international women's film festival",NA
NA,"dortmund/ cologne","Germany","496",5,2013,20,"fest.lib.id931","Asia","international women's film festival seoul",NA
NA,"drama","Greece","761",6,2015,NA,"fest.lib.id922","Europe","drama international short film festival",NA
NA,"dresden","Germany","123",4,2014,20,"fest.lib.id1899","Europe","dresden film festival",NA
"Golden Horseman Animated Film - Filmfest Dresden","dresden","Germany","879",4,2014,20,"fest.lib.id1899","Europe","dresden film festival",NA
NA,"dresden","Germany","1051",11,NA,NA,"fest.lib.id.survey.na477","Europe","move it film festival",NA
NA,"dresden","Germany","1641",4,2013,16,"fest.lib.id1899","Europe","dresden film festival",NA
"","dresden","Germany","f8093",4,2018,NA,"fest.lib.id1899","Europe","dresden film festival","01.04.18"
"-99","dresden","Germany","I1503978",4,2015,NA,"fest.lib.id1899","Europe","dresden film festival","01.04.15"
NA,"dresden","Germany","idfnew1890",5,2018,23,"imdbady01995","Europe","cena dresden","01.05.18"
NA,"dresden","Germany","tffnew473",4,2010,20,"fest.lib.id1899","Europe","dresden film festival","01.04.10"
"Special Mention","dubai","United Arab Emirates","278",12,2012,9,"fest.lib.id463","MENA","dubai international film festival",NA
"Special Mention","dubai","United Arab Emirates","416",3,2013,11,"fest.lib.id745","MENA","gulf film festival",NA
NA,"dubai","United Arab Emirates","507",3,2012,20,"fest.lib.id745","MENA","gulf film festival",NA
"Best Film: Muhr Asia Africa Documentary Competition","dubai","United Arab Emirates","1143",12,2013,12,"fest.lib.id463","MENA","dubai international film festival",NA
NA,"dublin","Ireland","16",8,2013,1,"fest.lib.id703","Europe","gaze international lgbt film festival",NA
NA,"dublin","Ireland","1184",7,2013,17,"fest.lib.id.survey.na378","Europe","ifi family festival",NA
NA,"dublin","Ireland","1335",8,2013,1,"fest.lib.id703","Europe","gaze international lgbt film festival",NA
NA,"dublin","United Kingdom","frnew382",8,2012,2,"fest.lib.id703","Europe","gaze international lgbt film festival","01.08.12"
NA,"dublin","United Kingdom","frnew482",8,2013,1,"fest.lib.id703","Europe","gaze international lgbt film festival","01.08.13"
NA,"dublin","Ireland","frnew823",7,2015,30,"fest.lib.id703","Europe","gaze international lgbt film festival","01.07.15"
NA,"duhok","Iraq","857",9,NA,NA,"fest.lib.id3912","MENA","duhok international film festival",NA
"winner: best short film","durango","United States","frnew382",2,2013,27,"imdbady01910","North America","durango independent film festival","01.02.13"
"winner – best native cinema film – audience choice award / colorado premiere","durango","United States","frnew962",3,2017,1,"imdbady01910","North America","durango independent film festival","01.03.17"
NA,"durban","South Africa","16",7,2013,18,"fest.lib.id469","Subsaharan Africa","durban international film festival",NA
NA,"durban","South Africa","998",7,2013,NA,"fest.lib.id469","Subsaharan Africa","durban international film festival",NA
NA,"durban","South Africa","1335",7,2013,18,"fest.lib.id469","Subsaharan Africa","durban international film festival",NA
NA,"durban","South Africa","frnew382",6,2013,14,"imdbady00487","Subsaharan Africa","durban gay & lesbian film festival","01.06.13"
NA,"durban","South Africa","frnew754",8,2016,19,"imdbady00487","Subsaharan Africa","durban gay & lesbian film festival","01.08.16"
"africa premiere","durban","South Africa","frnew962",8,2016,19,"imdbady00487","Subsaharan Africa","durban gay & lesbian film festival","01.08.16"
NA,"durban","South Africa","tffnew473",7,2010,22,"fest.lib.id469","Subsaharan Africa","durban international film festival","01.07.10"
"Emerging Film Award: Best Transgender Short","durham","United States","469",8,2013,NA,"fest.lib.id1286","North America","north carolina gay and lesbian film festival",NA
NA,"durham","United States","507",8,2013,11,"fest.lib.id1286","North America","north carolina gay and lesbian film festival",NA
NA,"durham","United States","f16428",4,2012,NA,"imdbady00770","North America","full frame documentary film festival","01.04.12"
NA,"durham","United States","frnew382",8,2012,10,"fest.lib.id1286","North America","north carolina gay and lesbian film festival","01.08.12"
NA,"durham","United States","frnew597",8,2015,14,"fest.lib.id1286","North America","north carolina gay and lesbian film festival","01.08.15"
NA,"durham","United States","frnew700",8,2015,14,"fest.lib.id1286","North America","north carolina gay and lesbian film festival","01.08.15"
NA,"durham","United States","frnew717",8,NA,NA,"fest.lib.id1286","North America","north carolina gay and lesbian film festival",NA
NA,"durham","United States","frnew754",8,2015,14,"fest.lib.id1286","North America","north carolina gay and lesbian film festival","01.08.15"
NA,"durham","United States","frnew823",8,2015,14,"fest.lib.id1286","North America","north carolina gay and lesbian film festival","01.08.15"
NA,"durham","United States","1031",8,2013,NA,"fest.lib.id1286","North America","north carolina gay and lesbian film festival","01.08.13"
NA,"eau claire","United States","16",10,2019,2,"fest.lib.id471","North America","eau queer film festival - university of wisconsin, eau claire",NA
NA,"eau claire","United States","frnew382",10,2012,NA,"fest.lib.id471","North America","eau queer film festival - university of wisconsin, eau claire","01.10.12"
"Winner Audience Award","eberswalde","Germany","763",10,2015,20,"fest.lib.id.survey.na549","Europe","provinziale",NA
"Winner - Documentary Competition","edinburgh","United Kingdom","763",6,2014,20,"fest.lib.id7160","Europe","edinburgh international film festival",NA
"Special AWFJ Jury Mention","edinburgh","United Kingdom","763",6,2014,20,"fest.lib.id7160","Europe","edinburgh international film festival",NA
"Basil Wright Prize","edinburgh","United Kingdom","1051",6,2013,20,"fest.lib.id1449","Europe","rai film festival",NA
NA,"edinburgh","United Kingdom","tffnew1199",2,2019,NA,"imdbady00212","Europe","borderlines film festival","01.02.19"
NA,"edison, new jersey","United States","1162",12,2012,20,"fest.lib.id.survey.na495","North America","new jersey independent south asian cinema festival",NA
NA,"edmonton","Canada","1051",5,NA,NA,"fest.lib.id724","North America","global visions film festival",NA
"runner-up – audience choice / alberta premiere","edmonton","Canada","frnew962",11,2016,3,"imdbady01373","North America","rainbow visions edmonton","01.11.16"
NA,"edmonton","Canada","frnew962",6,2017,9,"imdbady01916","North America","edmonton pride","01.06.17"
"-99","egypt","Egypt","f7851",11,2016,NA,"fest.lib.id275","MENA","cairo international film festival","01.11.16"
NA,"ekaterinburg","Russia","tffnew2042",10,2020,12,"imdbady02251","Europe","yekaterinburg jewish film festival","01.10.20"
NA,"ellensburg","United States","idfnew1378",10,2016,7,"imdbady02274","North America","ellensburg film festival","01.10.16"
NA,"emden","Germany","I1704092",6,2017,7,"fest.lib.id7903","Europe","emden international film festival","01.06.17"
NA,"emmental","Switzerland","frnew382",10,2013,18,"imdbady01959","Europe","emmentaler filmtage","01.10.13"
"Nominated Best Doc","england","United Kingdom","f9110",9,2012,NA,"fest.lib.id7074","Europe","raindance film festival","01.09.12"
NA,"erie","United States","frnew754",11,2014,28,"imdbady01783","North America","erie international film festival","01.11.14"
NA,"eskisehir","Turkey","1335",5,2013,3,"fest.lib.id878","Asia","eskisehir international film festival",NA
NA,"eskisehir","Turkey","tffnew2054",5,2017,5,"fest.lib.id878","Asia","eskisehir international film festival","01.05.17"
NA,"espinho","Portugal","416",11,2012,12,"fest.lib.id318","Europe","cinanima - international animated film festival",NA
"Grand Prize - Cinanima","espinho","Portugal","879",11,2013,20,"fest.lib.id318","Europe","cinanima - international animated film festival",NA
NA,"espinho","Portugal","1184",11,2013,11,"fest.lib.id318","Europe","cinanima - international animated film festival",NA
NA,"espinho","Portugal","1537",11,NA,NA,"fest.lib.id318","Europe","cinanima - international animated film festival",NA
NA,"espinho","Portugal","I1705285",11,2017,NA,"fest.lib.id318","Europe","cinanima - international animated film festival","01.11.17"
NA,"espinho","Portugal","tffnew473",11,2009,9,"fest.lib.id318","Europe","cinanima - international animated film festival","01.11.09"
NA,"espoo","Finland","768",8,2013,NA,"fest.lib.id495","Europe","espoo film festival","01.08.13"
NA,"esslingen","Germany","frnew382",11,NA,NA,"imdbady01940","Europe","queerfilmfestival esslingen",NA
NA,"esslingen","Germany","frnew700",11,2015,12,"imdbady01940","Europe","queerfilmfestival esslingen","01.11.15"
"grand prix du conseil génêral de l'essonne","essonne","France","frnew382",11,2012,13,"fest.lib.id.na97","Europe","festival du cinema europeen en essonne","01.11.12"
"-99","estambul & ankara","Turkey","f17466",1,2016,NA,"fest.lib.id8662","Asia","kuirfest pembe hayat/pink life queer fest","01.01.16"
NA,"estoril","Portugal","1335",11,2013,8,"fest.lib.id.na305","Europe","lisbon & estoril film festival",NA
NA,"evreux","France","1184",12,2014,12,"fest.lib.id.na146","Europe","educational film festival",NA
"-99","evreux","France","N1700342",10,2017,NA,"fest.lib.id.na146","Europe","educational film festival","01.10.17"
NA,"falun","Sweden","1051",4,NA,NA,"fest.lib.id.survey.na219","Europe","falun existential film festival",NA
"Menzione speciale della giuria","fano","Italy","1520",10,NA,NA,"fest.lib.id.survey.na221","Europe","fano film festival",NA
"Best Swiss Award - Fantoche","fantoche","Switzerland","879",10,2013,20,"fest.lib.id7232","Europe","fantoche international animation festival badengerman speaking region",NA
NA,"fargo","United States","frnew754",9,2016,16,"fest.lib.id8006","North America","fargo-moorhead lgbtq film festival","01.09.16"
"winner – best documentary / opening night feature","fargo-moorhead","United States","frnew962",9,2016,16,"fest.lib.id8006","North America","fargo-moorhead lgbtq film festival","01.09.16"
"","ferizaj","Kosovo","f8093",9,2018,NA,"imdbady00900","Europe","international film festival - ferfilm","01.09.18"
NA,"ferrol","Spain","1520",12,2012,20,"fest.lib.id.survey.na689","Europe","xornadas ""mostra de curtametraxes"" ",NA
"-99","finland","Finland","f9110",7,2012,NA,"fest.lib.id495","Europe","espoo film festival","01.07.12"
NA,"flagstaff","United States","tffnew473",10,2010,NA,"fest.lib.id7849","North America","flagstaff mountain film festival","01.10.10"
NA,"flensburg","Germany","45",11,2012,20,"fest.lib.id.survey.na338","Europe","flensburger kurzfilmtage",NA
NA,"flensburg","Germany","879",11,2014,20,"fest.lib.id.survey.na338","Europe","flensburger kurzfilmtage",NA
NA,"flensburg","Germany","frnew382",11,2012,22,"fest.lib.id.survey.na338","Europe","flensburger kurzfilmtage","01.11.12"
NA,"florence","Italy","16",11,2013,6,"fest.lib.id651","Europe","florence queer festival",NA
NA,"florence","Italy","663",7,2013,NA,"fest.lib.id553","Europe","festival dei popoli - docs at home",NA
NA,"florence","Italy","frnew382",15,2013,25,"fest.lib.id651","Europe","florence queer festival",NA
NA,"florence","Italy","frnew860",11,2016,10,"fest.lib.id651","Europe","florence queer festival","01.11.16"
NA,"florence","Italy","tffnew2042",4,2017,4,"fest.lib.id.survey.na461","Europe","middle east now","01.04.17"
NA,"florence","Italy","tffnew2042",4,2017,4,"fest.lib.id.survey.na461","Europe","middle east now","01.04.17"
NA,"florida","United States","768",3,2014,NA,"fest.lib.id5242","North America","fort myers film festival","01.03.14"
NA,"forli","Italy","416",10,2013,5,"fest.lib.id1560","Europe","sedicicorto international film festival",NA
"College Film Competition / Short Narrative (Under 20 min) 2nd Place","fort lauderdale","United States","507",9,2012,7,"fest.lib.id.na199","North America","fort lauderdale gay & lesbian film festival",NA
NA,"fort lauderdale","United States","frnew597",11,2014,7,"fest.lib.id650","North America","fort lauderdale international film festival","01.11.14"
"opening film","fort worth","United States","frnew962",11,2016,10,"fest.lib.id1427","North America","qcinema, fort worth","01.11.16"
NA,"forth worth","United States","frnew700",11,2016,10,"fest.lib.id1427","North America","qcinema, fort worth","01.11.16"
"Best Short Film","foyle","United Kingdom","507",11,2012,25,"fest.lib.id664","Europe","foyle film festival",NA
"-99","france","France","f8147",11,2018,NA,"imdbady02282","Europe","rencontres internationales paris/berlin/madrid","01.11.18"
"Best Film","france","France","f8278",3,2018,NA,"imdbady02356","Europe","a l'est du nouveau","01.03.18"
"Nominated Camera d'Or","france","Argentina","f9110",5,2012,NA,"imdbady00275","Latin America and Caribbean","cannes film festival week","01.05.12"
"-99","france","France","I1101332",2,2010,NA,"fest.lib.id364","Europe","clermont-ferrand international film festival","01.02.10"
"-99","france","France","I1101332",6,2010,NA,"fest.lib.id117","Europe","annecy international animation film festival","01.06.10"
"-99","france","France","I1503509",2,2014,NA,"fest.lib.id364","Europe","clermont-ferrand international film festival","01.02.14"
"Public Prize at the contest  Filme ton travail","france","France","I1605397",2,NA,NA,"fest.lib.id.survey.na328","Europe","filmer le travail",NA
NA,"france","France","1692",1,2013,NA,"fest.lib.id364","Europe","clermont-ferrand international film festival","01.01.13"
NA,"france","France","1692",5,2013,NA,"fest.lib.id285","Europe","cannes international film festival","01.05.13"
NA,"frankfurt","Germany","140",3,2014,20,"fest.lib.id1996","Europe","frankfurt international film festival",NA
NA,"frankfurt am main","Germany","1143",5,2014,27,"fest.lib.id1918","Europe","frankfurt nippon connection festival",NA
NA,"frankfurt am main","Germany","1184",9,2013,NA,"fest.lib.id1898","Europe","lucas international children's film festival",NA
"new brunswick premiere","fredericton","Canada","frnew962",11,2016,3,"id209","North America","silver wave film festival","01.11.16"
NA,"fredrikstad","Norway","45",11,2014,20,"fest.lib.id.survey.na344","Europe","fredrikstad animation festival",NA
NA,"fredrikstad","Norway","205",11,2012,8,"fest.lib.id.survey.na344","Europe","fredrikstad animation festival",NA
NA,"fredrikstad","Norway","idfnew1378",5,2016,26,"imdbady01224","Europe","nordic docs","01.05.16"
NA,"freiburg","Germany","frnew382",5,2013,1,"fest.lib.id1975","Europe","freiburg gay film festival","01.05.13"
NA,"freiburg im breisgau","Germany","16",5,2014,1,"fest.lib.id1975","Europe","freiburg gay film festival",NA
NA,"freiburg im breisgau","Germany","1335",4,2013,30,"fest.lib.id1989","Europe","freiburger lesbenfilmtage",NA
"würdingungspreis der stadt freistadt 2012 (winner)","freistadt","Austria","idfnew356",8,2012,24,"imdbady00438","Europe","der neue heimatfilm","01.08.12"
NA,"freistadt","Austria","tffnew561",8,2012,22,"imdbady00438","Europe","der neue heimatfilm","01.08.12"
NA,"fresno","United States","16",9,2013,12,"fest.lib.id7878","North America","fresno reel pride film festival",NA
NA,"fresno","United States","frnew754",9,2015,16,"fest.lib.id7878","North America","fresno reel pride film festival","01.09.15"
NA,"fresno","United States","frnew962",9,2016,21,"fest.lib.id7878","North America","fresno reel pride film festival","01.09.16"
NA,"fresno","United States","1031",9,2013,NA,"fest.lib.id7878","North America","fresno reel pride film festival","01.09.13"
NA,"fribourg","Switzerland","1051",3,NA,NA,"fest.lib.id.na207","Europe","fiff - festival international de films de fribourg",NA
NA,"fribourg","Switzerland","1143",3,2014,29,"fest.lib.id.na207","Europe","fiff - festival international de films de fribourg",NA
NA,"fribourg","Switzerland","idfnew356",3,2012,24,"fest.lib.id.na207","Europe","fiff - festival international de films de fribourg","01.03.12"
NA,"gainesville","United States","tffnew2042",3,2017,19,"imdbady02006","North America","gainesville jewish film festival","01.03.17"
NA,"gainesville","United States","tffnew2042",3,2017,19,"imdbady02006","North America","gainesville jewish film festival","01.03.17"
NA,"gangtok","India","278",NA,2014,20,"fest.lib.id.survey.na612","Asia","small town film fest",NA
"-99","","United Kingdom","f8147",10,2017,NA,"fest.lib.id208","Europe","bfi london film festival","01.10.17"
NA,"gdansk","Poland","idfnew1252",6,2016,23,"fest.lib.id.survey.na353","Europe","gdansk docfilm festival","01.06.16"
"Winner Small Gate of Freedom Award","gdansk","Poland","763",5,2014,20,"fest.lib.id.survey.na353","Europe","gdansk docfilm festival",NA
NA,"gdynia","Poland","idfnew1252",9,2015,14,"fest.lib.id1402","Europe","polish film festival gdynia","01.09.15"
NA,"geneva","Switzerland","278",6,2014,17,"fest.lib.id534","Europe","black movie film festival",NA
"Jury's Special Mention - Animatou","geneva","Switzerland","879",10,2013,20,"fest.lib.id108","Europe","animatou festival international du film d'animation",NA
NA,"geneva","Switzerland","1184",10,2013,10,"fest.lib.id108","Europe","animatou festival international du film d'animation",NA
NA,"geneva","Switzerland","1537",10,NA,NA,"fest.lib.id108","Europe","animatou festival international du film d'animation",NA
NA,"geneva","Switzerland","f17365",1,2016,22,"fest.lib.id534","Europe","black movie film festival","01.01.16"
"-99","geneva","Switzerland","f17466",11,2015,NA,"imdbady02339","Europe","festival filmar en america latina","01.11.15"
NA,"geneva","Switzerland","frnew382",9,2012,21,"fest.lib.id566","Europe","festival international de films everybody's perfect","01.09.12"
"mention spéciale du jury","geneva","Switzerland","frnew382",2,2013,20,"imdbady01958","Europe","festival courtoujours, geneva","01.02.13"
NA,"geneva","Switzerland","idfnew1285",11,2015,13,"imdbady02339","Europe","festival filmar en america latina","01.11.15"
"Gilda Vieira de Mello Prize","geneva/ various smaller cities around geneva","Switzerland","1051",3,2013,20,"fest.lib.id894","Europe","geneva film festival",NA
NA,"genf","Switzerland","frnew860",10,2016,14,"fest.lib.id566","Europe","festival international de films everybody's perfect","01.10.16"
NA,"gent","Belgium","879",2,2015,20,"fest.lib.id.survey.na325","Europe","film festival cine prive in gent",NA
"-99","georgia","Georgia","f7851",9,2016,NA,"fest.lib.id211","Asia","batumi international art film festival","01.09.16"
"Silber bear prize of the Jury","","Germany","f17200",2,2014,NA,"fest.lib.id1888","Europe","berlin international film festival","01.02.14"
"-99","","Germany","f17200",5,2014,NA,"fest.lib.id1889","Europe","international short film festival oberhausen","01.05.14"
"-99","","Germany","f17200",11,2014,NA,"fest.lib.id.na458","Europe","unlimited short film festival cologne","01.11.14"
"FIPRESCI","","Germany","f17515",2,2015,NA,"fest.lib.id1888","Europe","berlin international film festival","01.02.15"
"-99","","Germany","f17515",5,2015,NA,"fest.lib.id1956","Europe","dokfest","01.05.15"
"-99","","Germany","f7851",2,2016,NA,"fest.lib.id1888","Europe","berlin international film festival","01.02.16"
"-99","","Germany","f8147",2,2017,NA,"fest.lib.id1888","Europe","berlin international film festival","01.02.17"
"-99","","Germany","f8147",5,2017,NA,"fest.lib.id1889","Europe","international short film festival oberhausen","01.05.17"
"-99","","Germany","f8147",6,2017,NA,"fest.lib.id1892","Europe","hamburg international short film festival","01.06.17"
"-99","","Germany","f8147",1,2018,NA,"fest.lib.id1923","Europe","filmwinter stuttgart festival for expanded media","01.01.18"
"-99","","Germany","f8222",2,2017,NA,"fest.lib.id1888","Europe","berlin international film festival","01.02.17"
"-","","Germany","f8278",5,2017,NA,"fest.lib.id.survey.na494","Europe","neisse filmfestival","01.05.17"
"-","","Germany","f8278",5,2017,NA,"imdbady00702","Europe","film polska film festival in berlin","01.05.17"
"-99","","Germany","I1101332",4,2010,NA,"fest.lib.id1889","Europe","international short film festival oberhausen","01.04.10"
"-99","","Germany","I1101332",11,2010,NA,"fest.lib.id1925","Europe","kasseler dokumentarfilm- und videofest","01.11.10"
"-99","","Germany","I1503509",11,2014,NA,"fest.lib.id1890","Europe","dok leipzig","01.11.14"
NA,"","Germany","942",2,2013,NA,"fest.lib.id1888","Europe","berlin international film festival","01.02.13"
"-99","ghent","Belgium","f8166",3,2017,NA,"fest.lib.id.survey.na137","Europe","courtisane festival - notes on cinema","01.03.17"
NA,"gibsons","Canada","frnew823",6,2015,26,"imdbady02076","North America","queer projections","01.06.15"
"Best Short Film Award ","giffoni valle piana","Italy","416",7,2013,19,"fest.lib.id7257","Europe","giffoni film festival",NA
NA,"gijon","Spain","tffnew561",11,2013,15,"fest.lib.id716","Europe","gijon international film festival","01.11.13"
NA,"gimli, manitoba","Canada","1051",7,NA,NA,"fest.lib.id6065","North America","gimli film festival",NA
NA,"glasgow","United Kingdom","879",2,2014,20,"fest.lib.id7565","Europe","glasgow short film festival",NA
NA,"glasgow","United Kingdom","1051",10,NA,NA,"fest.lib.id447","Europe","document film festival glasgow",NA
"-99","glasgow","United Kingdom","I1503978",3,2015,NA,"fest.lib.id7565","Europe","glasgow short film festival","01.03.15"
NA,"glasgow","United Kingdom","frnew700",9,2015,24,"imdbady01469","Europe","scottish queer international film festival","01.09.15"
NA,"glasgow","United Kingdom","frnew754",12,2014,22,"imdbady01782","Europe","glasgow independent film festival","01.12.14"
NA,"glasgow","United Kingdom","frnew860",9,2016,29,"imdbady01469","Europe","scottish queer international film festival","01.09.16"
NA,"glasgow","United Kingdom","frnew962",3,2017,24,"imdbady01911","Europe","glitch film festival","01.03.17"
NA,"goa","India","f16574",11,2011,NA,"fest.lib.id823","Asia","international film festival of india","01.11.11"
NA,"goa","India","f16574",11,2011,NA,"fest.lib.id823","Asia","international film festival of india","01.11.11"
NA,"goa","India","f17365",11,2016,20,"fest.lib.id823","Asia","international film festival of india","01.11.16"
NA,"goa","India","tffnew2054",11,2016,20,"fest.lib.id823","Asia","international film festival of india","01.11.16"
NA,"goa","India","tffnew561",11,2012,20,"fest.lib.id823","Asia","international film festival of india","01.11.12"
"-99","goiânia","Brazil","f8309",3,2017,23,"imdbady00634","Latin America and Caribbean","festival internacional de cinema da fronteira","01.03.17"
"Honorary Mention","goiгўs","Brazil","763",6,2015,20,"fest.lib.id4890","Latin America and Caribbean","fica",NA
NA,"goteborg","Sweden","idfnew1252",1,2016,29,"fest.lib.id731","Europe","goteborg film festival","01.01.16"
NA,"goteborg","Sweden","tffnew2042",1,2017,27,"fest.lib.id731","Europe","goteborg film festival","01.01.17"
NA,"goteborg","Sweden","tffnew561",1,2013,25,"fest.lib.id731","Europe","goteborg film festival","01.01.13"
NA,"gothenburg","Sweden","tffnew2042",1,2017,27,"fest.lib.id731","Europe","goteborg film festival","01.01.17"
NA,"granada","Spain","45",10,2013,20,"fest.lib.id.na170","Europe","international young filmmakers festival of granada",NA
NA,"granada","Spain","416",10,2013,21,"id332","Europe","granada international short film festival",NA
NA,"grand rapids","United States","frnew700",10,2016,23,"imdbady01947","North America","grand rapids feminist film festival","01.10.16"
NA,"grande prairie","Canada","507",5,2013,3,"fest.lib.id7577","North America","reel shorts film festival",NA
NA,"graz","Austria","507",3,2012,20,"fest.lib.id424","Europe","diagonale festival des oesterreichischen films",NA
NA,"graz","Austria","frnew860",3,2016,8,"fest.lib.id424","Europe","diagonale festival des oesterreichischen films","01.03.16"
NA,"great barrington","United States","507",5,2013,31,"fest.lib.id5688","North America","berkshire international film festival",NA
"Premier Prix (First Prize)","grenoble","France","1658",4,2014,20,"fest.lib.id.survey.na231","Europe","festival 3d de grenoble",NA
NA,"grimstad","Norway","87",6,NA,NA,"fest.lib.id1292","Europe","the norwegian short film festival",NA
"Grand Prize","grimstad","Norway","1051",6,2013,20,"fest.lib.id1292","Europe","the norwegian short film festival",NA
"-99","grimstad","Norway","I1701298",6,2017,NA,"fest.lib.id1292","Europe","the norwegian short film festival","01.06.17"
NA,"grimstad","Norway","idfnew1378",6,2016,8,"fest.lib.id1292","Europe","the norwegian short film festival","01.06.16"
NA,"grosshennersdorf","Germany","tffnew2054",5,2017,9,"fest.lib.id.survey.na494","Europe","neisse filmfestival","01.05.17"
NA,"grundarfjг¶rг°ur","Iceland","507",11,2013,15,"fest.lib.id8008","Europe","northern wave international film festival",NA
NA,"guadalajara","Mexico","45",3,2012,20,"fest.lib.id744","Latin America and Caribbean","guadalajara film festival",NA
NA,"guadalajara","Mexico","46",3,2014,NA,"fest.lib.id744","Latin America and Caribbean","guadalajara film festival",NA
NA,"guadalajara","Mexico","1051",3,NA,NA,"fest.lib.id744","Latin America and Caribbean","guadalajara film festival",NA
NA,"guadalajara","Mexico","1335",3,2014,20,"fest.lib.id744","Latin America and Caribbean","guadalajara film festival",NA
NA,"guadalajara","Spain","1520",9,NA,NA,"fest.lib.id568","Europe","fescigu - fest. cine solidario de guadalajara",NA
"-99","guadalajara","Mexico","1225",3,2011,NA,"fest.lib.id744","Latin America and Caribbean","guadalajara film festival","01.03.11"
NA,"guadalajara","Mexico","tffnew561",3,2013,1,"fest.lib.id744","Latin America and Caribbean","guadalajara film festival","01.03.13"
"special metion mexican documentary","guanajuato","Mexico","idfnew1285",7,2015,17,"fest.lib.id3831","Latin America and Caribbean","festival international de cine expression en corto","01.07.15"
"Golden Kapok Award (Best Direction)","guangzhou","China","278",12,2012,3,"fest.lib.id747","Asia","gzdoc - guangzhou documentary festival",NA
"Best Film & Director","guatemala city","Guatemala","140",NA,2013,20,"fest.lib.id8318","Latin America and Caribbean","festival icaro guatemala",NA
NA,"guatemala city","Guatemala","1051",NA,NA,NA,"fest.lib.id8318","Latin America and Caribbean","festival icaro guatemala",NA
NA,"guatemala city","Guatemala","frnew754",7,2015,4,"fest.lib.id.survey.na433","Latin America and Caribbean","la otra banqueta - the guatemala film festival on sexual diversity","01.07.15"
"best documentary award","guatemala city","Guatemala","idfnew1285",9,2016,6,"fest.lib.id8318","Latin America and Caribbean","festival icaro guatemala","01.09.16"
NA,"gudhjem","Denmark","tffnew473",8,2010,27,"fest.lib.id.survey.na73","Europe","bornshorts","01.08.10"
NA,"guelph","Canada","frnew962",10,2017,NA,"imdbady01920","North America","queer identities week","01.10.17"
NA,"guwahati","India","tffnew2054",10,2017,28,"imdbady02366","Asia","guwahati international film festival","01.10.17"
NA,"hagerstown","United States","507",4,2013,12,"fest.lib.id5381","North America","maryland international film festival",NA
NA,"hagondange","France","1641",10,2012,5,"fest.lib.id.survey.na122","Europe","city court festival hagondange",NA
"Finalist","hagгґtг±a","United States","507",9,2013,24,"fest.lib.id8306","North America","guam international film festival",NA
NA,"haifa","Israel","763",10,2015,20,"fest.lib.id751","MENA","haifa film festival",NA
"Best debut Feature, Best Editing, Best Cinematography","haifa","Israel","f8225",10,2017,NA,"fest.lib.id751","MENA","haifa film festival","01.10.17"
"-99","haifa","Israel","f9051",10,2011,NA,"fest.lib.id751","MENA","haifa film festival","01.10.11"
NA,"halifax","Canada","1335",9,2013,12,"fest.lib.id632","North America","atlantic film festival",NA
"Meilleur court mГ©trage canadien (Jury Jeunes, Г©lГ©mentaire)","halifax","Canada","1641",4,2013,14,"fest.lib.id.survey.na669","North America","viewfinders international film festival for youth",NA
NA,"halifax","Canada","frnew730",6,2015,11,"imdbady01278","North America","outeast film festival","01.06.15"
NA,"hamburg","Germany","16",10,2013,8,"fest.lib.id1904","Europe","hamburg international queer film festival",NA
NA,"hamburg","Germany","16",11,2015,5,"fest.lib.id2002","Europe","african film festival hamburg",NA
NA,"hamburg","Germany","45",4,2012,20,"fest.lib.id.survey.na180","Europe","dokumentarfilmwoche hamburg",NA
NA,"hamburg","Germany","45",9,2012,20,"fest.lib.id1892","Europe","hamburg international short film festival",NA
NA,"hamburg","Germany","440",10,2013,20,"fest.lib.id1904","Europe","hamburg international queer film festival",NA
"Jury Award German Competition","hamburg","Germany","663",9,2012,5,"fest.lib.id1892","Europe","hamburg international short film festival",NA
NA,"hamburg","Germany","1641",6,2013,4,"fest.lib.id1950","Europe","mo&friese kinderkurzfilmfestival",NA
"-99","hamburg","Germany","f16383",6,2011,NA,"fest.lib.id1892","Europe","hamburg international short film festival","01.06.11"
"-99","hamburg","Germany","N1500531",NA,2014,NA,"imdbady02400","Europe","festival international du cinéma libre
",NA
"silver prize ""made in germany""","hamburg","Germany","frnew382",10,2012,16,"fest.lib.id1904","Europe","hamburg international queer film festival","01.10.12"
"winner: best genderbender short","hamburg","Germany","frnew383",10,2012,16,"fest.lib.id1904","Europe","hamburg international queer film festival","01.10.12"
NA,"hamburg","Germany","frnew482",10,2013,15,"fest.lib.id1904","Europe","hamburg international queer film festival","01.10.13"
NA,"hamburg","Germany","frnew754",10,2015,20,"fest.lib.id1904","Europe","hamburg international queer film festival","01.10.15"
NA,"hamburg","Germany","frnew823",10,2015,20,"fest.lib.id1904","Europe","hamburg international queer film festival","01.10.15"
"publikumspreis / audience award","hamburg","Germany","frnew860",10,2015,20,"fest.lib.id1904","Europe","hamburg international queer film festival","01.10.15"
NA,"hamburg","Germany","idfnew1499",10,2017,5,"fest.lib.id1895","Europe","hamburg film festival","01.10.17"
NA,"hamburg","Germany","334",10,2013,NA,"fest.lib.id1895","Europe","hamburg film festival","01.10.13"
NA,"hamburg","Germany","tffnew2054",10,2016,29,"fest.lib.id1895","Europe","hamburg film festival","01.10.16"
NA,"hamilton","Bermuda","507",1,2012,16,"fest.lib.id201","North America","bermuda international film festival",NA
"Special Jury Prize","hamilton","Bermuda","761",3,2014,NA,"fest.lib.id201","North America","bermuda international film festival",NA
NA,"hamilton","Bermuda","1051",1,NA,NA,"fest.lib.id201","North America","bermuda international film festival",NA
NA,"hannover","Germany","507",10,2013,23,"fest.lib.id1960","Europe","perlen queer film festival hannover",NA
NA,"hannover","Germany","frnew382",10,2012,21,"fest.lib.id1960","Europe","perlen queer film festival hannover","01.10.12"
NA,"hannover","Germany","frnew823",11,2015,12,"fest.lib.id1960","Europe","perlen queer film festival hannover","01.11.15"
NA,"hannover","Germany","frnew860",10,2016,16,"fest.lib.id1960","Europe","perlen queer film festival hannover","01.10.16"
NA,"hannover","Germany","frnew962",10,2017,15,"fest.lib.id1960","Europe","perlen queer film festival hannover","01.10.17"
NA,"hanover","Germany","440",10,2014,20,"fest.lib.id1960","Europe","perlen queer film festival hannover",NA
NA,"happy valley-goose bay","Canada","frnew962",7,2018,13,"imdbady01926","North America","pride movie night","01.07.18"
NA,"harare","Zimbabwe","998",8,2014,NA,"fest.lib.id824","Sub Saharan Africa","international images film festival for women",NA
NA,"hartford","United States","469",6,2013,NA,"fest.lib.id378","North America","connecticut gay and lesbian film festival",NA
NA,"hartford","United States","frnew382",5,2013,31,"imdbady01274","North America","out film festival","01.05.13"
"scandinavia premiere","hastard","Norway","frnew962",10,2016,27,"imdbady01908","Europe","arctic moving image & film festival","01.10.16"
NA,"haugesund","Norway","I1704092",8,2016,21,"fest.lib.id1291","Europe","norwegian international film festival haugesund","01.08.16"
NA,"havana","Cuba","140",12,2013,20,"fest.lib.id.survey.na431","Latin America and Caribbean","la habana international film festival",NA
NA,"havana","Cuba","440",12,2013,20,"fest.lib.id.na232","Latin America and Caribbean","havana international film festival",NA
NA,"havana","Cuba","857",12,NA,NA,"fest.lib.id.na232","Latin America and Caribbean","havana international film festival",NA
NA,"havana","Cuba","1335",12,2013,5,"fest.lib.id.na232","Latin America and Caribbean","havana international film festival",NA
"-99","havana ","Cuba","I1605334",12,2016,NA,"fest.lib.id.na232","Latin America and Caribbean","havana international film festival","01.12.16"
NA,"havanna","Cuba","idfnew1285",12,2015,3,"fest.lib.id891","Latin America and Caribbean","festival international del nuevo cine latinoamericano","01.12.15"
"Winner Audience Award","hawaii","United States","f9110",6,2012,NA,"imdbady01116","North America","maui film festival","01.06.12"
NA,"helsinki","Finland","416",9,2013,19,"fest.lib.id759","Europe","helsinki international film festival",NA
NA,"helsinki","Finland","507",9,2013,23,"fest.lib.id759","Europe","helsinki international film festival",NA
NA,"helsinki","Finland","1051",9,NA,NA,"fest.lib.id759","Europe","helsinki international film festival",NA
NA,"helsinki","Finland","I1704092",9,2016,15,"fest.lib.id759","Europe","helsinki international film festival","01.09.16"
"-99","helsinki","Finland","f7963",9,2016,15,"fest.lib.id759","Europe","helsinki international film festival","01.09.16"
NA,"helsinki",NA,"frnew482",9,2014,18,"imdbady01375","Europe","rakkautta & anarkiaa festival","01.09.14"
NA,"helsinki","Finland","idfnew1890",1,2018,29,"id335","Europe","docpoint helsinki documentary film festival","01.01.18"
NA,"helsinki","Finland","idfnew1378",1,2017,23,"id335","Europe","docpoint helsinki documentary film festival","01.01.17"
NA,"helsinki","Finland","tffnew2054",9,2017,14,"fest.lib.id759","Europe","helsinki international film festival","01.09.17"
NA,"helsinki","Finland","tffnew561",1,2013,24,"id335","Europe","docpoint helsinki documentary film festival","01.01.13"
"Audience Award","hendaye","France","1537",10,NA,NA,"fest.lib.id.survey.na367","Europe","hendaia film festival",NA
NA,"herceg novi","Montenegro","45",8,2013,20,"fest.lib.id.survey.na467","Europe","montenegro film festival",NA
NA,"hermoupolis","Greece","frnew717",9,2015,24,"fest.lib.id102","Europe","animasyros international animation festival","01.09.15"
NA,"hiroshima","Japan","416",8,2012,23,"fest.lib.id762","Asia","hiroshima international animation festival",NA
NA,"hiroshima","Japan","879",8,2014,20,"fest.lib.id762","Asia","hiroshima international animation festival",NA
"-99","hiroshima","Japan","I1503509",8,2014,NA,"fest.lib.id762","Asia","hiroshima international animation festival","01.08.14"
NA,"hollywood","United States","1335",11,2013,7,"fest.lib.id39","North America","afi fest los angeles international film festival",NA
NA,"hong kong","China","507",9,2013,24,"fest.lib.id782","Asia","hong kong international lesbian and gay film festival",NA
NA,"hong kong","China","879",9,2014,20,"fest.lib.id855","Asia","indpanda international film festival",NA
"-99","hong kong","China","f17027",3,2013,NA,"fest.lib.id763","Asia","hong kong international film festival","01.03.13"
"-99","hong kong","China","f7851",4,2016,NA,"fest.lib.id763","Asia","hong kong international film festival","01.04.16"
"-99","hong kong","China","f8309",4,2017,24,"fest.lib.id763","Asia","hong kong international film festival","01.04.17"
"-99","hong kong","Hong Kong SAR China","I1405498",8,2014,NA,"fest.lib.id855","Asia","indpanda international film festival","01.08.14"
NA,"hong kong","China","frnew382",8,2012,NA,"fest.lib.id855","Asia","indpanda international film festival","01.08.12"
NA,"hong kong","China","frnew700",10,2015,NA,"imdbady01936","Asia","homotopia pink season","01.10.15"
NA,"hong kong","China","frnew754",9,2015,19,"fest.lib.id782","Asia","hong kong international lesbian and gay film festival","01.09.15"
NA,"hong kong","China","1031",9,2013,NA,"fest.lib.id782","Asia","hong kong international lesbian and gay film festival","01.09.13"
NA,"hong kong","China","idfnew1252",10,2019,4,"fest.lib.id.survey.na369","Asia","human rights documentary film festival hong kong","01.10.19"
NA,"hong kong","Hong Kong SAR China","tffnew2054",4,2017,11,"fest.lib.id763","Asia","hong kong international film festival","01.04.17"
NA,"hong kong","Hong Kong SAR China","tffnew561",3,2013,17,"fest.lib.id763","Asia","hong kong international film festival","01.03.13"
NA,"honolulu","United States","1184",6,2014,NA,"fest.lib.id9683","North America","world oceans day film festival honolulu museum of art",NA
NA,"hot springs, arkansas","United States","1051",10,NA,NA,"fest.lib.id788","North America","hot springs documentary film festival",NA
NA,"houston","United States","16",7,2013,25,"fest.lib.id1432","North America","qfest houston gay lesbian film festival",NA
NA,"houston","United States","469",7,2012,NA,"fest.lib.id1432","North America","qfest houston gay lesbian film festival",NA
NA,"houston","United States","507",6,2013,16,"fest.lib.id.survey.na366","North America","h-town multicultural film festival",NA
NA,"houston","United States","frnew382",7,2012,24,"fest.lib.id1432","North America","qfest houston gay lesbian film festival","01.07.12"
"winner – best international documentary – jury award","houston","United States","frnew962",4,2017,28,"imdbady01360","North America","queer hippo international lgbt film festival","01.04.17"
NA,"houston","United States","1031",7,2013,NA,"fest.lib.id1432","North America","qfest houston gay lesbian film festival","01.07.13"
NA,"houston","United States","idfnew1285",3,2017,23,"imdbady02348","North America","houston latino film festival","01.03.17"
NA,"huescaв ","Spain","663",6,2013,NA,"fest.lib.id792","Europe","huesca international film festival",NA
NA,"huescaв ","Spain","761",6,2013,NA,"fest.lib.id792","Europe","huesca international film festival",NA
NA,"huescaв ","Spain","1520",6,2012,20,"fest.lib.id792","Europe","huesca international film festival",NA
NA,"iasi","Romania","tffnew473",10,2010,NA,"imdbady01868","Europe","iasi film festival","01.10.10"
NA,"iaxapa","Mexico","frnew962",8,2016,4,"imdbady01134","Latin America and Caribbean","micgenero","01.08.16"
NA,"idyllwild","United States","frnew717",1,2015,6,"imdbady01813","North America","idyllwild international festival of cinema","01.01.15"
"Best Film Award","ierapetra","Greece","278",8,2015,1,"fest.lib.id6521","Europe","international documentary festival of ierapetra",NA
"best international animation","imperia","Italy","tffnew473",4,2010,20,"imdbady01839","Europe","video festival imperia","01.04.10"
"-99","in the cities of vasia","Italy","I1505412",4,2015,NA,"imdbady01839","Europe","video festival imperia","01.04.15"
"","india","India","f17515",11,2016,NA,"fest.lib.id984","Asia","kolkata international film festival","01.11.16"
"-99","india","India","f7851",11,2016,NA,"fest.lib.id823","Asia","international film festival of india","01.11.16"
NA,"indiana, pennsylvania","United States","469",10,2013,10,"fest.lib.id.survey.na386","North America","indianacares - indiana lgbt film festival",NA
NA,"indianapolis","United States","507",7,2013,19,"fest.lib.id.na250","North America","indianapolis international film festival",NA
NA,"indianapolis","United States","frnew754",11,2014,7,"imdbady00879","North America","indianapolis lgbt film festival","01.11.14"
NA,"ingolstadt","Germany","tffnew473",5,2010,15,"imdbady01857","Europe","20min|max kurzfilmfestival","01.05.10"
NA,"insko","Poland","idfnew1252",NA,2015,NA,"imdbady02273","Europe","insko film summer",NA
"arctic premiere","iqaluit","Canada","frnew962",6,2016,29,"imdbady01896","North America","alianait arts festival","01.06.16"
"-99","ireland","Ireland","f17466",7,2015,NA,"fest.lib.id.na213","Europe","galway film fleadh premiere","01.07.15"
"","ireland","Ireland","f17515",11,2015,NA,"fest.lib.id381","Europe","cork international film festival","01.11.15"
"-99","ireland","Ireland","N1700342",10,2016,NA,"fest.lib.id851","Europe","indiecork festival of independent film","01.10.16"
"Winner Best Documentary Award","irkutsk","Russia","763",NA,2014,20,"fest.lib.id8653","Europe","baikal film festival irkutsk",NA
NA,"irvine","United States","278",10,2013,17,"fest.lib.id7281","North America","silent river film festival",NA
NA,"irvine","United States","507",1,2014,10,"fest.lib.id6585","North America","irvine international film festival",NA
NA,"irvine","United States","1051",1,NA,NA,"fest.lib.id6585","North America","irvine international film festival",NA
NA,"ischia","Italy","278",6,2013,29,"fest.lib.id6680","Europe","ischia film festival",NA
NA,"ismailia","Egypt","278",6,2013,5,"fest.lib.id940","MENA","ismailia international film festival for documentary & shorts",NA
"Short Fiction Film Jury Prize","ismailia","Egypt","507",6,2012,24,"fest.lib.id940","MENA","ismailia international film festival for documentary & shorts",NA
NA,"ismailia","Egypt","1051",6,NA,NA,"fest.lib.id940","MENA","ismailia international film festival for documentary & shorts",NA
"-99","ismalia","Egypt","I1405498",6,2014,NA,"fest.lib.id940","MENA","ismailia international film festival for documentary & shorts","01.06.14"
NA,"isola","Slovenia","879",6,2014,20,"fest.lib.id.survey.na414","Europe","isola cinema film festival",NA
"-99","israel","Israel","f8222",10,2017,NA,"fest.lib.id751","MENA","haifa film festival","01.10.17"
NA,"istanbul","Turkey","45",12,2012,20,"fest.lib.id.survey.na678","Asia","which human rights? film festival",NA
NA,"istanbul","Turkey","45",12,2013,20,"fest.lib.id943","Asia","istanbul short film festival",NA
NA,"istanbul","Turkey","416",12,2012,23,"fest.lib.id941","Asia","istanbul animation festival",NA
NA,"istanbul","Turkey","416",12,2013,20,"fest.lib.id943","Asia","istanbul short film festival",NA
NA,"istanbul","Turkey","507",11,NA,21,"fest.lib.id943","Asia","istanbul short film festival",NA
"Prize of the SIYAD jury (Turkish Film Critics' Association)","istanbul","Turkey","1051",2,2013,20,"fest.lib.id1","Asia","!f istanbul international independent film festival",NA
NA,"istanbul","Turkey","1335",2,2013,14,"fest.lib.id1","Asia","!f istanbul international independent film festival",NA
NA,"istanbul","Turkey","1641",4,2012,21,"fest.lib.id942","Asia","istanbul film festival",NA
NA,"istanbul","Turkey","f16574",4,2011,NA,"fest.lib.id942","Asia","istanbul film festival","01.04.11"
NA,"istanbul","Turkey","f16574",4,2011,NA,"fest.lib.id942","Asia","istanbul film festival","01.04.11"
"-99","istanbul","Turkey","f16383",3,2012,NA,"imdbady00032","Asia","akbank international short film festival","01.03.12"
NA,"istanbul","Turkey","frnew382",4,2014,22,"imdbady01965","Asia","teen international shorts festival, istanbul","01.04.14"
NA,"istanbul","Turkey","tffnew2054",4,2017,5,"fest.lib.id942","Asia","istanbul film festival","01.04.17"
"-99","italy","Italy","f17515",3,2015,NA,"imdbady00172","Europe","bergamo film meeting","01.03.15"
"","italy","Italy","f17515",5,2016,NA,"imdbady00169","Europe","bellaria film festival","01.05.16"
"Special Mention Best film on Art","italy","Italy","f17515",8,2016,NA,"imdbady01859","Europe","asolo art film festival","01.08.16"
"","italy","Italy","f17515",NA,2016,NA,"fest.lib.id.survey.na202","Europe","euganea film festival",NA
"-99","italy","Italy","f7851",1,2017,NA,"fest.lib.id1770","Europe","trieste film festival","01.01.17"
"Special Mention","italy","Italy","f9110",6,2013,NA,"fest.lib.id6853","Europe","festival cinemambiente","01.06.13"
"","italy","Italy","I1200099",9,2012,NA,"imdbady01313","Europe","pentedattilo film festival","01.09.12"
"-99","italy","Italy","I1200099",10,2012,NA,"fest.lib.id.survey.na560","Europe","reggio film festival","01.10.12"
"-99","italy","Italy","I1405498",11,2014,NA,"fest.lib.id.na357","Europe","ozu film festival","01.11.14"
"-99","italy","Italy","I1605397",9,NA,NA,"fest.lib.id.na47","Europe","festival de biarritz - cinema et cultures d'amerique latine",NA
NA,"italy","Italy","768",8,2013,NA,"fest.lib.id6734","Europe","la guarimba film festival","01.08.13"
NA,"italy","Italy","768",11,2013,NA,"fest.lib.id.na357","Europe","ozu film festival","01.11.13"
NA,"italy","Italy","768",NA,2013,NA,"fest.lib.id.survey.na202","Europe","euganea film festival",NA
NA,"izabelin","Poland","idfnew1252",10,2017,25,"imdbady02247","Europe","ryszard kapuściński culture nature media festival","01.10.17"
NA,"izmir","Turkey","frnew382",11,2012,20,"imdbady00936","Asia","izmir international short film festival","01.11.12"
NA,"jaipur","India","1162",1,2013,20,"fest.lib.id948","Asia","jaipur international film festival",NA
NA,"jaipur","India","frnew382",1,2013,30,"fest.lib.id948","Asia","jaipur international film festival","01.01.13"
"Best Documentary Award","jakarta","Indonesia","278",12,2012,5,"fest.lib.id.na80","Asia","chopshots documentary film festival southeast asia",NA
NA,"jakarta","Indonesia","763",5,2015,20,"fest.lib.id.survey.na205","Asia","europe on screen festival",NA
"Winner Outstanding Excellence Award","jakarta","Indonesia","763",5,2016,20,"fest.lib.id.survey.na377","Asia","iffehc - international film festival for environment, health, and culture",NA
NA,"jakarta","Indonesia","f16574",5,2013,NA,"fest.lib.id.survey.na205","Asia","europe on screen festival","01.05.13"
NA,"jakarta","Indonesia","f16574",5,2013,NA,"fest.lib.id.survey.na205","Asia","europe on screen festival","01.05.13"
NA,"jakarta","Indonesia","frnew382",10,NA,NA,"fest.lib.id.survey.na416","Asia","jakarta q.fest",NA
NA,"jakarta","Indonesia","frnew597",9,2015,11,"fest.lib.id.survey.na416","Asia","jakarta q.fest","01.09.15"
NA,"jakarta","Indonesia","frnew597",9,2017,22,"imdbady01803","Asia","100% manusia","01.09.17"
NA,"jakarta","Indonesia","frnew754",9,2015,11,"fest.lib.id.survey.na416","Asia","jakarta q.fest","01.09.15"
NA,"jakarta","Indonesia","1031",10,2013,NA,"fest.lib.id.survey.na416","Asia","jakarta q.fest","01.10.13"
"Winner Special Jury","japan","Japan","f9110",10,2012,NA,"fest.lib.id1735","Asia","tokyo international film festival","01.10.12"
NA,"jena","Germany","507",4,2012,11,"fest.lib.id7773","Europe","cellu art",NA
NA,"jena","Germany","879",4,2015,20,"fest.lib.id7773","Europe","cellu art",NA
NA,"jenju","South Korea","tffnew1199",4,2015,30,"fest.lib.id961","Asia","jeonju international film festival","01.04.15"
NA,"jerusalem","Israel","1007",7,2014,20,"fest.lib.id958","MENA","jerusalem film festival",NA
NA,"jerusalem","Israel","1335",7,2013,4,"fest.lib.id958","MENA","jerusalem film festival",NA
NA,"jerusalem","Israel","f16428",7,2011,NA,"fest.lib.id958","MENA","jerusalem film festival","01.07.11"
"-99","jerusalem","Israel","f9051",7,2011,NA,"fest.lib.id958","MENA","jerusalem film festival","01.07.11"
"official selection; winner haggiag award: best editing; winner
the lia van leer award - honorable mention; winner van leer group foundation award: best cirector of a documentary; nominee van leer group foundation: award best israeli documentary","jerusalem","Israel","tffnew2042",7,2016,7,"fest.lib.id958","MENA","jerusalem film festival","01.07.16"
NA,"jerusalem","Israel","idfnew1252",12,2015,7,"imdbady02269","MENA","jerusalem jewish film festival","01.12.15"
NA,"jerusalem","Israel","tffnew2054",7,2017,7,"fest.lib.id958","MENA","jerusalem film festival","01.07.17"
NA,"jihlava","Czechia","idfnew1890",10,2018,25,"id097","Europe","jihlava international documentary film festival","01.10.18"
NA,"jihlava","Czechia","idfnew1378",10,2016,25,"id097","Europe","jihlava international documentary film festival","01.10.16"
NA,"joensuu","Finland","763",9,2015,20,"fest.lib.id.survey.na670","Europe","viscult",NA
"Special Mention","jogja","Indonesia","f17281",12,2013,NA,"fest.lib.id966","Asia","jogja-netpac asian film festival","01.12.13"
NA,"johannesburg/ cape town","South Africa","763",6,2014,20,"fest.lib.id489","Subsaharan Africa","encounters international film festival",NA
"-99","joyeuses","France","N1500531",NA,2014,NA,"imdbady02399","Europe","festival du film artisanal et audacieux",NA
"alaska premiere","juneau","United States","frnew962",5,2017,NA,"imdbady01913","North America","seagla pride+ film series","01.05.17"
NA,"kalamata","Greece","1051",1,NA,NA,"fest.lib.id.survey.na418","Europe","kalamata documentary panorama",NA
NA,"kalkota","India","tffnew2054",11,2016,11,"fest.lib.id984","Asia","kolkata international film festival","01.11.16"
NA,"kansai","Japan","frnew754",4,2016,28,"fest.lib.id969","Asia","kansai queer film festival","01.04.16"
NA,"kansas city","United States","507",6,2013,4,"fest.lib.id7788","North America","kansas city lgbt film festival",NA
NA,"kansas city","United States","frnew823",6,2015,25,"fest.lib.id7788","North America","kansas city lgbt film festival","01.06.15"
"-99","kaohsiung","Taiwan","I1503978",10,2015,NA,"fest.lib.id971","Asia","kaohsiung film festival","01.10.15"
NA,"kaohsiung city ","Taiwan","879",10,2013,20,"fest.lib.id971","Asia","kaohsiung film festival",NA
NA,"kaohsiung city (taiwan)","China","1520",10,NA,NA,"fest.lib.id971","Asia","kaohsiung film festival",NA
NA,"karlovy vary","Czechia","1335",7,2013,28,"fest.lib.id974","Europe","karlovy vary international film festival",NA
NA,"karlsruhe","Germany","1335",10,2013,1,"fest.lib.id1955","Europe","lesbisch-schwule filmtage karlsruhe",NA
NA,"karlsruhe","Germany","frnew382",10,2012,2,"fest.lib.id1955","Europe","lesbisch-schwule filmtage karlsruhe","01.10.12"
NA,"kassel","Germany","45",11,2012,20,"fest.lib.id1925","Europe","kasseler dokumentarfilm- und videofest",NA
NA,"kassel","Germany","416",11,2012,13,"fest.lib.id1925","Europe","kasseler dokumentarfilm- und videofest",NA
NA,"kassel","Germany","663",11,2012,11,"fest.lib.id1925","Europe","kasseler dokumentarfilm- und videofest",NA
NA,"kassel","Germany","1051",11,NA,NA,"fest.lib.id1925","Europe","kasseler dokumentarfilm- und videofest",NA
"-99","kassel","Germany","f8093",11,2017,NA,"fest.lib.id1925","Europe","kasseler dokumentarfilm- und videofest","01.11.17"
NA,"kassel","Germany","tffnew561",11,2012,13,"fest.lib.id1925","Europe","kasseler dokumentarfilm- und videofest","01.11.12"
NA,"kathmandu","Nepal","278",10,2013,3,"fest.lib.id595","Asia","film southasia - festival of southasian documentaries",NA
NA,"kathmandu","Nepal","763",10,2015,20,"fest.lib.id595","Asia","film southasia - festival of southasian documentaries",NA
NA,"kaunas","Lithuania","idfnew356",9,2012,26,"fest.lib.id1684","Europe","tarptautinis kaunas international film festival","01.09.12"
NA,"kaunas/ vilnius","Lithuania","1335",9,2013,25,"fest.lib.id1684","Europe","tarptautinis kaunas international film festival",NA
NA,"kerala","India","140",12,2013,20,"fest.lib.id903","Asia","international film festival of kerala thiruvananthapuram",NA
"Best Cinematography Award","kerala","India","278",7,2013,7,"fest.lib.id979","Asia","international documentary and short film festival of kerala",NA
NA,"kerala","India","1051",12,NA,NA,"fest.lib.id903","Asia","international film festival of kerala thiruvananthapuram",NA
NA,"kerala","India","tffnew561",12,2012,7,"fest.lib.id903","Asia","international film festival of kerala thiruvananthapuram","01.12.12"
"-99","kerala - india","India","I1605334",9,2016,NA,"fest.lib.id903","Asia","international film festival of kerala thiruvananthapuram","01.09.16"
NA,"kiel","Germany","1184",5,2014,NA,"fest.lib.id.survey.na338","Europe","flensburger kurzfilmtage",NA
"Winner - FICC jury's вЂњDon QuichotteвЂќ Prize","kiev","Ukraine","46",10,2013,10,"fest.lib.id2067","Europe","molodist kyiv international film festival",NA
NA,"kiev","Ukraine","87",10,NA,NA,"fest.lib.id2067","Europe","molodist kyiv international film festival",NA
NA,"kiev","Ukraine","663",10,2013,10,"fest.lib.id2067","Europe","molodist kyiv international film festival",NA
NA,"kiev","Ukraine","761",10,2014,11,"fest.lib.id2067","Europe","molodist kyiv international film festival",NA
NA,"kiev","Ukraine","1051",3,NA,NA,"fest.lib.id7560","Europe","docudays",NA
NA,"kiev","Ukraine","1335",10,2013,19,"fest.lib.id2067","Europe","molodist kyiv international film festival",NA
NA,"kiev","Ukraine","1488",10,2013,20,"fest.lib.id2067","Europe","molodist kyiv international film festival",NA
NA,"kiev","Ukraine","1520",10,NA,NA,"fest.lib.id2067","Europe","molodist kyiv international film festival",NA
NA,"kiev","Ukraine","1641",10,2013,19,"fest.lib.id2067","Europe","molodist kyiv international film festival",NA
"Feature Film special award","kiev","Ukraine","f16641",10,2011,NA,"fest.lib.id2067","Europe","molodist kyiv international film festival","01.10.11"
"-99","kiev","Ukraine","I1200099",4,2012,NA,"imdbady01002","Europe","kyiv international short film festival","01.04.12"
NA,"kiev","Ukraine","frnew700",12,2016,8,"imdbady01948","Europe","equality festival","01.12.16"
NA,"kiev","Ukraine","tffnew1199",NA,2015,NA,"imdbady01989","Europe","ukrainian documentary festival",NA
NA,"kiev","Ukraine","idfnew1252",NA,2016,NA,"imdbady02252","Europe","polish film day in the ukraine",NA
NA,"kingston","Canada","1335",2,2014,27,"fest.lib.id.survey.na421","North America","kingston film festival",NA
NA,"kingston","Canada","frnew962",1,2017,25,"fest.lib.id1474","North America","reelout 15","01.01.17"
NA,"kitchener","Canada","frnew962",10,2017,19,"imdbady01835","North America","rainbow reels film festival ontario","01.10.17"
NA,"kitzbühel","Austria","idfnew1890",8,2018,20,"fest.lib.id619","Europe","kitzbuehel film festival","01.08.18"
NA,"klosterneuburg","Austria","507",8,2012,3,"fest.lib.id1592","Europe","shortynale",NA
"-99","knoxville","United States","I1600833",9,2015,NA,"imdbady00990","North America","knoxville film festival","01.09.15"
"-99","kochi","India","f8183",3,2017,11,"fest.lib.id1888","Europe","berlin international film festival","01.03.17"
NA,"kolkata","India","192",11,2011,20,"fest.lib.id984","Asia","kolkata international film festival",NA
NA,"komarom","Hungary","idfnew1252",4,2016,27,"fest.lib.id1129","Europe","mediawave","01.04.16"
NA,"kona","United States","frnew597",5,2014,22,"fest.lib.id8013","North America","big island film festival","01.05.14"
NA,"konstanz","Germany","45",10,2013,20,"fest.lib.id1994","Europe","konstanzer kurz.film.spiele",NA
"Grand Prix ","krakow","Poland","416",11,2013,22,"fest.lib.id497","Europe","etiuda&anima international film festival",NA
NA,"krakow","Poland","879",5,2013,20,"fest.lib.id997","Europe","krakow film festival",NA
"-","krakow","Poland","f8278",4,2018,NA,"fest.lib.id2635","Europe","off plus camera","01.04.18"
NA,"krakow","Poland","idfnew1252",5,2015,31,"fest.lib.id997","Europe","krakow film festival","01.05.15"
"FIPRESCI Award","kraków","Poland","f16641",4,2011,NA,"imdbady01200","Europe","netia off camera international festival of independent cinema","01.04.11"
NA,"krakгіw","Poland","1184",11,2013,11,"fest.lib.id497","Europe","etiuda&anima international film festival",NA
NA,"kristiansand","Norway","1184",4,2013,23,"fest.lib.id.survey.na427","Europe","kristiansand international children's film festival",NA
NA,"krok","Ukraine","1641",9,2013,1,"fest.lib.id998","Europe","international animated film fest krok",NA
NA,"kumrovec","Croatia","416",7,2012,8,"fest.lib.id1667","Europe","tabor film festival",NA
"-99","kyiv","Ukraine","I1600833",4,2016,NA,"imdbady01002","Europe","kyiv international short film festival","01.04.16"
NA,"kyiv","Ukraine","tffnew2054",10,2016,22,"fest.lib.id1540","Latin America and Caribbean","sao paulo international film festival","01.10.16"
NA,"kг¶lln","Germany","416",11,2013,15,"fest.lib.id.na458","Europe","unlimited short film festival cologne",NA
NA,"la ciotat","France","123",11,2013,20,"fest.lib.id202","Europe","best of short films festival la ciotat",NA
NA,"la ciotat","France","416",11,2013,15,"fest.lib.id202","Europe","best of short films festival la ciotat",NA
"-99","la ciotat","France","I1503978",7,2016,NA,"fest.lib.id202","Europe","best of short films festival la ciotat","01.07.16"
NA,"la grande","United States","507",2,2013,28,"fest.lib.id8203","North America","eastern oregon film festival",NA
"-99","la habana","Cuba","f17466",12,2015,NA,"fest.lib.id.survey.na431","Latin America and Caribbean","la habana international film festival","01.12.15"
"winner lgbtq","la jolla","United States","frnew717",11,2014,NA,"imdbady01810","North America","accolade global film competition","01.11.14"
NA,"la rochelle","France","763",6,2015,20,"fest.lib.id1013","Europe","la rochelle international film festival",NA
NA,"lafayette","United States","frnew383",4,2013,14,"imdbady01780","North America","purdue lgbtq film festival","01.04.13"
"-99","lago","Italy","I1701298",7,2017,NA,"fest.lib.id.na294","Europe","lago film fest","01.07.17"
"-99","lago","Italy","N1700342",7,2017,NA,"fest.lib.id.na294","Europe","lago film fest","01.07.17"
NA,"lago","Italy","frnew382",7,2013,19,"fest.lib.id.na294","Europe","lago film fest","01.07.13"
NA,"lagow","Poland","idfnew1890",6,2018,24,"imdbady01075","Europe","lubuskie film summer","01.06.18"
NA,"lagów","Poland","idfnew356",6,2013,30,"imdbady01075","Europe","lubuskie film summer","01.06.13"
NA,"l'aisne","France","1641",4,2013,NA,"fest.lib.id319","Europe","cine jeune de l'aisne ",NA
NA,"landshut","Germany","45",3,2013,20,"fest.lib.id.na296","Europe","landshuter kurzfilmfestival",NA
NA,"landshut","Germany","416",3,2014,26,"fest.lib.id.na296","Europe","landshuter kurzfilmfestival",NA
NA,"landshut","Germany","507",3,2013,14,"fest.lib.id.na296","Europe","landshuter kurzfilmfestival",NA
NA,"landshut","Germany","879",3,2015,20,"fest.lib.id.na296","Europe","landshuter kurzfilmfestival",NA
NA,"lannion","France","1488",1,2013,20,"fest.lib.id.survey.na435","Europe","lannion court toujours",NA
NA,"las palmas","Spain","frnew717",5,2015,4,"imdbady01821","Europe","festival internacional animayo","01.05.15"
NA,"las palmas de gran canaria","Spain","45",10,2013,20,"fest.lib.id1205","Europe","muestra de cine iberoamericano de las palmas de gran canaria",NA
"-99","latvia","Latvia","f17200",10,2014,NA,"fest.lib.id6","Europe","riga international short film festival 2annas","01.10.14"
NA,"lausanne","Switzerland","663",10,2012,10,"fest.lib.id7832","Europe","lausanne underground film & music festivalfrench speaking region",NA
NA,"lausanne","Switzerland","879",10,2014,20,"fest.lib.id7832","Europe","lausanne underground film & music festivalfrench speaking region",NA
NA,"lausanne","Switzerland","879",9,2015,20,"fest.lib.id.survey.na432","Europe","la nuit du court, lausanne",NA
NA,"lausanne","Switzerland","frnew382",11,2012,23,"fest.lib.id.survey.na432","Europe","la nuit du court, lausanne","01.11.12"
NA,"le havre","France","frnew382",11,2013,16,"fest.lib.id.survey.na183","Europe","du grain a demoudre film festival","01.11.13"
NA,"le mans","France","f16428",NA,2012,NA,"imdbady02493","Europe","festival aux ecrans du reel",NA
"Premio Mario Verdon","lecce","Italy","1007",4,2014,20,"fest.lib.id8264","Europe","festival del cinema europeo di lecce",NA
NA,"leeds","United Kingdom","1335",11,2013,6,"fest.lib.id1039","Europe","leedsfilmfest",NA
NA,"leeds","United Kingdom","1537",11,NA,NA,"fest.lib.id1039","Europe","leedsfilmfest",NA
NA,"leeds","United Kingdom","frnew962",3,2018,22,"fest.lib.id1039","Europe","leedsfilmfest","01.03.18"
NA,"leiden","Netherlands","93",6,2014,20,"fest.lib.id8623","Europe","leiden international short film experience",NA
NA,"leiden","Netherlands","416",6,2013,1,"fest.lib.id8623","Europe","leiden international short film experience",NA
NA,"leipzig","Germany","45",10,2012,20,"fest.lib.id1890","Europe","dok leipzig",NA
"Golden Dove Award for Animated Film ","leipzig","Germany","416",10,2012,29,"fest.lib.id1890","Europe","dok leipzig",NA
NA,"leipzig","Germany","879",10,2013,20,"fest.lib.id1890","Europe","dok leipzig",NA
NA,"leipzig","Germany","1184",10,2013,10,"fest.lib.id1890","Europe","dok leipzig",NA
NA,"leipzig","Germany","1537",10,NA,NA,"fest.lib.id1890","Europe","dok leipzig",NA
NA,"leipzig","Germany","1641",10,2012,29,"fest.lib.id1890","Europe","dok leipzig",NA
NA,"leipzig","Germany","idfnew1252",10,2015,26,"fest.lib.id1890","Europe","dok leipzig","01.10.15"
NA,"lenzing","Austria","123",6,2014,20,"fest.lib.id6254","Europe","festival of nations (lenzing)",NA
NA,"leuven","Belgium","507",11,2013,9,"fest.lib.id767","Europe","holebi film festival",NA
NA,"leuven","Belgium","998",3,2014,NA,"fest.lib.id53","Europe","afrika filmfestival",NA
NA,"leuven","Belgium","1051",4,NA,NA,"fest.lib.id452","Europe","docville international documentary film festival leuven",NA
NA,"leuven","Belgium","f16428",NA,2011,NA,"fest.lib.id.survey.na176","Europe","docville",NA
NA,"leuven","Belgium","I1704092",12,2016,3,"fest.lib.id1585","Europe","short film festival leuven","01.12.16"
NA,"leuven","Belgium","I1705285",11,2016,NA,"fest.lib.id1585","Europe","short film festival leuven","01.11.16"
NA,"leuven","Belgium","frnew382",11,2013,NA,"fest.lib.id767","Europe","holebi film festival","01.11.13"
NA,"leuven","Belgium","tffnew561",5,2013,3,"imdbady00467","Europe","docville","01.05.13"
NA,"ligure","Italy","frnew382",8,2012,17,"imdbady01618","North America","the overlook film festival","01.08.12"
NA,"lille","France","663",9,2012,10,"fest.lib.id923","Europe","festival international du court metrage de lille",NA
NA,"lille","France","1488",9,2013,20,"fest.lib.id923","Europe","festival international du court metrage de lille",NA
"Mention SpГ©ciale (CompГ©tition Jeune Public)","lille","France","1641",10,2013,16,"fest.lib.id.survey.na563","Europe","rencontres audiovisuelles de lille (fest. cm)",NA
NA,"lille","France","I1704092",3,2017,10,"fest.lib.id923","Europe","festival international du court metrage de lille","01.03.17"
NA,"lille","France","frnew382",10,2012,16,"fest.lib.id923","Europe","festival international du court metrage de lille","01.10.12"
"Best Animated Film ","lille ","France","416",3,2013,29,"fest.lib.id7509","Europe","european film festival of lille",NA
NA,"lima","Peru","140",8,2014,20,"fest.lib.id.na303","Latin America and Caribbean","lima international film festival",NA
NA,"lima","Peru","857",8,NA,NA,"fest.lib.id.na303","Latin America and Caribbean","lima international film festival",NA
NA,"lima","Peru","1051",6,NA,NA,"fest.lib.id.na304","Latin America and Caribbean","lima independiente international film festival",NA
NA,"lima","Peru","1051",7,NA,NA,"fest.lib.id.survey.na644","Latin America and Caribbean","transcinema festival",NA
NA,"lima","Peru","frnew754",6,2014,17,"imdbady01279","Latin America and Caribbean","outfest peru film festival","01.06.14"
NA,"lima","Peru","frnew754",11,2014,12,"fest.lib.id523","Latin America and Caribbean","international competition fenaco","01.11.14"
NA,"lima","Peru","tffnew2054",6,2017,7,"imdbady00033","Latin America and Caribbean","al este","01.06.17"
NA,"limassol","Cyprus","tffnew2054",4,2017,27,"imdbady02359","Europe","cyprus film days international film festival","01.04.17"
NA,"limassol","Cyprus","tffnew2054",4,2018,19,"imdbady02359","Europe","cyprus film days international film festival","01.04.18"
"Social Awareness Award","linz","Austria","f7950",4,2016,NA,"imdbady00414","Europe","crossing europe film festival","01.04.16"
NA,"linz","Austria","tffnew2054",4,2017,25,"imdbady00414","Europe","crossing europe film festival","01.04.17"
NA,"lisboa","Portugal","879",9,2013,20,"fest.lib.id1439","Europe","queer lisboa international queer film festivals",NA
"-99","lisboa","Portugal","f7963",9,2016,NA,"fest.lib.id7329","Europe","motelx - lisbon international horror film festival","01.09.16"
"Best Short Film","lisbon","Portugal","205",9,2013,20,"fest.lib.id1439","Europe","queer lisboa international queer film festivals",NA
NA,"lisbon","Portugal","496",9,2013,20,"fest.lib.id1439","Europe","queer lisboa international queer film festivals",NA
NA,"lisbon","Portugal","507",9,2013,24,"fest.lib.id1439","Europe","queer lisboa international queer film festivals",NA
NA,"lisbon","Portugal","832",9,2013,20,"fest.lib.id1439","Europe","queer lisboa international queer film festivals",NA
"Amnesty International Award","lisbon","Portugal","1051",4,2013,20,"fest.lib.id2024","Europe","indielisboa",NA
NA,"lisbon","Portugal","1488",4,2013,20,"fest.lib.id2024","Europe","indielisboa",NA
"Liscont Award for Best Portuguese Competition Feature-length Film","lisbon","Portugal","f7950",10,2015,NA,"fest.lib.id441","Europe","doclisboa film festival","01.10.15"
"-99","lisbon","Portugal","f8183",5,2017,3,"imdbady00882","Europe","indie lisboa international independent film festival","01.05.17"
"Mention SpГ©ciale","l'isle-adam","France","1641",10,2013,12,"fest.lib.id.survey.na37","Europe","apc festival d'oise",NA
"international competition universities award","lissabon","Portugal","f16428",10,2011,NA,"fest.lib.id441","Europe","doclisboa film festival","01.10.11"
NA,"lissabon","Portugal","334",1,2014,NA,"fest.lib.id.survey.na329","Europe","filmfest kino lissabon vom goethe institut","01.01.14"
"-99","lithuania","Lithuania","f17515",3,2015,NA,"imdbady00981","Europe","kino pavasaris","01.03.15"
"-","lithuania","Lithuania","f8278",3,2017,NA,"fest.lib.id.na473","Europe","vilnius international film festival","01.03.17"
NA,"little rock","United States","507",5,2013,16,"fest.lib.id.na306","North America","little rock film festival",NA
"Best film","lituania","Lithuania","f7851",4,2016,NA,"fest.lib.id.na473","Europe","vilnius international film festival","01.04.16"
NA,"liverpool","United Kingdom","763",NA,2015,20,"fest.lib.id658","Europe","food for real film festival",NA
NA,"liverpool","United Kingdom","1658",3,2014,20,"fest.lib.id.survey.na449","Europe","liverpool lift-off film festival",NA
NA,"liverpool","United Kingdom","frnew962",10,2016,NA,"imdbady01906","Europe","liverpool radical film festival","01.10.16"
NA,"livingstone","Zambia","998",8,2013,NA,"fest.lib.id1598","Sub Saharan Africa","shungu namutitima international film festival",NA
NA,"ljubljana","Slovenia","16",11,2013,23,"fest.lib.id1048","Europe","ljubljana gay & lesbian film festival",NA
NA,"ljubljana","Slovenia","45",12,2012,20,"fest.lib.id103","Europe","animateka international animated film festival",NA
NA,"ljubljana","Slovenia","87",11,NA,NA,"fest.lib.id1041","Europe","liffe ljubljana international film festival",NA
NA,"ljubljana","Slovenia","205",4,2013,20,"fest.lib.id1049","Europe","fekk ljubljana short film festival",NA
NA,"ljubljana","Slovenia","663",3,2013,NA,"fest.lib.id.survey.na398","Europe","international feminist and queer film festival red dawns",NA
"Best European Student Film - Animateka","ljubljana","Slovenia","879",12,2013,20,"fest.lib.id103","Europe","animateka international animated film festival",NA
NA,"ljubljana","Slovenia","1051",11,NA,NA,"fest.lib.id1041","Europe","liffe ljubljana international film festival",NA
NA,"ljubljana","Slovenia","1335",11,2013,6,"fest.lib.id1041","Europe","liffe ljubljana international film festival",NA
NA,"ljubljana","Slovenia","1537",11,NA,NA,"fest.lib.id1041","Europe","liffe ljubljana international film festival",NA
NA,"ljubljana","Slovenia","1641",12,2012,3,"fest.lib.id103","Europe","animateka international animated film festival",NA
"-99","ljubljana","Slovenia","I1505412",11,2015,NA,"fest.lib.id1041","Europe","liffe ljubljana international film festival","01.11.15"
NA,"ljubljana","Slovenia","frnew382",11,2012,24,"fest.lib.id1048","Europe","ljubljana gay & lesbian film festival","01.11.12"
NA,"lleida","Spain","416",2,2013,28,"fest.lib.id99","Europe","animac",NA
NA,"locarno","Switzerland","I1704092",8,2016,3,"fest.lib.id1050","Europe","locarno international film festival","01.08.16"
NA,"locarno","Switzerland","tffnew561",8,2012,1,"fest.lib.id1050","Europe","locarno international film festival","01.08.12"
"-99","locarno","Switzerland","f7950",8,2016,NA,"fest.lib.id1050","Europe","locarno international film festival","01.08.16"
NA,"locust grove","United States","507",4,2013,4,"fest.lib.id7904","North America","ozark foothills filmfest",NA
"Best Polish feature","lodz","Poland","f8278",11,2017,NA,"imdbady00375","Europe","cinergia forum kina europejskiego","01.11.17"
NA,"lodz","Poland","idfnew1890",4,2018,20,"imdbady01997","Europe","media festival “man in danger”","01.04.18"
NA,"lodz","Poland","idfnew1252",4,2015,NA,"imdbady01997","Europe","media festival “man in danger”","01.04.15"
"Honorable mention","lodz","Poland","f16641",11,2011,NA,"imdbady00375","Europe","cinergia forum kina europejskiego","01.11.11"
NA,"london","United Kingdom","16",3,2014,25,"fest.lib.id809","North America","human rights watch london",NA
NA,"london","United Kingdom","16",3,2014,27,"fest.lib.id206","Europe","bfi london lesbian and gay film festival",NA
"Winner - Education Events programme - Young Jury Award","london","United Kingdom","46",10,2013,10,"fest.lib.id208","Europe","bfi london film festival",NA
NA,"london","United Kingdom","46",3,2014,NA,"fest.lib.id206","Europe","bfi london lesbian and gay film festival",NA
NA,"london","United Kingdom","205",3,2014,20,"fest.lib.id206","Europe","bfi london lesbian and gay film festival",NA
NA,"london","United Kingdom","416",12,2012,25,"fest.lib.id1035","Europe","liaf london international animation festival",NA
NA,"london","United Kingdom","416",NA,2012,10,"fest.lib.id1786","Europe","the uk film festival",NA
NA,"london","United Kingdom","440",1,2014,20,"fest.lib.id1065","Europe","london short film festival",NA
NA,"london","United Kingdom","663",3,2013,NA,"fest.lib.id206","Europe","bfi london lesbian and gay film festival",NA
NA,"london","United Kingdom","879",10,2013,20,"fest.lib.id208","Europe","bfi london film festival",NA
NA,"london","United Kingdom","879",12,2013,20,"fest.lib.id1035","Europe","liaf london international animation festival",NA
NA,"london","United Kingdom","879",6,2015,20,"fest.lib.id.survey.na436","Europe","last friday shorts london",NA
NA,"london","United Kingdom","1051",9,NA,NA,"fest.lib.id1313","Europe","open city documentary festival",NA
NA,"london","United Kingdom","1184",12,2013,11,"fest.lib.id1035","Europe","liaf london international animation festival",NA
NA,"london","United Kingdom","1335",10,2013,9,"fest.lib.id208","Europe","bfi london film festival",NA
NA,"london","United Kingdom","1520",9,NA,NA,"fest.lib.id1066","Europe","london spanish film festival",NA
NA,"london","United Kingdom","1537",12,NA,NA,"fest.lib.id1035","Europe","liaf london international animation festival",NA
NA,"london","United Kingdom","f16574",9,2011,NA,"fest.lib.id1313","Europe","open city documentary festival","01.09.11"
NA,"london","United Kingdom","f16574",9,2011,NA,"fest.lib.id1313","Europe","open city documentary festival","01.09.11"
NA,"london","United Kingdom","I1704092",1,2017,6,"fest.lib.id1065","Europe","london short film festival","01.01.17"
"Student Jury's Special Mention","london","United Kingdom","f7893",10,NA,NA,"fest.lib.id208","Europe","bfi london film festival",NA
"-99","london","United Kingdom","I1600833",10,2016,NA,"imdbady01254","Europe","one shot movie competition","01.10.16"
"-99","london","United Kingdom","I1701298",1,2017,NA,"fest.lib.id1065","Europe","london short film festival","01.01.17"
NA,"london","United Kingdom","frnew382",3,2012,14,"fest.lib.id206","Europe","bfi london lesbian and gay film festival","01.03.12"
"winner: best foreign film","london","United Kingdom","frnew382",8,2012,30,"fest.lib.id.na381","Europe","portobello film festival","01.08.12"
NA,"london","United Kingdom","frnew482",4,2014,25,"fest.lib.id1067","Europe","london sundance channel shorts festival","01.04.14"
NA,"london","United Kingdom","frnew700",8,2014,NA,"imdbady01929","Europe","wotever diy queer film festival","01.08.14"
NA,"london","United Kingdom","frnew700",3,2015,19,"fest.lib.id206","Europe","bfi london lesbian and gay film festival","01.03.15"
NA,"london","United Kingdom","frnew700",11,2015,NA,"imdbady01938","Europe","shorts in the south film festival","01.11.15"
"winner: jury award for best documentary","london","Canada","frnew700",4,2016,NA,"fest.lib.id206","North America","bfi london lesbian and gay film festival","01.04.16"
NA,"london","United Kingdom","frnew700",8,2016,NA,"imdbady01945","Europe","queer experiments","01.08.16"
NA,"london","United Kingdom","frnew860",3,2016,16,"fest.lib.id206","Europe","bfi london lesbian and gay film festival","01.03.16"
"london premiere","london","United Kingdom","frnew962",10,2016,7,"imdbady01907","Europe","native spirit festival","01.10.16"
NA,"london","United Kingdom","frnew962",3,2017,16,"fest.lib.id206","Europe","bfi london lesbian and gay film festival","01.03.17"
NA,"london","United Kingdom","frnew962",11,2017,9,"imdbady01921","Europe","soas university of london queer film club","01.11.17"
NA,"london","United Kingdom","frnew962",6,2018,9,"imdbady01925","Europe","decolonising sexuality festival","01.06.18"
NA,"london","United Kingdom","tffnew2042",11,2016,5,"fest.lib.id1787","Europe","uk jewish film festival","01.11.16"
NA,"london","United Kingdom","1031",3,2013,NA,"fest.lib.id206","Europe","bfi london lesbian and gay film festival","01.03.13"
NA,"london","United Kingdom","tffnew2042",11,2016,5,"fest.lib.id1787","Europe","uk jewish film festival","01.11.16"
NA,"london","United Kingdom","tffnew2054",1,2017,25,"imdbady02355","Europe","new east cinema series barbican","01.01.17"
"-99","londonderry","United Kingdom","I1701298",11,2016,NA,"fest.lib.id664","Europe","foyle film festival","01.11.16"
NA,"long beach","United States","1658",NA,2014,20,"fest.lib.id2927","North America","long beach indie international film festival",NA
NA,"long beach","United States","frnew754",9,2014,12,"fest.lib.id1070","North America","long beach q film festival","01.09.14"
NA,"long island","United States","frnew700",11,2015,12,"imdbady01067","North America","long island gay and lesbian film festival","01.11.15"
NA,"lorient","France","tffnew1199",3,2017,13,"fest.lib.id.survey.na532","Europe","pecheurs du monde","01.03.17"
"Jury Award for Best Documentary","los angeles","United States","16",7,NA,NA,"fest.lib.id1342","North America","outfest los angeles lgbtq film festival",NA
NA,"los angeles","United States","87",6,NA,NA,"fest.lib.id1075","North America","los angeles greek film festival",NA
NA,"los angeles","United States","253",6,2013,20,"fest.lib.id665","North America","frameline film festival",NA
NA,"los angeles","United States","469",7,2012,NA,"fest.lib.id1342","North America","outfest los angeles lgbtq film festival",NA
"Audience Award, Best Short Film","los angeles","United States","469",10,2012,11,"fest.lib.id1705","North America","la transgender film festival",NA
NA,"los angeles","United States","469",2,2013,NA,"fest.lib.id.survey.na181","North America","don thompson film festival at usc",NA
NA,"los angeles","United States","469",5,2013,NA,"fest.lib.id5878","North America","la comedy festival",NA
NA,"los angeles","United States","469",3,2018,NA,"fest.lib.id1079","North America","la women's international film festival",NA
NA,"los angeles","United States","507",6,2011,7,"fest.lib.id.survey.na129","North America","columbia university, film festival",NA
NA,"los angeles","United States","507",7,2012,13,"fest.lib.id1342","North America","outfest los angeles lgbtq film festival",NA
"First Prize, Craft Awards for Directing, Editing, Screenwriting, Best Actor (Trung Anh)","los angeles","United States","761",6,2013,NA,"fest.lib.id.survey.na335","North America","first run nyu film festival",NA
NA,"los angeles","United States","879",7,2015,20,"fest.lib.id.survey.na497","North America","no budget film fest, los angeles",NA
NA,"los angeles","United States","998",2,2014,NA,"fest.lib.id1356","North America","paff pan african film festival",NA
NA,"los angeles","United States","1051",6,NA,NA,"fest.lib.id1074","North America","los angeles film festival",NA
NA,"los angeles","United States","1162",NA,2014,20,"fest.lib.id5696","North America","my hero international film festival",NA
"Hollywood Eagle award","los angeles","Japan","f16641",11,2012,NA,"imdbady00683","Asia","festiwal filmów polskich","01.11.12"
NA,"los angeles","United States","frnew382",7,2012,12,"fest.lib.id1342","North America","outfest los angeles lgbtq film festival","01.07.12"
"winner: best drama","los angeles","United States","frnew382",8,2012,16,"fest.lib.id768","North America","hollyshorts film festival","01.08.12"
NA,"los angeles","United States","frnew383",7,2012,12,"fest.lib.id1342","North America","outfest los angeles lgbtq film festival","01.07.12"
NA,"los angeles","United States","frnew383",11,2012,2,"fest.lib.id1705","North America","la transgender film festival","01.11.12"
NA,"los angeles","United States","frnew482",7,2013,11,"fest.lib.id1342","North America","outfest los angeles lgbtq film festival","01.07.13"
NA,"los angeles","United States","frnew700",6,2016,1,"imdbady01943","North America","los angeles diversity film festival","01.06.16"
NA,"los angeles","United States","frnew717",2,2015,7,"imdbady01205","North America","new filmmakers los angeles","01.02.15"
NA,"los angeles","United States","frnew717",10,2015,1,"imdbady00391","North America","cmg short film festival","01.10.15"
NA,"los angeles","United States","frnew717",9,NA,NA,"imdbady01814","North America","north hollywood cinefest",NA
NA,"los angeles","United States","frnew823",7,2015,9,"fest.lib.id1342","North America","outfest los angeles lgbtq film festival","01.07.15"
NA,"los angeles","United States","frnew823",9,2015,23,"imdbady00835","North America","hollywood film festival","01.09.15"
NA,"los angeles","United States","idfnew356",5,2012,3,"imdbady01544","North America","south east european film festival","01.05.12"
NA,"los angeles","United States","tffnew2042",11,2016,NA,"imdbady00929","North America","israel film festival, los angeles","01.11.16"
NA,"los angeles","United States","tffnew473",4,2011,10,"imdbady01849","North America","annual redcat international children’s film festival","01.04.11"
NA,"los angeles","United States","frnew730",4,2015,23,"fest.lib.id1072","North America","los angeles asian pacific film festival","01.04.15"
NA,"los angeles","United States","frnew730",7,2015,9,"fest.lib.id1342","North America","outfest los angeles lgbtq film festival","01.07.15"
NA,"los angeles","United States","1031",7,2013,NA,"fest.lib.id.survey.na182","North America","downtown film festival - la","01.07.13"
NA,"los angeles","United States","tffnew2042",11,2016,9,"imdbady00929","North America","israel film festival, los angeles","01.11.16"
NA,"los angeles","United States","tffnew2054",11,2016,10,"fest.lib.id39","North America","afi fest los angeles international film festival","01.11.16"
"Winner: - Best Film","los cabos","Mexico","46",11,2013,11,"fest.lib.id.survey.na47","Latin America and Caribbean","baja international film festival",NA
NA,"louisville","United States","frnew754",10,2015,16,"fest.lib.id1083","North America","louisville lgbt film festival","01.10.15"
NA,"louisville","United States","frnew823",10,2015,16,"fest.lib.id1083","North America","louisville lgbt film festival","01.10.15"
NA,"lübeck","Germany","I1704092",11,2016,2,"fest.lib.id1902","Europe","nordische filmtage luebeck","01.11.16"
NA,"lübeck","Germany","334",11,2013,NA,"fest.lib.id1902","Europe","nordische filmtage luebeck","01.11.13"
"-99","lussas","France","f7950",8,2016,NA,"imdbady00616","Europe","festival etats généraux du film documentaire of lussas","01.08.16"
NA,"luxembourg","Luxembourg","1051",2,NA,NA,"fest.lib.id.na309","Europe","luxembourg city film festival",NA
NA,"luxembourg","Luxembourg","tffnew2042",3,2017,2,"fest.lib.id.na309","Europe","luxembourg city film festival","01.03.17"
NA,"luxembourg","Luxembourg","tffnew2054",10,2016,8,"fest.lib.id.survey.na108","Europe","cineast film festival","01.10.16"
"nominee: documentary award","luxembourg city","Luxembourg","tffnew2042",3,2017,2,"fest.lib.id.na309","Europe","luxembourg city film festival","01.03.17"
NA,"lviv","Ukraine","87",7,NA,NA,"fest.lib.id1850","Europe","wiz-art festival",NA
NA,"lviv","United States","507",7,2013,27,"fest.lib.id1850","Europe","wiz-art festival",NA
NA,"lviv","Ukraine","1488",7,2013,20,"fest.lib.id1850","Europe","wiz-art festival",NA
NA,"lviv","Ukraine","1520",7,2013,20,"fest.lib.id1850","Europe","wiz-art festival",NA
NA,"lviv","Ukraine","frnew382",7,2013,25,"fest.lib.id1850","Europe","wiz-art festival","01.07.13"
NA,"lviv","Ukraine","tffnew473",5,2010,20,"fest.lib.id1850","Europe","wiz-art festival","01.05.10"
NA,"lyon","France","45",11,2013,20,"fest.lib.id.survey.na171","Europe","documental espaces latinos",NA
NA,"lyon","France","879",4,2013,20,"fest.lib.id3184","Europe","lyon festival hallucinations collectives",NA
NA,"lyon","France","1641",10,2013,10,"fest.lib.id.survey.na317","Europe","festival/rencontres assomption bellevue",NA
NA,"lгјbeck","Germany","1051",11,NA,NA,"fest.lib.id1902","Europe","nordische filmtage luebeck",NA
"-99","ma","United States","f9051",11,2011,NA,"imdbady00220","North America","boston jewish film festival","01.11.11"
"-99","macedonia","North Macedonia","I1200099",NA,2012,NA,"imdbady02481","Europe","asterfest international short film festival",NA
NA,"madagascar","Madagascar","1692",4,2013,NA,"fest.lib.id1479","Sub Saharan Africa","rencontres du film court de madagascar","01.04.13"
NA,"madison","United States","tffnew2042",3,2017,30,"fest.lib.id7771","North America","wisconsin film festival","01.03.17"
NA,"madison","United States","tffnew2042",3,2017,30,"fest.lib.id7771","North America","wisconsin film festival","01.03.17"
"Jury Award for Best Documentary","madrid","Spain","16",10,2014,30,"fest.lib.id1028","Europe","lesgaicinemad, madrid international lgbti film festival",NA
NA,"madrid","Spain","440",10,2013,20,"fest.lib.id1028","Europe","lesgaicinemad, madrid international lgbti film festival",NA
"Winner - Feature Length Documentary Competition","madrid","Spain","763",5,2014,20,"fest.lib.id448","Europe","documenta madrid",NA
"First Prize of the Jury, Audience Award","madrid","Spain","1051",5,2013,20,"fest.lib.id448","Europe","documenta madrid",NA
NA,"madrid","Spain","1520",10,NA,NA,"fest.lib.id.survey.na253","Europe","festival de cine de madrid pnr ",NA
NA,"madrid","Spain","1520",NA,NA,NA,"fest.lib.id1093","Europe","madridimagen",NA
"-99","madrid","Spain","f8309",6,2017,14,"imdbady00708","Europe","filmadrid international film festival","01.06.17"
"-99","madrid","Spain","I1701298",11,2017,NA,"fest.lib.id.survey.na253","Europe","festival de cine de madrid pnr ","01.11.17"
NA,"madrid","Spain","frnew382",NA,NA,NA,"imdbady01960","Europe","lesbigai festival, madrid",NA
NA,"madrid","Spain","frnew754",10,2013,31,"fest.lib.id1028","Europe","lesgaicinemad, madrid international lgbti film festival","01.10.13"
NA,"madrid","Spain","frnew823",10,2015,29,"fest.lib.id1028","Europe","lesgaicinemad, madrid international lgbti film festival","01.10.15"
NA,"madrid","Spain","1031",11,2013,NA,"fest.lib.id1028","Europe","lesgaicinemad, madrid international lgbti film festival","01.11.13"
NA,"madrid","Spain","768",6,2013,NA,"fest.lib.id.survey.na245","Europe","festival cinepropio","01.06.13"
NA,"madrid/ bilbao/ barcelona (where the film was screened)","Spain","278",5,2013,22,"fest.lib.id833","Europe","imagine india film festival",NA
NA,"madurai","India","879",12,2014,20,"fest.lib.id1095","Asia","madurai international documentary and short film festival",NA
"-99","madurai","India","f8093",12,2017,NA,"fest.lib.id1095","Asia","madurai international documentary and short film festival","01.12.17"
NA,"mainz","Germany","tffnew2054",4,2017,26,"imdbady02358","Europe","visionar film festival","01.04.17"
NA,"mairehamn","Finland","idfnew356",2,2013,27,"imdbady01969","Europe","vera film festival","01.02.13"
"Miguel de Molina Award","malaga","Spain","f17466",5,2016,NA,"fest.lib.id.na315","Europe","malaga film festival","01.05.16"
"special jury mention","malaga","Spain","frnew382",6,2012,NA,"imdbady01961","Europe","elegebtebe fest malaga, spain","01.06.12"
NA,"malin village","Ireland","idfnew1378",8,2016,3,"fest.lib.id746","Europe","guth gafa film festival","01.08.16"
NA,"malmo","Sweden","f17365",3,2016,14,"fest.lib.id268","Europe","buff childrens' short film festival","01.03.16"
NA,"malmo","Sweden","idfnew1378",9,2016,16,"fest.lib.id.na343","Europe","nordisk panorama film festival","01.09.16"
NA,"malmö","Sweden","frnew383",4,2013,9,"imdbady01100","Europe","malmö queer film festival","01.04.13"
NA,"malmö","Sweden","frnew860",4,2016,15,"imdbady01100","Europe","malmö queer film festival","01.04.16"
NA,"managua","Nicaragua","idfnew1285",8,2017,22,"imdbady02349","Latin America and Caribbean","festival icaro nicaragua","01.08.17"
NA,"manchester","United Kingdom","frnew700",8,2015,30,"imdbady01933","Europe","manchester pride","01.08.15"
NA,"manchester","United Kingdom","frnew717",2,2016,22,"imdbady01822","Europe","kinofilm international short film festival manchester","01.02.16"
NA,"manila","Philippines","tffnew2054",10,2016,13,"fest.lib.id351","North America","cinemanila international film festival","01.10.16"
NA,"manlleu","Spain","1520",NA,NA,NA,"fest.lib.id6668","Europe","festival de cortometrajes de manlleu",NA
"Best Latin American Short Film","mar del plata","Argentina","45",11,2012,20,"fest.lib.id1115","Latin America and Caribbean","mar del plata international film festival",NA
"tato miller special mention","mar del plata","Argentina","idfnew1285",10,2015,30,"fest.lib.id1115","Latin America and Caribbean","mar del plata international film festival","01.10.15"
NA,"marbella","Spain","frnew754",12,NA,NA,"imdbady01794","Europe","i filmmaker international film festival",NA
NA,"marseille","France","tffnew473",10,2010,27,"imdbady01867","Europe","instants vidéo numériques et poétiques","01.10.10"
NA,"marseilles","France","tffnew2054",10,2017,4,"imdbady02365","Europe","rencontres films femmes mediterranee","01.10.17"
NA,"mas sorrer","Spain","768",7,2013,NA,"fest.lib.id.survey.na293","Europe","festival internacional de curtmetratges mas sorrer","01.07.13"
NA,"matthews","United States","frnew717",10,2015,NA,"imdbady01812","North America","carolina film festival","01.10.15"
NA,"maui","United States","tffnew561",6,2013,12,"imdbady01116","North America","maui film festival","01.06.13"
NA,"mauritius","Mauritius","1692",9,2012,NA,"fest.lib.id8860","Sub Saharan Africa","ile courts international short film festival","01.09.12"
NA,"mazatlan","Mexico","idfnew1285",9,2016,1,"fest.lib.id.survey.na120","Latin America and Caribbean","cineseptiembre mazatlan","01.09.16"
NA,"mazatlan","Mexico","123",9,2013,20,"fest.lib.id.survey.na120","Latin America and Caribbean","cineseptiembre mazatlan",NA
NA,"medina del campo","Spain","45",4,2013,20,"fest.lib.id.na403","Europe","semana de cine de medina del campo",NA
NA,"medina del campo","Spain","1051",4,NA,NA,"fest.lib.id.na403","Europe","semana de cine de medina del campo",NA
"Best Short Film ","medina del campo","Spain","1520",4,2013,20,"fest.lib.id.na403","Europe","semana de cine de medina del campo",NA
NA,"melbourne","Australia","16",3,2014,13,"fest.lib.id1134","Oceania","melbourne queer film festival",NA
NA,"melbourne","Australia","440",7,2013,20,"fest.lib.id4680","Oceania","melbourne iff",NA
NA,"melbourne","Australia","440",3,2014,20,"fest.lib.id1134","Oceania","melbourne queer film festival",NA
NA,"melbourne","Australia","469",3,2013,NA,"fest.lib.id1134","Oceania","melbourne queer film festival",NA
NA,"melbourne","Austria","507",3,2013,22,"fest.lib.id1134","Oceania","melbourne queer film festival",NA
NA,"melbourne","Australia","763",7,2014,20,"fest.lib.id4680","Oceania","melbourne iff",NA
NA,"melbourne","Australia","879",6,2014,20,"fest.lib.id1146","Oceania","miaf 4, melbourne",NA
NA,"melbourne","Australia","1051",7,NA,NA,"fest.lib.id4680","Oceania","melbourne iff",NA
"Best Short","melbourne","Australia","1162",8,2012,20,"fest.lib.id3662","Oceania","india-indian film festival of melbourne",NA
NA,"melbourne","Australia","1335",7,2013,25,"fest.lib.id4680","Oceania","melbourne iff",NA
NA,"melbourne","Australia","frnew382",3,2013,14,"fest.lib.id1134","Oceania","melbourne queer film festival","01.03.13"
NA,"melbourne","Australia","frnew382",NA,NA,NA,"imdbady01966","Oceania","melbourne little queer festival",NA
NA,"melbourne","Australia","frnew383",3,2013,14,"fest.lib.id1134","Oceania","melbourne queer film festival","01.03.13"
NA,"melbourne","Australia","frnew597",3,2015,19,"fest.lib.id1134","Oceania","melbourne queer film festival","01.03.15"
NA,"melbourne","Australia","frnew754",3,2015,19,"fest.lib.id1134","Oceania","melbourne queer film festival","01.03.15"
NA,"melbourne","Australia","frnew823",11,2015,13,"imdbady01625","Oceania","tilde: melbourne trans & gender diverse film festival","01.11.15"
NA,"melbourne","Australia","1031",3,2013,NA,"fest.lib.id1134","Oceania","melbourne queer film festival","01.03.13"
NA,"melbourne","Australia","tffnew561",9,2013,5,"imdbady02351","Oceania","environmental film festival melbourne","01.09.13"
NA,"memphis","United States","507",10,2012,2,"fest.lib.id5894","North America","indie memphis film festival",NA
"winner: best short film","memphis","United States","frnew382",9,2013,6,"fest.lib.id1344","North America","outflix film festival","01.09.13"
NA,"memphis","United States","frnew717",9,2016,7,"fest.lib.id1344","North America","outflix film festival","01.09.16"
NA,"memphis","United States","frnew754",9,2015,11,"fest.lib.id1344","North America","outflix film festival","01.09.15"
NA,"memphis","United States","frnew823",9,2015,11,"fest.lib.id1344","North America","outflix film festival","01.09.15"
NA,"metz","France","tffnew1199",5,2015,30,"imdbady01988","Europe","festival diep~haven","01.05.15"
"-99","mexico","Mexico","f17200",7,2014,NA,"fest.lib.id3831","Latin America and Caribbean","festival international de cine expression en corto","01.07.14"
"-99","mexico","Mexico","f7851",3,2016,NA,"fest.lib.id744","Latin America and Caribbean","guadalajara film festival","01.03.16"
"-99","mexico","Mexico","f7950",2,2016,NA,"fest.lib.id.survey.na169","Latin America and Caribbean","docsdf","01.02.16"
NA,"mexico","Mexico","768",7,2013,NA,"fest.lib.id3831","Latin America and Caribbean","festival international de cine expression en corto","01.07.13"
"Honorary Mention in the Mexican Short Film Section","mexico city","Mexico","45",2,2012,20,"fest.lib.id.survey.na169","Latin America and Caribbean","docsdf",NA
"Honorable Mention","mexico city","Mexico","763",2,2014,20,"fest.lib.id.survey.na169","Latin America and Caribbean","docsdf",NA
NA,"mexico city","Mexico","879",5,2015,20,"fest.lib.id.survey.na27","Latin America and Caribbean","animasivo ",NA
"Audience Award","mexico city","Mexico","1051",2,2013,20,"fest.lib.id.na169","Latin America and Caribbean","ficunam - festival internacional de cine unam",NA
NA,"mexico city","Mexico","1335",2,2013,21,"fest.lib.id.na169","Latin America and Caribbean","ficunam - festival internacional de cine unam",NA
NA,"mexico city","Mexico","frnew382",5,NA,NA,"fest.lib.id580","Latin America and Caribbean","mix mexico",NA
"silver palm award","mexico city","Mexico","frnew597",5,2014,1,"imdbady01809","Latin America and Caribbean","mexico international film festival","01.05.14"
NA,"mexico city","Mexico","frnew597",5,2015,26,"fest.lib.id580","Latin America and Caribbean","mix mexico","01.05.15"
NA,"mexico city","Mexico","frnew754",5,2016,26,"fest.lib.id580","Latin America and Caribbean","mix mexico","01.05.16"
"latin america premiere","mexico city","Mexico","frnew962",8,2016,4,"imdbady01134","Latin America and Caribbean","micgenero","01.08.16"
NA,"mexico city","Mexico","tffnew473",8,2010,10,"imdbady01847","Latin America and Caribbean","festival internacional de cine para ninos la matatena","01.08.10"
"honorary mention","mexico city","Mexico","idfnew1285",11,2015,3,"imdbady02338","Latin America and Caribbean","certamen internacional de cine documental sobre migracion y exilio","01.11.15"
NA,"mexico city","Mexico","tffnew2042",3,2017,23,"fest.lib.id83","Latin America and Caribbean","gira de documentales ambulante","01.03.17"
NA,"mexico ciy","Mexico","idfnew1285",7,2016,1,"imdbady00455","Latin America and Caribbean","distrital film festival","01.07.16"
"","mexico df","Mexico","f17466",10,2016,NA,"imdbady00465","Latin America and Caribbean","docsmx","01.10.16"
NA,"miami","United States","140",3,2014,20,"fest.lib.id1147","North America","miami film festival",NA
NA,"miami","United States","frnew717",4,2015,24,"fest.lib.id1148","North America","miami gay and lesbian film festival","01.04.15"
NA,"miami","United States","tffnew473",5,2011,5,"imdbady01874","North America","romance in a can film festival","01.05.11"
NA,"miami","United States","1031",4,2013,NA,"fest.lib.id1148","North America","miami gay and lesbian film festival","01.04.13"
"lawrence kasdan award for best narrative film","michigan","United States","tffnew1199",3,2015,24,"fest.lib.id14","North America","aaff ann arbor film festival","01.03.15"
NA,"middlesbrough","United Kingdom","416",2,2013,18,"fest.lib.id112","Europe","animex international festival of animation and computer games",NA
NA,"milan","Italy","16",6,2014,19,"fest.lib.id1154","Europe","milan international lesbian and gay film festival",NA
NA,"milan","Italy","469",10,2012,10,"fest.lib.id831","Europe","immaginaria film festival",NA
NA,"milano","Italy","frnew382",6,2012,22,"id019","Europe","festival mix milano","01.06.12"
NA,"milano","Italy","tffnew2054",3,2017,11,"fest.lib.id.survey.na591","Europe","sguardi altrove short film festival","01.03.17"
NA,"mill valley","United States","46",10,2013,10,"fest.lib.id7505","North America","mill valley film festival",NA
NA,"mill valley","United States","507",10,2012,7,"fest.lib.id7505","North America","mill valley film festival",NA
NA,"milwaukee","United States","16",10,2013,21,"fest.lib.id1157","North America","milwaukee lgbt film/video festival",NA
NA,"milwaukee","United States","469",10,2012,10,"fest.lib.id1157","North America","milwaukee lgbt film/video festival",NA
NA,"milwaukee","United States","663",10,2013,10,"fest.lib.id1157","North America","milwaukee lgbt film/video festival",NA
NA,"milwaukee","United States","1051",9,NA,NA,"fest.lib.id1144","North America","mff milwaukee international film festival",NA
NA,"milwaukee","United States","1184",9,2014,10,"fest.lib.id1144","North America","mff milwaukee international film festival",NA
NA,"milwaukee","United States","1335",10,2013,17,"fest.lib.id1157","North America","milwaukee lgbt film/video festival",NA
NA,"milwaukee","United States","frnew382",10,2012,18,"fest.lib.id1157","North America","milwaukee lgbt film/video festival","01.10.12"
NA,"milwaukee","United States","frnew482",10,2014,16,"fest.lib.id1144","North America","mff milwaukee international film festival","01.10.14"
NA,"milwaukee","United States","frnew700",10,2015,15,"fest.lib.id1157","North America","milwaukee lgbt film/video festival","01.10.15"
"kids choice short film award","milwaukee","United States","frnew730",9,2015,24,"fest.lib.id1144","North America","mff milwaukee international film festival","01.09.15"
NA,"minneapolis","United States","16",4,2013,13,"fest.lib.id1160","North America","minneapolis st paul international film festival",NA
NA,"minneapolis","United States","998",4,2013,10,"fest.lib.id1160","North America","minneapolis st paul international film festival",NA
NA,"minneapolis","United States","tffnew2054",4,2017,13,"fest.lib.id1160","North America","minneapolis st paul international film festival","01.04.17"
NA,"minsk","Belarus","tffnew2042",12,2017,14,"imdbady02013","Europe","watch docs belarus","01.12.17"
NA,"minsk","Belarus","frnew730",9,2015,4,"imdbady01797","Europe","meta - queerfest","01.09.15"
NA,"miskolc","Hungary","87",9,2013,20,"fest.lib.id.na266","Europe","jameson cinefest miskolc international film festival",NA
"hungarian premiere","miskolc","Hungary","idfnew1499",9,2017,NA,"fest.lib.id.na266","Europe","jameson cinefest miskolc international film festival","01.09.17"
NA,"mississauga","Canada","frnew962",8,2016,18,"imdbady01898","North America","on the queer screen","01.08.16"
NA,"mississauga","Canada","tffnew473",6,2010,NA,"imdbady01851","North America","speak up! international film festival","01.06.10"
NA,"mogilev","Belarus","1184",9,2013,16,"fest.lib.id.survey.na25","Europe","animaevka - international festival of animation films",NA
NA,"monaco city","Monaco","idfnew1378",6,2017,16,"imdbady02288","Europe","monte carlo tv festival","01.06.17"
NA,"moncton/ dieppe","Canada","1335",11,2013,14,"fest.lib.id890","Europe","festival international du cinema francophone en acadie",NA
NA,"montclair, new jersey","United States","1051",4,NA,NA,"fest.lib.id7629","North America","montclair film festival",NA
"Special Mention","monte faito - vico equense","Italy","45",8,2013,20,"fest.lib.id.survey.na216","Europe","faito doc festival",NA
NA,"monte-carlo","Monaco","tffnew473",5,2010,5,"imdbady01856","Europe","monaco charity film festival","01.05.10"
NA,"montecatini terme","Italy","1520",10,2013,20,"fest.lib.id7673","Europe","filmvideo montecatini ",NA
NA,"montevideo","Uruguay","879",4,2015,20,"fest.lib.id907","Latin America and Caribbean","festival internacional de cine de uruguay",NA
NA,"montevideo","Uruguay","1335",4,2014,10,"fest.lib.id.survey.na468","Latin America and Caribbean","montevideo film fest",NA
NA,"montornés del segarra","Spain","768",7,2013,NA,"fest.lib.id.survey.na451","Europe","locercacurts","01.07.13"
NA,"montpellier","France","507",9,2012,29,"fest.lib.id.survey.na568","Europe","rencontres du court",NA
NA,"montpellier","France","1007",10,2014,20,"fest.lib.id.na318","Europe","montpellier mediterranean film festival",NA
NA,"montpellier","France","1641",9,2012,28,"fest.lib.id.survey.na568","Europe","rencontres du court",NA
"Best Student Film - Sommets du cinГ©ma dвЂ™animation","montreal","Canada","879",11,2013,20,"fest.lib.id.survey.na443","North America","les sommets de l'animation",NA
NA,"montreal","Canada","998",8,2013,NA,"fest.lib.id1178","North America","montreal black film festival",NA
NA,"montreal","Canada","f16428",11,2011,NA,"fest.lib.id1491","North America","montreal international documentary festival","01.11.11"
NA,"montreal","Canada","f16571",8,2011,NA,"fest.lib.id1180","North America","montreal world film festival","01.08.11"
NA,"montreal","Canada","f16571",8,2011,NA,"fest.lib.id1180","North America","montreal world film festival","01.08.11"
"-99","montreal","United States","f7963",7,2016,14,"fest.lib.id510","North America","fantasia film festival","01.07.16"
"-99","montreal","Canada","f8166",10,2017,NA,"fest.lib.id1177","North America","montreal festival du nouveau cinema","01.10.17"
NA,"montreal","Canada","frnew382",11,2012,22,"fest.lib.id827","North America","image+nation: montreal international lgbt film festival","01.11.12"
"québec premiere","montreal","Canada","frnew962",3,2017,4,"imdbady01909","North America","never apart lgbt film series","01.03.17"
NA,"montreal","Canada","frnew962",8,2017,2,"imdbady00668","North America","festival présence autochtone montréal","01.08.17"
NA,"montreal","Canada","tffnew1199",11,2014,12,"fest.lib.id1491","North America","montreal international documentary festival","01.11.14"
NA,"montreal","Canada","768",10,2013,NA,"fest.lib.id1177","North America","montreal festival du nouveau cinema","01.10.13"
"-99","montréal","Canada","I1605397",3,NA,NA,"imdbady01160","North America","montréal vues d'afrique festival",NA
NA,"montréal","Canada","frnew823",11,2014,20,"fest.lib.id827","North America","image+nation: montreal international lgbt film festival","01.11.14"
NA,"montreuil","France","1641",6,2012,20,"fest.lib.id.survey.na31","MENA","animix, festival du film d'animation ",NA
NA,"montrг©al","Canada","1641",8,2012,23,"fest.lib.id1180","North America","montreal world film festival",NA
NA,"montrг©al","Canada","1641",11,2013,2,"fest.lib.id3546","Europe","festival du film court de dijon, fenetres sur courts",NA
"WINNER Best fiction film","morelia","Kosovo","123",12,2012,20,"fest.lib.id.survey.na609","Europe","skenaup",NA
NA,"morelia","Mexico","1051",10,NA,NA,"fest.lib.id1182","Latin America and Caribbean","morelia international film festival",NA
"Special Jury Award","morgan hill","United States","507",10,2012,10,"fest.lib.id7953","North America","poppy jasper film festival",NA
NA,"moscow","Russia","45",9,2013,20,"fest.lib.id.survey.na543","Europe","point in the endless universe",NA
NA,"moscow","Russia","278",4,2013,20,"fest.lib.id1183","Europe","moscow international film festival",NA
"Winner Best Film Award","moscow","Russia","763",NA,2015,20,"fest.lib.id.survey.na186","Europe","ecocup",NA
NA,"moscow","Russia","879",10,2013,20,"fest.lib.id.survey.na65","Europe","big cartoon festival moscow",NA
NA,"moscow","Russia","1051",4,NA,NA,"fest.lib.id1183","Europe","moscow international film festival",NA
"Prize for the Best Animation Film","moscow","Russia","1184",11,2012,11,"fest.lib.id.survey.na664","Europe","vgik international student film festival",NA
NA,"moscow","Russia","1335",4,2014,19,"fest.lib.id1183","Europe","moscow international film festival",NA
"-99","moscow","Russia","f8308",5,2018,NA,"imdbady02257","Europe","moscow jewish film festival","01.05.18"
NA,"moscow","Russia","idfnew1499",12,2017,6,"fest.lib.id.na283","Europe","artdocfest russian open documentary film festival","2016"
NA,"moscow","Russia","idfnew1890",4,2018,17,"imdbady00436","Europe","delai documentary film festival, moscow","01.04.18"
NA,"moscow","Russia","idfnew1890",5,2018,15,"imdbady01994","Europe","sevastopol international film festival","01.05.18"
NA,"moscow","Russia","idfnew1252",6,2016,14,"imdbady02257","Europe","moscow jewish film festival","01.06.16"
NA,"moscow","Russia","tffnew2042",5,2018,22,"imdbady02257","Europe","moscow jewish film festival","01.05.18"
NA,"moscow","Russia","tffnew561",10,2013,10,"fest.lib.id3329","Europe","360 contemporary science film festival","01.10.13"
"Prize","moscow/ kaluga","Russia","1184",6,2013,NA,"fest.lib.id6833","Europe","insomnia international animation film festival",NA
NA,"mouans-sartoux","France","1488",NA,2012,20,"fest.lib.id.survey.na243","Europe","festival cinemabrut, mouans-sartoux",NA
NA,"mudam","Luxembourg","tffnew1199",2,2015,26,"fest.lib.id.na309","Europe","luxembourg city film festival","01.02.15"
NA,"muenster","Germany","frnew823",11,2015,5,"imdbady01369","Europe","querstreifen münster","01.11.15"
NA,"mumbai","India","123",10,2014,20,"fest.lib.id1191","Asia","mumbai film festival",NA
NA,"mumbai","India","192",10,2012,20,"fest.lib.id1191","Asia","mumbai film festival",NA
NA,"mumbai","India","507",6,2013,23,"fest.lib.id5235","Asia","kashish mumbai international queer film festival",NA
"Winner: Best Feature Length Documentary, Best Cinematography","mumbai","India","763",1,2016,20,"fest.lib.id1246","Asia","miff - mumbai international film festival",NA
NA,"mumbai","India","1051",10,NA,NA,"fest.lib.id1191","Asia","mumbai film festival",NA
NA,"mumbai","India","1335",10,2013,17,"fest.lib.id1191","Asia","mumbai film festival",NA
NA,"mumbai","India","f16571",12,2011,NA,"fest.lib.id.na439","Asia","third eye asian film festival","01.12.11"
NA,"mumbai","India","f16571",12,2011,NA,"fest.lib.id.na439","Asia","third eye asian film festival","01.12.11"
NA,"mumbai","India","frnew382",5,2014,21,"fest.lib.id5235","Asia","kashish mumbai international queer film festival","01.05.14"
NA,"mumbai","India","frnew383",5,2013,22,"fest.lib.id5235","Asia","kashish mumbai international queer film festival","01.05.13"
NA,"mumbai","India","frnew597",5,2014,21,"fest.lib.id5235","Asia","kashish mumbai international queer film festival","01.05.14"
NA,"mumbai","India","frnew700",5,2015,27,"fest.lib.id5235","Asia","kashish mumbai international queer film festival","01.05.15"
NA,"mumbai","India","frnew717",5,2015,27,"fest.lib.id5235","Asia","kashish mumbai international queer film festival","01.05.15"
NA,"mumbai","India","frnew754",5,2015,27,"fest.lib.id5235","Asia","kashish mumbai international queer film festival","01.05.15"
"centerpiece documentary","mumbai","India","frnew962",5,2017,24,"fest.lib.id5235","Asia","kashish mumbai international queer film festival","01.05.17"
"silver gateway award","mumbai","India","tffnew2054",10,2016,20,"fest.lib.id1191","Asia","mumbai film festival","01.10.16"
"-99","münchen","Germany","f17027",10,2013,NA,"fest.lib.id.survey.na657","Europe","underdox","01.10.13"
NA,"munich","Germany","45",5,2014,20,"fest.lib.id1956","Europe","dokfest",NA
NA,"munich","Germany","87",6,NA,NA,"fest.lib.id1916","Europe","kaliber35 munich",NA
NA,"munich","Germany","278",5,2013,8,"fest.lib.id1956","Europe","dokfest",NA
NA,"munich","Germany","761",11,2014,11,"fest.lib.id1990","Europe","internationales festival der filmhochschulen muenchen",NA
NA,"munich","Germany","763",5,2014,20,"fest.lib.id1956","Europe","dokfest",NA
NA,"munich","Germany","frnew860",11,2016,23,"imdbady01356","Europe","queer film festival münchen","01.11.16"
NA,"munich","Germany","idfnew1285",5,2016,5,"fest.lib.id1956","Europe","dokfest","01.05.16"
NA,"munich","Germany","tffnew2054",3,2017,24,"fest.lib.id.na324","Europe","munich 10. balkantage","01.03.17"
"-99","munich ","Germany","f8327",10,2018,NA,"fest.lib.id.survey.na657","Europe","underdox","01.10.18"
"Best Drama Student Film","muskogee","United States","507",4,2013,5,"fest.lib.id7798","North America","bare bones international film & music festival",NA
NA,"myrtle beach","United States","507",4,2013,26,"fest.lib.id7925","North America","myrtle beach film festival",NA
NA,"munich","Germany","1400",5,NA,NA,"fest.lib.id1956","Europe","dokfest",NA
NA,NA,"United States","16",4,2013,28,"fest.lib.id.survey.na464","North America","mifo lgbt film festival",NA
NA,NA,"Brazil","16",11,2013,7,"fest.lib.id1166","Latin America and Caribbean","mix brasil festival of sexual diversity",NA
NA,NA,"Germany","16",11,2013,11,"fest.lib.id.survey.na634","Europe","terre des femmes filmfest",NA
NA,NA,"Belgium","16",11,2013,20,"fest.lib.id767","Europe","holebi film festival",NA
NA,NA,"Austria","16",12,2013,5,"fest.lib.id1725","Europe","this human world international human rights film festival",NA
NA,NA,"Canada","16",2,2014,25,"fest.lib.id531","North America","arc-en-ciel d'afrique festival",NA
NA,NA,"Netherlands","16",3,2014,1,"imdbady01774","Europe","amnesty international film festival",NA
NA,NA,"Netherlands","16",3,2014,21,"imdbady01774","Europe","amnesty international film festival",NA
NA,NA,"Austria","16",3,2014,25,"fest.lib.id.survey.na17","Europe","amnesty international austria",NA
NA,NA,"Singapore","16",4,2014,22,"fest.lib.id.survey.na608","Asia","singapore love and pride film festival",NA
NA,NA,"Poland","16",4,2014,23,"fest.lib.id54","Europe","african film festival afrykamera",NA
NA,NA,"New Zealand","16",5,2014,22,"fest.lib.id.survey.na496","Oceania","new zealand's 'out takes' reel queer film festival",NA
NA,NA,"Switzerland","16",12,2015,3,"fest.lib.id1395","Europe","pinkpanorama",NA
NA,NA,"Botswana","16",3,2016,22,"fest.lib.id189","Subsaharan Africa","batho ba lorato film festival",NA
NA,NA,"United States","16",4,2016,21,"fest.lib.id26","North America","act human rights film festival",NA
NA,NA,"Mexico","45",6,2012,20,"fest.lib.id396","Latin America and Caribbean","cutout fest",NA
NA,NA,"Kosovo","45",7,2012,20,"fest.lib.id6738","Europe","anibar international animation festival",NA
NA,NA,"Cyprus","45",7,2012,20,"fest.lib.id9345","Europe","countryside animafest cyprus",NA
NA,NA,"China","45",9,2012,20,"fest.lib.id.na98","Asia","cnex documentary film festival",NA
NA,NA,"China","45",9,2012,20,"fest.lib.id.survey.na95","Asia","china international animation festival, changzhou",NA
NA,NA,"Mexico","45",9,2012,20,"fest.lib.id.survey.na640","Latin America and Caribbean","toluca international film festival",NA
NA,NA,"Trinidad & Tobago","45",10,2012,20,"fest.lib.id.survey.na22","Latin America and Caribbean","animae caribe",NA
NA,NA,"Switzerland","45",10,2012,20,"fest.lib.id7232","Europe","fantoche international animation festival badengerman speaking region",NA
NA,NA,"Mexico","45",NA,2012,20,"fest.lib.id3468","Latin America and Caribbean","puebla international film festival",NA
NA,NA,"Spain","45",2,2013,20,"fest.lib.id99","Europe","animac",NA
"Honorary Mention in the Documentary Section",NA,"Spain","45",4,2013,20,"fest.lib.id1020","Europe","festival de cine de lanzarote",NA
"Best Animation",NA,"Norway","45",6,2013,20,"fest.lib.id.survey.na500","Europe","norwegian student film festival",NA
NA,NA,"Slovakia","45",6,2013,20,"fest.lib.id.na141","Europe","fest anca international animation festival",NA
NA,NA,"Slovakia","45",6,2013,20,"fest.lib.id132","Europe","art film fest international film festival trencianske teplice",NA
"Special Mention",NA,"Croatia","45",7,2013,20,"fest.lib.id1667","Europe","tabor film festival",NA
NA,NA,"Germany","45",8,2013,20,"fest.lib.id.survey.na506","Europe","okseoe filmfest",NA
"FirstВ prizeВ inВ theВ StudentВ CompetitiveВ Section",NA,"Greece","45",9,2013,20,"fest.lib.id102","Europe","animasyros international animation festival",NA
NA,NA,"Argentina","45",9,2013,20,"fest.lib.id.survey.na225","Latin America and Caribbean","fesaalp",NA
NA,NA,"Slovenia","45",9,2013,20,"fest.lib.id.survey.na179","Europe","dokubazaar",NA
"BestВ VideoВ Documentary",NA,"Portugal","45",10,2013,20,"fest.lib.id.survey.na653","Europe","u.frame festival",NA
NA,NA,"Brazil","45",10,2013,20,"fest.lib.id.survey.na26","Latin America and Caribbean","animasao festival",NA
NA,NA,"Spain","45",10,2013,20,"fest.lib.id.survey.na62","Europe","bideodromo international experimental film festival",NA
NA,NA,"Germany","45",10,2013,20,"fest.lib.id.survey.na12","Europe","ahoi filmfestival",NA
NA,NA,"Italy","45",10,2013,20,"fest.lib.id2597","Europe","terra di tutti film festival",NA
NA,NA,"United States","45",10,2013,20,"fest.lib.id7849","North America","flagstaff mountain film festival",NA
NA,NA,"Bolivia","45",10,2013,20,"fest.lib.id.survey.na400","Latin America and Caribbean","international film festival fenavid",NA
NA,NA,"Switzerland","45",10,2013,20,"fest.lib.id108","Europe","animatou festival international du film d'animation",NA
NA,NA,"United Kingdom","45",11,2013,20,"fest.lib.id7825","Europe","two short nights",NA
NA,NA,"Italy","45",11,2013,20,"fest.lib.id1504","Europe","arcipelago international festival of short films and new images",NA
NA,NA,"Italy","45",11,2013,20,"fest.lib.id.na357","Europe","ozu film festival",NA
NA,NA,"United Kingdom","45",11,2013,20,"fest.lib.id7263","Europe","aesthetica short film festival",NA
NA,NA,"Canada","45",11,2013,20,"fest.lib.id9639","North America","giant incandescent resonating animation festival giraf",NA
NA,NA,"United States","45",11,2013,20,"fest.lib.id.survey.na359","North America","golden orchid international animation festival",NA
NA,NA,"Chile","45",11,2013,20,"fest.lib.id.survey.na34","Latin America and Caribbean","antofadocs",NA
NA,NA,"Uruguay","45",12,2013,20,"fest.lib.id.survey.na43","Latin America and Caribbean","atlantidoc",NA
NA,NA,"Poland","45",12,2013,20,"fest.lib.id1836","Europe","international film festival watch docs. human rights in film. warsaw.",NA
NA,NA,"Romania","45",NA,2013,20,"fest.lib.id1501","Europe","romania international film festival",NA
NA,NA,"Argentina","45",NA,2013,20,"fest.lib.id.survey.na163","Latin America and Caribbean","docant",NA
NA,NA,"Uruguay","45",NA,2013,20,"fest.lib.id.survey.na292","Latin America and Caribbean","festival internacional de cortometrajes del uruguay",NA
NA,NA,"Russia","45",2,2014,20,"fest.lib.id.survey.na199","Europe","erarta motion pictures",NA
NA,NA,"United States","45",3,2014,20,"fest.lib.id7718","North America","living skies student film festival",NA
NA,NA,"Hungary","45",4,2014,20,"fest.lib.id1129","Europe","mediawave",NA
NA,NA,"United States","45",4,2014,20,"fest.lib.id.survey.na209","North America","experiments in cinema",NA
NA,NA,"India","45",4,2014,20,"fest.lib.id.survey.na177","Asia","dok leipzig lake festival",NA
NA,NA,"Ireland","45",4,2014,20,"fest.lib.id.survey.na412","Europe","irish latin american film festival",NA
NA,NA,"Italy","45",4,2014,20,"fest.lib.id.na212","Europe","future film festival",NA
NA,NA,"Ecuador","45",5,2014,20,"fest.lib.id7837","Latin America and Caribbean","edoc",NA
NA,NA,"Colombia","45",8,2014,20,"fest.lib.id.survey.na56","Latin America and Caribbean","beeld voor beeld",NA
NA,NA,"Bahrain","45",10,2014,20,"fest.lib.id3618","MENA","naqsh short film festival",NA
NA,NA,"Brazil","45",11,2014,20,"fest.lib.id.na323","Latin America and Caribbean","mumia bolivia animation film festival",NA
NA,NA,"Cuba","45",NA,2014,20,"fest.lib.id.survey.na488","Latin America and Caribbean","muestra joven",NA
NA,NA,"Netherlands","46",9,2013,NA,"fest.lib.id895","Europe","film by the sea film festival",NA
NA,NA,"United States","46",10,2013,10,"fest.lib.id752","North America","hamptons international film festival",NA
NA,NA,"Belgium","46",11,2013,11,"fest.lib.id1393","Europe","pink screens queer film festival brussels",NA
NA,NA,"Turkey","46",1,2014,NA,"fest.lib.id8662","Asia","kuirfest pembe hayat/pink life queer fest",NA
NA,NA,"Belgium","46",1,2014,NA,"fest.lib.id1393","Europe","pink screens queer film festival brussels",NA
NA,NA,"United States","46",3,2014,NA,"fest.lib.id.survey.na342","North America","francophone film festival au cinema coolidge corner",NA
NA,NA,"United States","46",4,2014,NA,"fest.lib.id1497","North America","riverrun international film festival",NA
NA,NA,"United States","46",4,2014,NA,"fest.lib.id8305","North America","monadnock international film festival",NA
NA,NA,"United States","46",7,2014,NA,"fest.lib.id1342","North America","outfest los angeles lgbtq film festival",NA
NA,NA,"France","87",12,2013,20,"fest.lib.id61","Europe","aix-en-provence short film festival",NA
NA,NA,"Italy","87",2,2014,20,"fest.lib.id.survey.na591","Europe","sguardi altrove short film festival",NA
NA,NA,"Costa Rica","87",3,NA,NA,"fest.lib.id.survey.na131","Latin America and Caribbean","costa rica film festival costa rica ff",NA
NA,NA,"Puerto Rico","87",7,NA,NA,"fest.lib.id9616","Latin America and Caribbean","cinefiesta film festival",NA
NA,NA,"France","87",7,NA,NA,"fest.lib.id.survey.na105","Europe","cine-rencontres french film festival",NA
NA,NA,"Greece","87",9,NA,NA,"fest.lib.id.survey.na41","Europe","athens international film festival",NA
NA,NA,"Spain","87",11,NA,NA,"fest.lib.id251","Europe","brest european short film festival",NA
NA,NA,"Greece","87",NA,NA,NA,"fest.lib.id5903","Europe","psarokokalo filmfest",NA
NA,NA,"Italy","87",NA,NA,NA,"fest.lib.id6261","Europe","universo corto, elba film festival",NA
NA,NA,"Germany","98",2,NA,NA,"fest.lib.id1888","Europe","berlin international film festival",NA
NA,NA,"China","98",3,NA,NA,"fest.lib.id763","Asia","hong kong international film festival",NA
NA,NA,"Armenia","98",7,NA,NA,"fest.lib.id726","Europe","golden apricot yerevan international film festival",NA
NA,NA,"Germany","98",7,NA,NA,"fest.lib.id.na210","Europe","funf-seen-filmfestival",NA
NA,NA,"Serbia","98",7,NA,NA,"fest.lib.id.na360","Europe","european film festival palic, serbia",NA
NA,NA,"Switzerland","98",8,NA,NA,"fest.lib.id1050","Europe","locarno international film festival",NA
NA,NA,"Georgia","98",9,NA,NA,"fest.lib.id211","Asia","batumi international art film festival",NA
NA,NA,"India","98",10,NA,NA,"fest.lib.id1191","Asia","mumbai film festival",NA
NA,NA,"Ukraine","98",10,NA,NA,"fest.lib.id2067","Europe","molodist kyiv international film festival",NA
NA,NA,"Switzerland","98",11,NA,NA,"fest.lib.id1447","Europe","queersicht film festival",NA
NA,NA,"North Macedonia","98",11,NA,NA,"fest.lib.id7662","Europe","cinedays festival of european film",NA
NA,NA,"Germany","98",11,NA,NA,"fest.lib.id1910","Europe","festival of east european cinema cottbus",NA
NA,NA,"Ukraine","98",11,NA,NA,"fest.lib.id.survey.na310","Europe","festival of georgian films in ukraine",NA
NA,NA,"India","98",12,NA,NA,"fest.lib.id903","Asia","international film festival of kerala thiruvananthapuram",NA
NA,NA,"China","98",12,NA,NA,"fest.lib.id.na20","Asia","asia-pacific film festival, macau china",NA
NA,NA,"Georgia","98",12,NA,NA,"fest.lib.id1688","Asia","tbilisi international film festival",NA
NA,NA,"United States","123",6,2012,20,"fest.lib.id.survey.na129","North America","columbia university, film festival",NA
NA,NA,"United States","123",7,2012,20,"fest.lib.id1342","North America","outfest los angeles lgbtq film festival",NA
NA,NA,"Spain","123",1,2013,20,"fest.lib.id1882","Europe","zinegoak",NA
NA,NA,"United States","123",4,2013,20,"fest.lib.id7632","North America","cine las americas international film festival",NA
NA,NA,"Portugal","123",6,2013,20,"fest.lib.id6231","Europe","fest - new directors new film",NA
NA,NA,"United States","123",6,2013,20,"fest.lib.id665","North America","frameline film festival",NA
NA,NA,"United States","123",7,2013,20,"fest.lib.id1766","North America","traverse city film festival",NA
NA,NA,"United States","123",9,2013,20,"fest.lib.id.survey.na64","North America","big bear lake international film festival",NA
NA,NA,"United States","123",9,2013,20,"fest.lib.id1070","North America","long beach q film festival",NA
NA,NA,"United States","123",9,2013,20,"fest.lib.id6635","North America","l.a. shorts fest",NA
NA,NA,"Mexico","123",NA,2013,20,"fest.lib.id7572","Latin America and Caribbean","shorts mexico: festival internacional de cortometrajes mexico",NA
NA,NA,"United States","123",3,2014,20,"fest.lib.id7573","North America","vail film festival",NA
NA,NA,"United States","123",4,2014,20,"fest.lib.id7643","North America","julien dubuque international film festival",NA
NA,NA,"United States","123",4,2014,20,"fest.lib.id.na40","North America","befilm the underground film festival",NA
NA,NA,"Colombia","123",7,2014,20,"fest.lib.id6530","Latin America and Caribbean","cine contracorriente",NA
NA,NA,"China","123",9,2014,20,"fest.lib.id855","Asia","indpanda international film festival",NA
NA,NA,"United States","123",10,2014,20,"fest.lib.id1635","North America","southwest gay and lesbian film festival",NA
NA,NA,"Austria","123",11,2014,20,"fest.lib.id.survey.na351","Europe","frontale international film festival",NA
NA,NA,"Serbia","123",9,2015,20,"fest.lib.id.survey.na406","Europe","international short film festival form",NA
NA,NA,"Switzerland","123",11,2015,20,"fest.lib.id.survey.na528","Europe","pantalla latina",NA
NA,NA,"Guatemala","123",11,2015,20,"fest.lib.id.survey.na433","Latin America and Caribbean","la otra banqueta - the guatemala film festival on sexual diversity",NA
NA,NA,"Belgium","140",3,2013,20,"fest.lib.id.na319","Europe","mooov filmfestival",NA
NA,NA,"Switzerland","140",6,2013,20,"fest.lib.id534","Europe","black movie film festival",NA
NA,NA,"Netherlands","140",4,2014,20,"fest.lib.id.survey.na142","Europe","curacao international film festival",NA
"-99",NA,"Netherlands","147",11,2013,13,"fest.lib.id874","Europe","international documentary festival amsterdam",NA
"-99",NA,"Romania","147",6,2014,14,"fest.lib.id1737","Europe","transilvania international film festival",NA
"-99",NA,"North Macedonia","147",6,2014,14,"fest.lib.id1101","Europe","makedox creative documentary film festival",NA
"-99",NA,"New Zealand","147",7,2014,14,"fest.lib.id.na336","Oceania","new zealand international film festival",NA
"-99",NA,"Norway","147",9,2014,14,"fest.lib.id.na43","Europe","nafa film festival bergen",NA
"-99",NA,"Russia","147",10,2014,14,"fest.lib.id3329","Europe","360 contemporary science film festival",NA
"-99",NA,"Czechia","147",10,2014,14,"fest.lib.id1708","Europe","das filmfest - festival deutschsprachiger film",NA
"-99",NA,"Germany","147",2,2015,15,"fest.lib.id1888","Europe","berlin international film festival",NA
"-99",NA,"Austria","147",3,2015,15,"fest.lib.id424","Europe","diagonale festival des oesterreichischen films",NA
"-99",NA,"Serbia","147",6,2016,16,"fest.lib.id8248","Europe","cinema city international film festival",NA
"-99",NA,"Netherlands","148",11,2013,13,"fest.lib.id874","Europe","international documentary festival amsterdam",NA
"-99",NA,"United States","148",2,2014,14,"fest.lib.id7491","North America","big sky documentary film festival",NA
"-99",NA,"Switzerland","148",2,2014,14,"fest.lib.id894","Europe","geneva film festival",NA
"-99",NA,"United States","148",3,2014,14,"fest.lib.id365","North America","cleveland international film festival",NA
"-99",NA,"Sweden","148",4,2014,14,"fest.lib.id5532","Europe","stockholm filmfestival junior",NA
"-99",NA,"United States","148",4,2014,14,"fest.lib.id5195","North America","kansas city film festival",NA
"-99",NA,"United States","148",4,2014,14,"fest.lib.id5692","North America","chicago underground film festival",NA
"-99",NA,"United States","148",4,2014,14,"fest.lib.id1160","North America","minneapolis st paul international film festival",NA
"-99",NA,"Greece","148",4,2014,14,"fest.lib.id152","Europe","athens international film + video festival",NA
"-99",NA,"United States","148",5,2014,14,"fest.lib.id7524","North America","caamfest",NA
"-99",NA,"United States","148",5,2014,14,"fest.lib.id4705","North America","river bend film festival",NA
"-99",NA,"Australia","148",6,2014,14,"fest.lib.id1666","Oceania","sydney underground film festival",NA
"-99",NA,"United States","148",4,2016,16,"fest.lib.id26","North America","act human rights film festival",NA
"Special Jury Mention",NA,"Switzerland","192",11,2011,20,"fest.lib.id4378","Europe","castellinaria film festival",NA
NA,NA,"India","192",12,2011,20,"fest.lib.id.na439","Asia","third eye asian film festival",NA
"Special Jury Mention in cinematography",NA,"India","192",NA,2011,20,"fest.lib.id.survey.na352","Asia","fuji indradhanush film festival",NA
NA,NA,"Italy","192",NA,2012,20,"fest.lib.id8819","Europe","ca' foscari short film festival",NA
NA,NA,"United States","205",1,2013,20,"fest.lib.id1658","North America","sundance film festival",NA
NA,NA,"United States","205",1,2013,20,"fest.lib.id.survey.na356","North America","glovebox short film & animation festival",NA
NA,NA,"Norway","205",2,2013,20,"fest.lib.id7733","Europe","minimalen short film festival",NA
NA,NA,"United States","205",4,2013,20,"fest.lib.id7487","North America","florida film festival",NA
NA,NA,"United States","205",6,2013,20,"fest.lib.id5699","North America","southside film festival",NA
NA,NA,"United States","205",6,2013,20,"fest.lib.id1394","North America","pink sheep film festival",NA
NA,NA,"Netherlands","205",6,2013,20,"fest.lib.id.survey.na425","Europe","kloosterkino heavenly animated shorts",NA
NA,NA,"Puerto Rico","205",7,2013,20,"fest.lib.id9616","Latin America and Caribbean","cinefiesta film festival",NA
NA,NA,"Italy","205",8,2013,20,"fest.lib.id1170","Europe","molise cinema film festival",NA
NA,NA,"Greece","205",9,2013,20,"fest.lib.id102","Europe","animasyros international animation festival",NA
NA,NA,"Sweden","205",9,2013,20,"fest.lib.id342","Europe","cinema queer international film festival",NA
NA,NA,"Serbia","205",9,2013,20,"fest.lib.id.na13","Europe","animanima international animation festival",NA
NA,NA,"United Kingdom","205",9,2013,20,"fest.lib.id.survey.na28","Europe","animated eden animation festival",NA
NA,NA,"United States","205",10,2013,20,"fest.lib.id7550","North America","new hampshire film festival",NA
NA,NA,"United States","205",10,2013,20,"fest.lib.id.na380","North America","polari film festival",NA
NA,NA,"United Kingdom","205",11,2013,20,"fest.lib.id7263","Europe","aesthetica short film festival",NA
NA,NA,"Sweden","205",11,2013,20,"fest.lib.id.survey.na362","Europe","gotlands kortfilmsfestival",NA
NA,NA,NA,"205",NA,2013,20,"fest.lib.id.survey.na322",NA,"fil'm hafizasa festival",NA
NA,NA,"Spain","205",1,2014,20,"fest.lib.id1882","Europe","zinegoak",NA
NA,NA,"Turkey","205",1,2014,20,"fest.lib.id8662","Asia","kuirfest pembe hayat/pink life queer fest",NA
NA,NA,"Canada","205",5,2014,20,"fest.lib.id1436","North America","queer city cinema",NA
NA,NA,"China","205",5,2014,20,"fest.lib.id8371","Asia","china international new media short film festival",NA
NA,NA,"Germany","205",5,2014,20,"fest.lib.id1984","Europe","xposed international queer film festival",NA
NA,NA,"Colombia","205",6,2014,20,"fest.lib.id317","Latin America and Caribbean","ciclo-rosa film festival",NA
NA,NA,"Greece","205",10,2014,20,"fest.lib.id.survey.na130","Europe","corfu animation festival",NA
NA,NA,"Hungary","205",11,2014,20,"fest.lib.id.survey.na695","Europe","zoom short film night hungary",NA
NA,NA,"Switzerland","205",11,2014,20,"fest.lib.id1447","Europe","queersicht film festival",NA
NA,NA,"Brazil","205",11,2014,20,"fest.lib.id.survey.na159","Latin America and Caribbean","diversity in animation festival brazil",NA
NA,NA,"United Kingdom","205",NA,2014,20,"fest.lib.id8924","Europe","strange love festival",NA
NA,NA,"Sweden","205",12,2016,20,"fest.lib.id3298","Europe","kortfilmsdagen (short film day)",NA
NA,NA,"Portugal","205",NA,NA,NA,"fest.lib.id.survey.na126","Europe","coimbra film festival portugal",NA
"Directors Spotlight Award, Best Editing",NA,"United States","235",6,2012,12,"fest.lib.id.na457","North America","ucla school of theater, film & television film festival",NA
"-99",NA,"United States","235",8,2012,12,"fest.lib.id768","North America","hollyshorts film festival",NA
"-99",NA,"United States","235",8,2012,12,"fest.lib.id.na480","North America","white sands international film festival",NA
"-99",NA,"United States","235",9,2012,12,"fest.lib.id.na81","North America","cincinnati film festival",NA
"-99",NA,"United States","235",10,2012,12,"fest.lib.id7940","North America","orlando film festival",NA
"-99",NA,"United States","235",11,2012,12,"fest.lib.id8627","North America","international film festival manhattan",NA
"-99",NA,"United States","235",12,2012,12,"fest.lib.id.na252","North America","international film festival of cinematic arts",NA
"-99",NA,"United States","235",1,2013,13,"fest.lib.id6585","North America","irvine international film festival",NA
"-99",NA,"United States","235",2,2013,13,"fest.lib.id1572","North America","san francisco independent film festival",NA
"Best Supporting Actor, Best Supporting Actress, Best Short Comedy/Musical",NA,"United States","235",2,2013,13,"fest.lib.id8196","North America","asians on film festival",NA
"-99",NA,"United States","235",3,2013,13,"fest.lib.id7524","North America","caamfest",NA
"-99",NA,"United States","235",5,2013,13,"fest.lib.id1072","North America","los angeles asian pacific film festival",NA
"-99",NA,"United States","235",6,2013,13,"fest.lib.id5924","North America","san antonio film festival",NA
"-99",NA,"United States","235",6,2013,13,"fest.lib.id665","North America","frameline film festival",NA
"-99",NA,"United States","235",7,2013,13,"fest.lib.id8196","North America","asians on film festival",NA
"-99",NA,"United States","235",8,2013,13,"fest.lib.id8246","North America","fabulous independent film festival",NA
"Festival Favorite Award",NA,"United States","235",9,2013,13,"fest.lib.id8001","North America","cinema diverse: the palm springs gay and lesbian film festival",NA
"-99",NA,"United States","235",10,2013,13,"fest.lib.id.na380","North America","polari film festival",NA
"-99",NA,"United States","235",10,2013,13,"fest.lib.id7384","North America","marina del rey film festival",NA
"-99",NA,"Canada","235",11,2013,13,"fest.lib.id1802","North America","vancouver asian film festival",NA
"-99",NA,"United States","235",11,2013,13,"fest.lib.id1520","North America","san diego asian film festival",NA
"-99",NA,"United States","235",11,2013,13,"fest.lib.id1473","North America","reeling the chicago lesbian and gay international film festival",NA
"-99",NA,"Netherlands","235",3,2014,14,"fest.lib.id1510","Europe","roze filmdagen amsterdam gay lesbian film festival",NA
"-99",NA,"United States","235",5,2014,14,"fest.lib.id.na438","North America","the americas film festival new york film festival",NA
"-99",NA,"Taiwan","235",11,2014,14,"fest.lib.id8543","Asia","taiwan international queer film festival",NA
"-99",NA,"India","235",6,2015,15,"fest.lib.id304","Asia","chennai rainbow film festival",NA
"N/A",NA,"United States","289",6,2013,13,"fest.lib.id665","North America","frameline film festival",NA
"-",NA,"Germany","334",2,2013,13,"fest.lib.id1888","Europe","berlin international film festival",NA
"-",NA,"Germany","334",4,2013,13,"fest.lib.id1988","Europe","filmkunstfest mecklenburg-vorpommern",NA
"-",NA,"Germany","334",5,2013,13,"fest.lib.id.survey.na494","Europe","neisse filmfestival",NA
"-",NA,"Romania","334",6,2013,13,"fest.lib.id1737","Europe","transilvania international film festival",NA
"-",NA,"Germany","334",10,2013,13,"fest.lib.id1895","Europe","hamburg film festival",NA
"-",NA,NA,"334",10,2013,13,"fest.lib.id.survey.na154",NA,"deutsche filmwoche vom goethe institut",NA
"-",NA,"Germany","334",11,2013,13,"fest.lib.id.survey.na13","Europe","ahrenshooper filmnächte",NA
"-",NA,"Germany","334",11,2013,13,"fest.lib.id1914","Europe","exground filmfest",NA
"-",NA,"Portugal","334",1,2014,14,"fest.lib.id.survey.na329","Europe","filmfest kino lissabon vom goethe institut",NA
"-99",NA,"United States","356",5,2013,5,"fest.lib.id.survey.na585","North America","seattle true independent film festival",NA
"-99",NA,"United States","356",5,2013,13,"fest.lib.id7576","North America","translations: seattle transgender film festival",NA
"-99",NA,"United States","356",6,2013,13,"fest.lib.id665","North America","frameline film festival",NA
"-99",NA,"United States","356",8,2013,13,"fest.lib.id1286","North America","north carolina gay and lesbian film festival",NA
"Best Cinematography",NA,"United States","356",9,2013,13,"fest.lib.id1070","North America","long beach q film festival",NA
"-99",NA,"United States","356",9,2013,13,"fest.lib.id.survey.na469","North America","moondance film fest",NA
"-99",NA,"United States","356",10,2013,13,"fest.lib.id1679","North America","tampa international gay lesbian film festival",NA
"-99",NA,"United States","356",10,2013,13,"fest.lib.id1635","North America","southwest gay and lesbian film festival",NA
"-99",NA,"Spain","356",10,2013,13,"fest.lib.id636","Europe","fire!! mostra internacional de cinema gay i lesbia de barcelona",NA
"-99",NA,"Italy","356",11,2013,13,"fest.lib.id651","Europe","florence queer festival",NA
"-99",NA,"United States","356",11,2013,13,"fest.lib.id1473","North America","reeling the chicago lesbian and gay international film festival",NA
"-99",NA,"Canada","356",11,2013,13,"fest.lib.id.survey.na76","North America","brantford ff",NA
"-99",NA,"Turkey","356",3,2014,14,"fest.lib.id627","Asia","filmmor womens ff",NA
"-99",NA,"Australia","356",3,2014,14,"fest.lib.id1665","Oceania","sydney transgender ff",NA
"-99",NA,"Mexico","356",4,2014,14,"fest.lib.id838","Latin America and Caribbean","imperfectu",NA
"-99",NA,"United States","356",4,2014,14,"fest.lib.id8300","North America","davis feminist film fest",NA
"-99",NA,"United States","356",4,2014,14,"fest.lib.id1023","North America","latino queer arts and film festival",NA
"-99",NA,"New Zealand","356",5,2014,14,"fest.lib.id.survey.na496","Oceania","new zealand's 'out takes' reel queer film festival",NA
"-99",NA,"Germany","356",7,2014,14,"fest.lib.id1942","Europe","entzaubert international queer d.i.y. film festival",NA
"-99",NA,"Italy","356",12,2014,14,"fest.lib.id1304","Europe","omovie queer ff",NA
"none",NA,"China","386",3,2012,20,"fest.lib.id763","Asia","hong kong international film festival",NA
"Jury Honorable Mention Documentary Short",NA,"United States","386",6,2012,20,"fest.lib.id6064","North America","provincetown international film festival",NA
"none",NA,"United States","386",6,2012,20,"fest.lib.id7788","North America","kansas city lgbt film festival",NA
"none",NA,"United States","386",8,2012,20,"fest.lib.id8147","North America","sacramento film and music festival",NA
"Juror Award",NA,"United States","386",8,2012,20,"fest.lib.id1083","North America","louisville lgbt film festival",NA
"Audience Favorite Short",NA,"United States","386",9,2012,20,"fest.lib.id8001","North America","cinema diverse: the palm springs gay and lesbian film festival",NA
"none",NA,"United States","386",10,2012,20,"fest.lib.id1259","North America","new orleans film festival",NA
"none",NA,"United States","386",10,2012,20,"fest.lib.id1462","North America","reel affirmations washington docs lgbt int'l film festival",NA
"none",NA,"United States","386",10,2012,20,"fest.lib.id1679","North America","tampa international gay lesbian film festival",NA
"none",NA,"United States","386",6,2013,20,"fest.lib.id665","North America","frameline film festival",NA
"none",NA,"France","386",11,2014,20,"fest.lib.id305","Europe","festival cheries-cheris",NA
"-99",NA,"Germany","391",2,2013,13,"fest.lib.id1888","Europe","berlin international film festival",NA
"-99",NA,"Turkey","391",4,2013,13,"fest.lib.id942","Asia","istanbul film festival",NA
"-99",NA,"United States","391",5,2013,13,"fest.lib.id1529","North America","san francisco international film festival",NA
"-99",NA,"New Zealand","391",8,2013,13,"fest.lib.id.na336","Oceania","new zealand international film festival",NA
"-99",NA,"Brazil","391",10,2013,13,"fest.lib.id1494","Latin America and Caribbean","rio de janeiro international film festival",NA
"-99",NA,"Russia","391",12,2013,13,"fest.lib.id589","Europe","german film days moscow",NA
"Special Jury Mention",NA,"Croatia","416",5,2012,20,"fest.lib.id100","Europe","croatian animated film festival ",NA
NA,NA,"Luxembourg","416",10,2012,11,"fest.lib.id.survey.na108","Europe","cineast film festival",NA
"Best Director Award ",NA,"Russia","416",10,2012,18,"fest.lib.id.survey.na361","Europe","goldfish international children's animation festival ",NA
NA,NA,"Singapore","416",11,2012,29,"fest.lib.id.survey.na602","Asia","siggraph asia",NA
"Best Animated Film Award ",NA,"Croatia","416",NA,2012,20,"fest.lib.id.survey.na152","Europe","days of croatian film ",NA
NA,NA,"Ukraine","416",9,2013,1,"fest.lib.id998","Europe","international animated film fest krok",NA
"Audience Award ",NA,"Greece","416",10,2013,4,"fest.lib.id.survey.na130","Europe","corfu animation festival",NA
NA,NA,"Armenia","416",11,2014,8,"fest.lib.id.survey.na402","Europe","international film festival for children and young people",NA
NA,NA,"United Kingdom","438",1,NA,NA,"fest.lib.id1065","Europe","london short film festival",NA
NA,NA,"Czechia","438",1,NA,NA,"fest.lib.id1409","Europe","prague short film festival",NA
NA,NA,"Germany","438",1,NA,NA,"fest.lib.id1938","Europe","british shorts film festival berlin",NA
NA,NA,"France","438",2,NA,NA,"fest.lib.id364","Europe","clermont-ferrand international film festival",NA
NA,NA,"France","438",3,NA,NA,"fest.lib.id5808","Europe","ecu european independent film festival",NA
NA,NA,"Italy","438",3,NA,NA,"fest.lib.id7347","Europe","rome independent film festival",NA
NA,NA,"Bulgaria","438",3,NA,NA,"fest.lib.id1623","Europe","sofia international film festival",NA
NA,NA,"Belgium","438",4,NA,NA,"fest.lib.id264","Europe","brussels short film festival",NA
NA,NA,"United States","438",5,NA,NA,"fest.lib.id1557","North America","seattle international film festival",NA
NA,NA,"China","438",5,NA,NA,"fest.lib.id8371","Asia","china international new media short film festival",NA
NA,NA,"United States","438",6,NA,NA,"fest.lib.id1359","North America","palm springs international shortfest",NA
NA,NA,"Germany","438",6,NA,NA,"fest.lib.id1916","Europe","kaliber35 munich",NA
NA,NA,"Czechia","438",7,NA,NA,"fest.lib.id974","Europe","karlovy vary international film festival",NA
NA,NA,"Italy","438",8,NA,NA,"fest.lib.id375","Europe","concorto film festival",NA
NA,NA,"United Kingdom","438",9,NA,NA,"fest.lib.id6814","Europe","encounters film festival",NA
NA,NA,"France","438",9,NA,NA,"fest.lib.id1569","Europe","festival international sequence court-metrage, toulouse",NA
NA,NA,"Germany","438",9,NA,NA,"fest.lib.id1892","Europe","hamburg international short film festival",NA
NA,NA,"Vietnam","438",10,NA,NA,"imdbady00524","Asia","european film festival",NA
NA,NA,"Ukraine","438",10,NA,NA,"fest.lib.id2067","Europe","molodist kyiv international film festival",NA
NA,NA,"Lebanon","438",11,NA,NA,"fest.lib.id.na130","MENA","european film festival",NA
NA,NA,"Vietnam","438",11,NA,NA,"imdbady00526","Asia","european film festival",NA
NA,NA,"Slovenia","438",11,NA,NA,"fest.lib.id1041","Europe","liffe ljubljana international film festival",NA
NA,NA,"Spain","438",11,NA,NA,"fest.lib.id623","Europe","filmets badalona film festival",NA
NA,NA,NA,"438",NA,NA,NA,"fest.lib.id.survey.na674",NA,"wa festival brittany",NA
NA,NA,NA,"438",NA,NA,NA,"fest.lib.id.survey.na248",NA,"festival courts metrage",NA
NA,NA,"United Kingdom","440",NA,2012,20,"fest.lib.id1786","Europe","the uk film festival",NA
NA,NA,"United States","440",1,2013,20,"fest.lib.id1618","North America","slamdance film festival",NA
NA,NA,"United States","440",5,2013,20,"fest.lib.id1639","North America","sprout film festival",NA
NA,NA,"Canada","440",6,2013,20,"fest.lib.id.survey.na545","North America","pride week lgbt short film festival",NA
NA,NA,"United States","440",8,2013,20,"fest.lib.id768","North America","hollyshorts film festival",NA
NA,NA,"United Kingdom","440",10,2013,20,"fest.lib.id7571","Europe","iris prize festival",NA
NA,NA,"United States","440",10,2013,20,"fest.lib.id828","North America","imageout rochester international film festival",NA
NA,NA,"United States","440",10,2013,20,"fest.lib.id1635","North America","southwest gay and lesbian film festival",NA
NA,NA,"Belgium","440",11,2013,20,"fest.lib.id.survey.na198","Europe","eop! film festival",NA
NA,NA,"Puerto Rico","440",11,2013,20,"fest.lib.id1424","Latin America and Caribbean","puerto rico queer filmfest ",NA
NA,NA,"Brazil","440",11,2013,20,"fest.lib.id.survey.na557","Latin America and Caribbean","recifest",NA
NA,NA,"Japan","440",4,2014,20,"fest.lib.id969","Asia","kansai queer film festival",NA
NA,NA,"Spain","440",5,2014,20,"fest.lib.id607","Europe","zinentiendo",NA
NA,NA,"Mexico","440",5,2014,20,"fest.lib.id580","Latin America and Caribbean","mix mexico",NA
NA,NA,"Greece","440",5,2014,20,"fest.lib.id1351","Europe","outview queer film festival",NA
NA,NA,"New Zealand","440",5,2014,20,"fest.lib.id.survey.na496","Oceania","new zealand's 'out takes' reel queer film festival",NA
NA,NA,"Switzerland","440",11,2014,20,"fest.lib.id1447","Europe","queersicht film festival",NA
"Best Narrative Film, Best Screenplay, Best Actor in a Leading Role",NA,"Cuba","440",NA,2014,20,"fest.lib.id.survey.na488","Latin America and Caribbean","muestra joven",NA
NA,NA,"Spain","440",NA,2014,20,"fest.lib.id.survey.na19","Europe","andalusia film festival",NA
"-99",NA,"Russia","441",6,2012,6,"fest.lib.id.na283","Europe","artdocfest russian open documentary film festival",NA
"-99",NA,"Russia","441",8,2012,12,"fest.lib.id.survey.na680","Europe","window to europe",NA
"-99",NA,"Russia","441",9,2012,12,"fest.lib.id1141","Europe","message to man international film festival",NA
"-99",NA,"Russia","441",9,2012,NA,"fest.lib.id901","Europe","iff pacific meridian - international film festival of asian-pacific countries",NA
"-99",NA,"Germany","441",2,2013,7,"fest.lib.id1888","Europe","berlin international film festival",NA
"-99",NA,"Croatia","441",5,2013,NA,"fest.lib.id.survey.na619","Europe","subversive",NA
"-99",NA,"Germany","441",4,2014,9,"fest.lib.id1900","Europe","goeast festival of central and eastern european film",NA
"-99",NA,"Germany","460",2,2013,13,"fest.lib.id1888","Europe","berlin international film festival",NA
"-99",NA,"France","460",3,2015,15,"fest.lib.id336","Europe","cinema du reel film festival",NA
"-99",NA,"Netherlands","467",11,2013,20,"fest.lib.id874","Europe","international documentary festival amsterdam",NA
"-99",NA,"Singapore","467",4,2014,20,"fest.lib.id.survey.na614","Asia","south east asian film festival",NA
"-99",NA,"India","467",7,2014,20,"fest.lib.id979","Asia","international documentary and short film festival of kerala",NA
"-99",NA,"Italy","467",10,2014,20,"fest.lib.id147","Europe","asiaticafilmmediale",NA
"-99",NA,"Indonesia","467",12,2014,20,"fest.lib.id966","Asia","jogja-netpac asian film festival",NA
NA,NA,"Poland","496",10,2013,20,"fest.lib.id.na9","Europe","american film festival",NA
"-99",NA,"Netherlands","504",3,2014,NA,"fest.lib.id1510","Europe","roze filmdagen amsterdam gay lesbian film festival",NA
"-99",NA,"China","504",3,2014,NA,"fest.lib.id782","Asia","hong kong international lesbian and gay film festival",NA
"-99",NA,"Italy","504",4,2014,NA,"fest.lib.id1084","Europe","lovers film festival torino lgbtqi visions",NA
"-99",NA,"United States","504",6,2014,20,"fest.lib.id665","North America","frameline film festival",NA
"-99",NA,"Spain","504",7,2014,10,"fest.lib.id636","Europe","fire!! mostra internacional de cinema gay i lesbia de barcelona",NA
"-99",NA,"United States","504",9,2014,NA,"fest.lib.id8001","North America","cinema diverse: the palm springs gay and lesbian film festival",NA
"-99",NA,"Indonesia","504",10,2014,10,"fest.lib.id.survey.na416","Asia","jakarta q.fest",NA
"-99",NA,"United States","504",10,2014,10,"fest.lib.id1679","North America","tampa international gay lesbian film festival",NA
"-99",NA,"Finland","504",11,2014,11,"fest.lib.id1823","Europe","vinokino film festival",NA
NA,NA,"Greece","507",9,2012,19,"fest.lib.id922","Europe","drama international short film festival",NA
"-99",NA,"United States","579",10,2012,12,"fest.lib.id1705","North America","la transgender film festival",NA
"-99",NA,"Switzerland","579",11,2012,12,"fest.lib.id1447","Europe","queersicht film festival",NA
"-99",NA,"United States","579",6,2013,13,"fest.lib.id665","North America","frameline film festival",NA
"Best Short",NA,"United States","579",8,2013,13,"fest.lib.id.survey.na69","North America","birmingham sidewalk film festival",NA
"-99",NA,"United States","579",10,2013,13,"fest.lib.id.na380","North America","polari film festival",NA
"-99",NA,"Germany","579",10,2013,13,"fest.lib.id1968","Europe","queerfilmfest rostock",NA
"-99",NA,"Germany","579",10,2013,13,"fest.lib.id1904","Europe","hamburg international queer film festival",NA
"-99",NA,"United States","579",10,2013,13,"fest.lib.id1637","North America","spokane glbt film festival",NA
"-99",NA,"Serbia","579",12,2013,13,"fest.lib.id1139","Europe","merlinka",NA
"-99",NA,"Canada","579",1,2014,14,"fest.lib.id1474","North America","reelout 15",NA
"-99",NA,"India","579",3,2014,14,"fest.lib.id182","Asia","bangalore queer film festival",NA
"-99",NA,"United States","579",3,2014,14,"fest.lib.id8067","North America","queens world film festival",NA
"-99",NA,"Greece","579",7,2014,14,"fest.lib.id.survey.na130","Europe","corfu animation festival",NA
"-99",NA,"France","602",10,2012,12,"fest.lib.id.na155","Europe","festival de gerardmer",NA
"-99",NA,NA,"602",4,2013,13,"fest.lib.id8040",NA,"wamm festival",NA
"-99",NA,"Italy","602",5,2013,13,"fest.lib.id.survey.na458","Europe","mashrome film fest",NA
"-99",NA,"Italy","602",5,2013,13,"fest.lib.id.survey.na574","Europe","rimini festival",NA
"-99",NA,"United States","602",5,2013,13,"fest.lib.id5908","North America","stiff festival",NA
"-99",NA,"United States","602",6,2013,13,"fest.lib.id665","North America","frameline film festival",NA
"Top 10",NA,"Canada","643",9,2013,13,"fest.lib.id1736","North America","tiff toronto international film festival",NA
"-99",NA,"Canada","643",11,2013,13,"fest.lib.id2613","North America","toronto short film fest",NA
"Best actress",NA,"United States","643",12,2013,13,"fest.lib.id.survey.na504","North America","nyc bootleg film festival",NA
"-99",NA,"China","699",9,2012,11,"fest.lib.id782","Asia","hong kong international lesbian and gay film festival",NA
"-99",NA,"India","699",5,2013,NA,"fest.lib.id5235","Asia","kashish mumbai international queer film festival",NA
"-99",NA,"United States","699",6,2013,20,"fest.lib.id665","North America","frameline film festival",NA
"-99",NA,"China","699",6,2013,NA,"fest.lib.id190","Asia","beijing queer film festival",NA
"-99",NA,"China","699",6,2013,NA,"fest.lib.id1578","Asia","shanghai pride film festival",NA
"-99",NA,"United States","699",7,2013,NA,"fest.lib.id1342","North America","outfest los angeles lgbtq film festival",NA
"-99",NA,"United States","699",3,2014,NA,"fest.lib.id238","North America","boston lgbt film festival",NA
"-99",NA,"South Korea","699",6,2014,NA,"fest.lib.id1568","Asia","seoul queer film festival",NA
"-99",NA,"Indonesia","699",8,2014,NA,"fest.lib.id.survey.na416","Asia","jakarta q.fest",NA
"-99",NA,"Denmark","699",10,2014,10,"fest.lib.id1167","Europe","mix copenhagen lesbian gay bi trans film festival",NA
NA,NA,"United States","708",6,2012,20,"fest.lib.id665","North America","frameline film festival",NA
NA,NA,"Canada","761",8,2013,20,"fest.lib.id1180","North America","montreal world film festival",NA
"Best Narrative Short Film",NA,"United States","761",3,2014,NA,"fest.lib.id7477","North America","cinequest film festival",NA
NA,NA,"United States","761",4,2014,NA,"fest.lib.id.survey.na668","North America","viet film festival",NA
NA,NA,"United States","761",5,2014,NA,"fest.lib.id1272","North America","newport beach film festival",NA
NA,NA,"China","761",5,2014,NA,"fest.lib.id8371","Asia","china international new media short film festival",NA
NA,NA,"Italy","761",5,2014,NA,"fest.lib.id807","Europe","human rights nights film festival",NA
NA,NA,"Australia","761",5,2014,NA,"fest.lib.id4682","Oceania","st. kilda film festival, palm springs showcase",NA
NA,NA,"France","761",8,2014,NA,"fest.lib.id.survey.na440","Europe","les courtnivors film festival",NA
NA,NA,"France","761",9,2014,NA,"fest.lib.id1569","Europe","festival international sequence court-metrage, toulouse",NA
NA,NA,"China","761",9,2014,NA,"fest.lib.id637","Asia","first international film festival xining",NA
NA,NA,"Albania","761",9,2014,NA,"fest.lib.id7250","Europe","anifest rozafa international festival of animated film",NA
NA,NA,"North Korea","761",9,2014,NA,"fest.lib.id1389","Asia","pyongyang international film festival",NA
NA,NA,"France","761",9,2014,NA,"fest.lib.id.survey.na568","Europe","rencontres du court",NA
"Oro Movie, Best Live Action Short Film",NA,"Italy","761",10,2014,10,"fest.lib.id1560","Europe","sedicicorto international film festival",NA
"Special Prize of the Jury",NA,"Italy","761",11,2014,11,"fest.lib.id1504","Europe","arcipelago international festival of short films and new images",NA
NA,NA,"Peru","761",11,2014,11,"fest.lib.id523","Latin America and Caribbean","international competition fenaco",NA
NA,NA,"Greece","761",11,2014,12,"fest.lib.id.survey.na507","Europe","olympia international film festival",NA
NA,NA,"France","761",12,2014,11,"fest.lib.id61","Europe","aix-en-provence short film festival",NA
NA,NA,"France","761",12,2014,12,"fest.lib.id.na146","Europe","educational film festival",NA
"Cinema Prize",NA,"France","761",12,2014,12,"fest.lib.id.survey.na498","Europe","no time left film festival",NA
NA,NA,"Lebanon","761",12,2014,12,"fest.lib.id.survey.na334","MENA","fimec, international film festival in lebanon",NA
"Best Cinematographer",NA,"United States","761",3,2015,NA,"fest.lib.id9313","North America","alhambra theatre film festival",NA
NA,NA,"United States","761",3,2015,NA,"fest.lib.id.survey.na128","North America","collins film festival",NA
"Best Actress (AISGE Award) for Mai Vy",NA,"Spain","761",4,2015,NA,"fest.lib.id1124","Europe","mecal barcelona international short and animation film festival",NA
"Melhor Roteiro",NA,"Brazil","761",5,2015,NA,"fest.lib.id.survey.na270","Latin America and Caribbean","festival de finos filmes curtos",NA
"Winner - Documentary Competition",NA,"China","763",3,2014,20,"fest.lib.id763","Asia","hong kong international film festival",NA
"Special Jury Mention",NA,"Slovenia","763",6,2014,20,"fest.lib.id9714","Europe","bled film festival",NA
NA,NA,"Ireland","763",10,2014,20,"fest.lib.id746","Europe","guth gafa film festival",NA
NA,NA,"France","763",NA,2014,20,"fest.lib.id.survey.na404","Europe","international people film festival",NA
"Winner Best Documentary",NA,"Sweden","763",12,2015,20,"fest.lib.id.survey.na50","Europe","baneff doc:short",NA
NA,NA,"Bosnia & Herzegovina","763",8,2016,20,"fest.lib.id1543","Europe","sarajevo film festival",NA
NA,NA,"Brazil","763",10,2016,20,"fest.lib.id3843","Latin America and Caribbean","planeta.doc",NA
"EFA Award",NA,"Germany","768",2,2013,20,"fest.lib.id1888","Europe","berlin international film festival",NA
"Obliqua Section Award / Youth Jury Award",NA,"Spain","768",3,2013,20,"fest.lib.id1124","Europe","mecal barcelona international short and animation film festival",NA
"Best screenplay",NA,"Colombia","768",3,2013,20,"fest.lib.id291","Latin America and Caribbean","cartagena international film festival",NA
"Best director",NA,"Romania","768",4,2013,20,"fest.lib.id1273","Europe","next international film festival",NA
"Best fiction short film",NA,"Spain","768",5,2013,20,"fest.lib.id.survey.na54","Europe","barcelona visual sound",NA
"Best short film / Best screenplay / Best art direction / Best costume design",NA,"Spain","768",6,2013,20,"fest.lib.id.survey.na245","Europe","festival cinepropio",NA
"-99",NA,"Brazil","768",6,2013,20,"fest.lib.id3368","Latin America and Caribbean","olhar de cinema - curitiba international film festival",NA
"Audience award",NA,"Spain","768",7,2013,20,"fest.lib.id.survey.na293","Europe","festival internacional de curtmetratges mas sorrer",NA
"Special Mention",NA,"Spain","768",7,2013,20,"fest.lib.id.survey.na451","Europe","locercacurts",NA
"Best director",NA,"Italy","768",8,2013,20,"fest.lib.id6734","Europe","la guarimba film festival",NA
"Best Fiction Film",NA,"Russia","768",8,2013,20,"fest.lib.id.survey.na413","Europe","isaff open cinema",NA
"-99",NA,"Bosnia & Herzegovina","768",8,2013,20,"fest.lib.id1543","Europe","sarajevo film festival",NA
"-99",NA,"Denmark","768",8,2013,20,"fest.lib.id1299","Europe","off - odense international film festival",NA
"Best short film",NA,"Denmark","768",9,2013,20,"fest.lib.id.survey.na73","Europe","bornshorts",NA
"Special Mention",NA,"Spain","768",9,2013,20,"fest.lib.id395","Europe","curtocircuito international short film festival, santiago de compostela",NA
"Golden Hugo",NA,"United States","768",10,2013,20,"fest.lib.id308","North America","chicago international film festival",NA
"Best short film",NA,"Spain","768",10,2013,20,"fest.lib.id.survey.na554","Europe","quartmetratges",NA
"Best short film",NA,"Spain","768",10,2013,20,"fest.lib.id22","Europe","abycine international film festival",NA
"-99",NA,"Canada","768",10,2013,20,"fest.lib.id1177","North America","montreal festival du nouveau cinema",NA
"Best art direction",NA,"Spain","768",11,2013,20,"fest.lib.id373","Europe","alcine international film festival",NA
"Prix Format Court",NA,"France","768",11,2013,20,"fest.lib.id251","Europe","brest european short film festival",NA
"Best Short Film",NA,"Estonia","768",11,2013,20,"fest.lib.id.survey.na610","Europe","sleepwalkers student and short film festival",NA
"Special Mention",NA,"Italy","768",11,2013,20,"fest.lib.id.na357","Europe","ozu film festival",NA
"Best Short Film",NA,"Brazil","768",11,2013,20,"fest.lib.id.na171","Latin America and Caribbean","festival international lume de cine",NA
"Critics award",NA,"Spain","768",12,2013,20,"fest.lib.id57","Europe","festival de cortometrajes de aguilar de campoo",NA
"International Short Movie Mention",NA,"Italy","768",NA,2013,20,"fest.lib.id.survey.na202","Europe","euganea film festival",NA
"Grand Prix Court MГ©trange",NA,NA,"768",NA,2013,20,"fest.lib.id.survey.na248",NA,"festival courts metrage",NA
"Second prize",NA,"Spain","768",NA,2013,20,"fest.lib.id.survey.na372","Europe","humor en corto",NA
"Special Mention",NA,"Czechia","768",1,2014,20,"fest.lib.id1409","Europe","prague short film festival",NA
"Best short film",NA,"United States","768",3,2014,20,"fest.lib.id5242","North America","fort myers film festival",NA
"Best short film / best art direction",NA,"Spain","768",3,2014,20,"fest.lib.id.survey.na354","Europe","getafe in cinema",NA
"Best international short film",NA,"Hungary","768",3,2014,20,"fest.lib.id8298","Europe","friss hus budapest",NA
"Short Narrative: second prize",NA,"Greece","768",9,2014,20,"fest.lib.id152","Europe","athens international film + video festival",NA
"-99",NA,"United States","802",6,2013,20,"fest.lib.id665","North America","frameline film festival",NA
"-99",NA,"France","833",2,2013,13,"fest.lib.id364","Europe","clermont-ferrand international film festival",NA
"-99",NA,"Switzerland","833",3,2013,13,"fest.lib.id.na207","Europe","fiff - festival international de films de fribourg",NA
"-99",NA,"Australia","833",10,2013,13,"fest.lib.id7100","Oceania","heart of gold international film festival",NA
"-99",NA,"Japan","833",10,2013,13,"fest.lib.id1542","Asia","sapporo international short film festival and market",NA
"-99",NA,"France","833",5,2014,14,"fest.lib.id285","Europe","cannes international film festival",NA
NA,NA,"Brazil","857",1,NA,NA,"fest.lib.id.survey.na.ch.470","Latin America and Caribbean","mostra de cinema de tiradentes - mostra foco",NA
NA,NA,"Australia","857",1,NA,NA,"fest.lib.id648","Oceania","flickerfest",NA
NA,NA,"Brazil","857",8,NA,NA,"fest.lib.id195","Latin America and Caribbean","belo horizonte film festival",NA
NA,NA,"Brazil","857",9,NA,NA,"imdbady00257","Latin America and Caribbean","cachoeiradoc - festival de documentários de cachoeira",NA
NA,NA,"Brazil","857",9,NA,NA,"fest.lib.id.survey.na471","Latin America and Caribbean","mostra cinema conquista",NA
NA,NA,"Brazil","857",10,NA,NA,"fest.lib.id.survey.na77","Europe","brasilcine",NA
NA,NA,"Brazil","857",10,NA,NA,"fest.lib.id.survey.na144","Latin America and Caribbean","curta brasilia ",NA
NA,NA,"Brazil","857",10,NA,NA,"fest.lib.id.survey.na145","Latin America and Caribbean","curta santos",NA
NA,NA,"Brazil","857",10,NA,NA,"fest.lib.id5108","Latin America and Caribbean","goiania mostra curtas",NA
NA,NA,"Mexico","857",10,NA,NA,"fest.lib.id1182","Latin America and Caribbean","morelia international film festival",NA
NA,NA,"Germany","857",10,NA,NA,"fest.lib.id1890","Europe","dok leipzig",NA
NA,NA,"Czechia","857",10,NA,NA,"id097","Europe","jihlava international documentary film festival",NA
NA,NA,"Italy","857",11,NA,NA,"fest.lib.id.na357","Europe","ozu film festival",NA
NA,NA,"Netherlands","857",11,NA,NA,"fest.lib.id874","Europe","international documentary festival amsterdam",NA
NA,NA,"Brazil","857",11,NA,NA,"fest.lib.id.survey.na475","Latin America and Caribbean","mostra kinoarte de londrina",NA
NA,NA,"Canada","857",12,NA,NA,"fest.lib.id.survey.na79","North America","brazilian film festival of toronto",NA
NA,NA,NA,"857",NA,NA,NA,"fest.lib.id.survey.na389",NA,"indiespace",NA
NA,NA,"Japan","879",6,2013,20,"fest.lib.id1587","Latin America and Caribbean","short shorts film festival & asia",NA
NA,NA,"Italy","879",7,2013,20,"fest.lib.id.na294","Europe","lago film fest",NA
NA,NA,"Belgium","879",8,2013,20,"id458","Europe","nuit du court festival du court métrage de bruxelles",NA
"New Talent Award - Encounters",NA,"United Kingdom","879",9,2013,20,"fest.lib.id6814","Europe","encounters film festival",NA
"Jury Special Prize - PISAF",NA,"South Korea","879",10,2013,20,"fest.lib.id.survey.na551","Asia","puchon international student animation festival pisaf",NA
NA,NA,"Canada","879",10,2013,20,"fest.lib.id18","North America","festival cinema rouyn-noranda",NA
NA,NA,"India","879",10,2013,20,"fest.lib.id8560","Asia","chitrakatha student animation film festival",NA
"Special Mention - Animated Dreams",NA,"Estonia","879",11,2013,20,"fest.lib.id7530","Europe","tallinn black nights film festival",NA
NA,NA,"France","879",11,2013,20,"fest.lib.id.survey.na183","Europe","du grain a demoudre film festival",NA
NA,NA,"United States","879",11,2013,20,"fest.lib.id8269","North America","sweaty eyeballs animation invitational",NA
NA,NA,"Italy","879",12,2013,20,"fest.lib.id.survey.na30","Europe","animazione piccolo festival dell'animazione, roggiuzzole",NA
NA,NA,"France","879",NA,2013,20,"fest.lib.id.survey.na194","Europe","eme festival cinefil, region rhone alpes",NA
NA,NA,"Belgium","879",2,2014,20,"fest.lib.id96","Europe","anima brussels festival",NA
NA,NA,"Spain","879",2,2014,20,"fest.lib.id99","Europe","animac",NA
NA,NA,"Netherlands","879",3,2014,20,"fest.lib.id725","Europe","go short international short film festival nijmegen",NA
NA,NA,"France","879",3,2014,20,"fest.lib.id.survey.na318","Europe","fete de l'anim'",NA
NA,NA,"Portugal","879",3,2014,20,"fest.lib.id1174","Europe","monstra lisbon animated film festival",NA
NA,NA,"Ireland","879",4,2014,20,"fest.lib.id.survey.na151","Europe","darklight festival",NA
"3ГЁme prix - Silence, On Court !",NA,"France","879",4,2014,20,"fest.lib.id.survey.na605","Europe","silence on court !",NA
NA,NA,"United States","879",5,2014,20,"fest.lib.id.survey.na503","North America","nw animation fest",NA
"Best Student Film - AniFilm",NA,"Czechia","879",5,2014,20,"fest.lib.id885","Europe","anifilm international festival of animated films",NA
NA,NA,"Russia","879",6,2014,20,"fest.lib.id6833","Europe","insomnia international animation film festival",NA
NA,NA,"Italy","879",9,2014,20,"fest.lib.id.survey.na220","Europe","family fiction film project",NA
NA,NA,"Russia","879",9,2014,20,"fest.lib.id998","Europe","international animated film fest krok",NA
NA,NA,"Netherlands","879",9,2014,20,"fest.lib.id.na68","Europe","but - b-movie underground and trash film festival",NA
NA,NA,"Trinidad & Tobago","879",10,2014,20,"fest.lib.id.survey.na22","Latin America and Caribbean","animae caribe",NA
NA,NA,"Bosnia & Herzegovina","879",10,2014,20,"fest.lib.id884","Europe","banjaluka international animation film festival",NA
NA,NA,"Chile","879",10,2014,20,"fest.lib.id.survey.na250","Latin America and Caribbean","festival de animation fida chile",NA
NA,NA,"China","879",11,2014,20,"fest.lib.id.survey.na602","Asia","siggraph asia",NA
NA,NA,"Poland","879",11,2014,20,"fest.lib.id7449","Europe","euroshorts film festival",NA
NA,NA,"Austria","879",11,2014,20,"fest.lib.id7781","Europe","youki international youth media festival",NA
NA,NA,"France","879",11,2014,20,"fest.lib.id.survey.na285","Europe","festival ecran libre",NA
NA,NA,"Russia","879",11,2014,20,"fest.lib.id7967","Europe","multivision festival saint petersburg",NA
NA,NA,"South Korea","879",11,2014,20,"fest.lib.id3033","Asia","animpact korea, china, japan",NA
NA,NA,"Japan","879",11,2014,20,"fest.lib.id1253","Asia","new chitose airport international animation festival",NA
NA,NA,"France","879",11,2014,20,"fest.lib.id202","Europe","best of short films festival la ciotat",NA
NA,NA,"Netherlands","879",12,2014,20,"fest.lib.id.survey.na408","Europe","international streaming festival",NA
"Grand Prix - PPAFF",NA,"Estonia","879",NA,2014,20,"fest.lib.id.survey.na546","Europe","priit parn animated film festival",NA
NA,NA,"France","879",NA,2014,20,"fest.lib.id.survey.na595","Europe","shortorama",NA
NA,NA,"Cyprus","879",3,2015,20,"fest.lib.id835","Europe","international motion festival",NA
NA,NA,"Hungary","879",4,2015,20,"fest.lib.id1129","Europe","mediawave",NA
NA,NA,"France","942",1,2013,1,"fest.lib.id364","Europe","clermont-ferrand international film festival",NA
NA,NA,"United States","942",1,NA,NA,"fest.lib.id1658","North America","sundance film festival",NA
NA,NA,"Bangladesh","942",1,NA,NA,"fest.lib.id.survey.na155","Asia","dhaka film festival",NA
NA,NA,"Dominican Republic","942",1,NA,NA,"fest.lib.id457","Latin America and Caribbean","dominican republic film festival",NA
NA,NA,"Norway","942",1,NA,NA,"fest.lib.id1774","Europe","tromsø international film festival",NA
NA,NA,"Germany","942",2,NA,NA,"fest.lib.id1888","Europe","berlin international film festival",NA
NA,NA,"Croatia","942",2,NA,NA,"fest.lib.id1876","Europe","zagreb dox film festival",NA
NA,NA,"Netherlands","942",3,NA,NA,"fest.lib.id1189","Europe","movies that matter festival",NA
NA,NA,"Greece","942",3,NA,NA,"fest.lib.id1722","Europe","thessaloniki documentary festival",NA
NA,NA,"United States","942",3,NA,NA,"fest.lib.id365","North America","cleveland international film festival",NA
NA,NA,"Chile","942",3,NA,NA,"fest.lib.id.na139","Latin America and Caribbean","femcine",NA
NA,NA,"Sweden","942",3,NA,NA,"fest.lib.id7598","Europe","tempo documentary festival",NA
NA,NA,"Costa Rica","942",3,NA,NA,"fest.lib.id.survey.na131","Latin America and Caribbean","costa rica film festival costa rica ff",NA
NA,NA,"Costa Rica","942",3,NA,NA,"fest.lib.id.survey.na131","Latin America and Caribbean","costa rica film festival costa rica ff",NA
NA,NA,"United States","942",3,NA,NA,"fest.lib.id1147","North America","miami film festival",NA
NA,NA,"Mexico","942",3,NA,NA,"fest.lib.id.na392","Latin America and Caribbean","riviera maya film festival mexico",NA
NA,NA,"Turkey","942",3,NA,NA,"fest.lib.id627","Asia","filmmor womens ff",NA
NA,NA,"Brazil","942",4,NA,NA,"fest.lib.id944","Latin America and Caribbean","it's all true international documentary film festival",NA
NA,NA,"United States","942",4,NA,NA,"fest.lib.id1529","North America","san francisco international film festival",NA
NA,NA,NA,"942",4,NA,NA,"fest.lib.id452","Europe","docville international documentary film festival leuven",NA
NA,NA,"New Zealand","942",5,NA,NA,"fest.lib.id6061","Oceania","documentary edge festival",NA
NA,NA,"Poland","942",5,NA,NA,"fest.lib.id997","Europe","krakow film festival",NA
NA,NA,"South Korea","942",5,NA,NA,"fest.lib.id931","Asia","international women's film festival seoul",NA
NA,NA,"Germany","942",5,NA,NA,"fest.lib.id.survey.na348","Europe","freiburger film forum",NA
NA,NA,"Turkey","942",5,NA,NA,"fest.lib.id5710","Asia","flying broom film festival",NA
NA,NA,"Netherlands","942",5,NA,NA,"imdbady00877","Europe","indian film festival",NA
NA,NA,"United Kingdom","942",5,NA,NA,"fest.lib.id7929","Europe","cinemagic film festival",NA
NA,NA,"Spain","942",5,NA,NA,"fest.lib.id833","Europe","imagine india film festival",NA
NA,NA,"Ecuador","942",5,NA,NA,"fest.lib.id7837","Latin America and Caribbean","edoc",NA
NA,NA,"Italy","942",5,NA,NA,"fest.lib.id807","Europe","human rights nights film festival",NA
NA,NA,"Montenegro","942",6,NA,NA,"fest.lib.id.survey.na658","Europe","underhill film festival",NA
NA,NA,"Turkey","942",6,NA,NA,"fest.lib.id.survey.na172","Asia","documentarist",NA
NA,NA,"United Kingdom","942",6,NA,NA,"fest.lib.id1449","Europe","rai film festival",NA
NA,NA,"Ecuador","942",6,NA,NA,"fest.lib.id3596","Latin America and Caribbean","festival internacional de cine de cuenca",NA
NA,NA,"Germany","942",7,NA,NA,"fest.lib.id.survey.na383","Europe","indian film festival",NA
NA,NA,"South Africa","942",7,NA,NA,"fest.lib.id469","Subsaharan Africa","durban international film festival",NA
NA,NA,"Indonesia","942",7,NA,NA,"fest.lib.id.survey.na200","Asia","erasmus huis film festival",NA
NA,NA,"Croatia","942",7,NA,NA,"fest.lib.id1187","Europe","motovun film festival",NA
NA,NA,"Kyrgyzstan","942",8,NA,NA,"fest.lib.id.survey.na430","Asia","kyrgyzstan human rights film festival",NA
NA,NA,"Kosovo","942",8,NA,NA,"fest.lib.id6250","Europe","dokufest international documentary and short film festival",NA
NA,NA,"Czechia","942",9,NA,NA,"fest.lib.id.survey.na508","Europe","one world film festival",NA
NA,NA,"Germany","942",9,NA,NA,"fest.lib.id.survey.na370","Europe","human rights film festival",NA
NA,NA,"Finland","942",9,NA,NA,"fest.lib.id759","Europe","helsinki international film festival",NA
NA,NA,"United States","942",9,NA,NA,"fest.lib.id6578","North America","bergen international film festival",NA
NA,NA,"United Kingdom","942",9,NA,NA,"fest.lib.id1677","Europe","take one action film festival",NA
NA,NA,"Albania","942",9,NA,NA,"fest.lib.id914","Europe","international human rights film festival",NA
NA,NA,"Turkey","942",9,NA,NA,"fest.lib.id30","Asia","golden boll international film festival",NA
NA,NA,"India","942",9,NA,NA,"fest.lib.id.survey.na550","Asia","psbt film festival open frame",NA
NA,NA,"Norway","942",10,NA,NA,"fest.lib.id.na194","Europe","films from the south festival",NA
NA,NA,"Spain","942",10,NA,NA,"fest.lib.id1565","Europe","seminci valladolid international film festival",NA
NA,NA,"Australia","942",10,NA,NA,"fest.lib.id122","Oceania","antenna film festival",NA
NA,NA,"Germany","942",10,NA,NA,"fest.lib.id1901","Europe","nuremberg international human rights film festival",NA
NA,NA,"Nepal","942",10,NA,NA,"fest.lib.id595","Asia","film southasia - festival of southasian documentaries",NA
NA,NA,"Germany","942",10,NA,NA,"fest.lib.id.survey.na330","Europe","filmfest osnabrueck/goeast",NA
NA,NA,"India","942",10,NA,NA,"fest.lib.id1191","Asia","mumbai film festival",NA
NA,NA,"Italy","942",10,NA,NA,"fest.lib.id7842","Europe","religion today film festival",NA
NA,NA,"Serbia","942",11,NA,NA,"fest.lib.id670","Europe","free zone festival belgrade",NA
NA,NA,"Iran","942",11,NA,NA,"fest.lib.id345","MENA","cinema verite",NA
NA,NA,"Germany","942",11,NA,NA,"fest.lib.id.survey.na477","Europe","move it film festival",NA
NA,NA,"Canada","942",11,NA,NA,"fest.lib.id1491","North America","montreal international documentary festival",NA
NA,NA,"Lebanon","942",11,NA,NA,"fest.lib.id1772","MENA","tripoli international film festival",NA
NA,NA,"Germany","942",11,NA,NA,"fest.lib.id.survey.na67","Europe","bimovie film festival",NA
NA,NA,"Austria","942",11,NA,NA,"fest.lib.id.survey.na82","Oceania","breath of fresh air film festival",NA
NA,NA,"Montenegro","942",11,NA,NA,"fest.lib.id.survey.na652","Europe","tv festival bar",NA
NA,NA,"Indonesia","942",11,NA,NA,"fest.lib.id949","Asia","jakarta international film festival",NA
NA,NA,"Poland","942",11,NA,NA,"fest.lib.id282","Europe","camerimage international film festival",NA
NA,NA,"Tunisia","942",12,NA,NA,"fest.lib.id.survey.na650","MENA","tunis human rights film festival",NA
NA,NA,"Tunisia","942",12,NA,NA,"fest.lib.id810","MENA","human screen festival",NA
NA,NA,"Austria","942",12,NA,NA,"fest.lib.id1725","Europe","this human world international human rights film festival",NA
NA,NA,"India","942",12,NA,NA,"fest.lib.id.survey.na337","Asia","flashpoint human rights film festival",NA
NA,NA,"United Kingdom","942",NA,NA,NA,"fest.lib.id9142","Europe","sheffield film festival",NA
NA,NA,NA,"942",NA,NA,NA,"fest.lib.id.survey.na685",NA,"women's film festival",NA
NA,NA,"Slovakia","942",NA,NA,NA,"fest.lib.id1312","Europe","one world slovakia",NA
NA,NA,NA,"942",NA,NA,NA,"fest.lib.id.survey.na684",NA,"women of the world film festival",NA
NA,NA,"Qatar","942",NA,NA,NA,"fest.lib.id71","MENA","aljazeera documentary film festival",NA
NA,NA,"United States","942",NA,NA,NA,"fest.lib.id8833","North America","un women's film festival",NA
NA,NA,NA,"942",NA,NA,NA,"fest.lib.id.survey.na165",NA,"docfest jordan",NA
NA,NA,"Russia","942",NA,NA,NA,"fest.lib.id2899","Europe","docfest moscow",NA
NA,NA,"Colombia","942",NA,NA,NA,"fest.lib.id.survey.na102","Latin America and Caribbean","cine del sur",NA
NA,NA,NA,"942",NA,NA,NA,"fest.lib.id.survey.na161",NA,"doc film festival",NA
NA,NA,NA,"942",NA,NA,NA,"fest.lib.id.survey.na84",NA,"burma human rights film festival",NA
NA,NA,"Canada","998",9,2013,NA,"fest.lib.id.survey.na8","North America","african film series",NA
NA,NA,"Italy","998",10,2013,10,"fest.lib.id1811","Europe","cinemaafricano",NA
NA,NA,"Italy","1007",1,2014,20,"fest.lib.id.survey.na620","Europe","sudestival",NA
NA,NA,"United States","1007",6,2014,20,"fest.lib.id.survey.na513","North America","open roads: new italian cinema  ",NA
NA,NA,"Italy","1007",6,2014,20,"fest.lib.id6680","Europe","ischia film festival",NA
NA,NA,"Australia","1007",9,2014,20,"fest.lib.id.survey.na437","Oceania","lavazza italian film festival",NA
NA,NA,"United Kingdom","1007",9,2014,20,"fest.lib.id7074","Europe","raindance film festival",NA
"-99",NA,"United States","1031",3,2013,NA,"fest.lib.id.survey.na336","North America","first time fest",NA
"-99",NA,"United Kingdom","1031",3,2013,NA,"fest.lib.id206","Europe","bfi london lesbian and gay film festival",NA
"-99",NA,"Australia","1031",3,2013,NA,"fest.lib.id1134","Oceania","melbourne queer film festival",NA
"-99",NA,"Israel","1031",4,2013,NA,"fest.lib.id6240","MENA","tel aviv lgbt film festival",NA
"-99",NA,"United States","1031",4,2013,NA,"fest.lib.id1148","North America","miami gay and lesbian film festival",NA
"-99",NA,"Canada","1031",5,2013,NA,"fest.lib.id859","North America","inside out toronto lgbt film and video festival",NA
"Best Actress in a Feature Film - Lily Hall",NA,"United States","1031",5,2013,NA,"fest.lib.id628","North America","filmout san diego",NA
"-99",NA,"United States","1031",5,2013,NA,"fest.lib.id238","North America","boston lgbt film festival",NA
"-99",NA,"New Zealand","1031",5,2013,NA,"fest.lib.id.survey.na496","Oceania","new zealand's 'out takes' reel queer film festival",NA
"-99",NA,"United States","1031",6,2013,20,"fest.lib.id665","North America","frameline film festival",NA
"Best Actress in a Feature Film",NA,"United States","1031",7,2013,NA,"fest.lib.id.survey.na182","North America","downtown film festival - la",NA
"-99",NA,"United States","1031",7,2013,NA,"fest.lib.id1432","North America","qfest houston gay lesbian film festival",NA
"-99",NA,"United States","1031",7,2013,NA,"fest.lib.id7249","North America","damn these heels lgbt film festival",NA
"-99",NA,"United States","1031",8,2013,NA,"fest.lib.id1286","North America","north carolina gay and lesbian film festival",NA
"-99",NA,"United States","1031",9,2013,10,"fest.lib.id1427","North America","qcinema, fort worth",NA
"-99",NA,"United States","1031",9,2013,11,"fest.lib.id1070","North America","long beach q film festival",NA
"-99",NA,"United States","1031",9,2013,NA,"fest.lib.id1289","North America","north louisiana gay and lesbian film festival",NA
"-99",NA,"China","1031",9,2013,NA,"fest.lib.id782","Asia","hong kong international lesbian and gay film festival",NA
"-99",NA,"United States","1031",9,2013,NA,"fest.lib.id7878","North America","fresno reel pride film festival",NA
"-99",NA,"Indonesia","1031",10,2013,10,"fest.lib.id.survey.na416","Asia","jakarta q.fest",NA
"-99",NA,"United States","1031",10,2013,10,"fest.lib.id7784","North America","la femme international film festival",NA
"-99",NA,"Hungary","1031",10,2013,11,"fest.lib.id266","Europe","budapest pride lgbtq film festival",NA
"-99",NA,"Spain","1031",10,2013,11,"fest.lib.id1028","Europe","lesgaicinemad, madrid international lgbti film festival",NA
"-99",NA,"France","1031",11,2013,11,"fest.lib.id328","Europe","paris cineffable film festival",NA
"-99",NA,"Brazil","1031",11,2013,11,"fest.lib.id1166","Latin America and Caribbean","mix brasil festival of sexual diversity",NA
"-99",NA,"Germany","1031",11,2013,11,"fest.lib.id1963","Europe","kommunales kino schwulelesbisches filmtage weiterstadt",NA
"-99",NA,"Switzerland","1031",11,2013,12,"fest.lib.id1447","Europe","queersicht film festival",NA
"-99",NA,"Australia","1031",2,2014,NA,"fest.lib.id1443","Oceania","queer screen mardi gras film festival",NA
"-99",NA,"Belgium","1031",2,2014,NA,"fest.lib.id.survey.na632","Europe","tel quels: lgbt film festival brussels",NA
"-99",NA,"Netherlands","1031",3,2014,NA,"fest.lib.id1510","Europe","roze filmdagen amsterdam gay lesbian film festival",NA
"-99",NA,"France","1031",4,2014,NA,"fest.lib.id.survey.na381","Europe","in&out festival",NA
"-99",NA,"United Kingdom","1031",5,2014,NA,"fest.lib.id.survey.na68","Europe","birmingham lgbt film festival",NA
"-99",NA,"France","1045",8,2012,20,"fest.lib.id1300","Europe","off courts ",NA
"-99",NA,"Belgium","1045",9,2012,20,"fest.lib.id1234","Europe","namur international french-language film festival",NA
"-99",NA,"France","1045",11,2012,20,"fest.lib.id.survey.na284","Europe","festival du film de famille",NA
"-99",NA,"France","1045",2,2013,20,"fest.lib.id364","Europe","clermont-ferrand international film festival",NA
"-99",NA,"Spain","1045",3,2013,20,"fest.lib.id1124","Europe","mecal barcelona international short and animation film festival",NA
"-99",NA,"France","1045",4,2013,20,"fest.lib.id.survey.na15","Europe","altkirch international film festival",NA
"-99",NA,"Belgium","1045",4,2013,20,"fest.lib.id264","Europe","brussels short film festival",NA
"-99",NA,"Romania","1045",4,2013,20,"fest.lib.id1273","Europe","next international film festival",NA
"-99",NA,"France","1045",8,2013,20,"fest.lib.id7231","Europe","lama film festival",NA
"-99",NA,"Austria","1045",9,2013,20,"fest.lib.id.survey.na275","Europe","festival des nations d'ebensee",NA
"-99",NA,"United States","1045",9,2013,20,"fest.lib.id1144","North America","mff milwaukee international film festival",NA
"-99",NA,NA,"1045",NA,2013,20,"fest.lib.id.survey.na441",NA,"les rencontres",NA
"Grand Prix for Best Film",NA,"Serbia","1051",5,2013,20,"fest.lib.id5689","Europe","beldocs",NA
"Best Feature Documentary",NA,"Jordan","1051",12,2013,20,"fest.lib.id973","MENA","karama human rights film festival",NA
"Audience Award, Critics Prize",NA,"Belgium","1051",1,2014,20,"fest.lib.id.survey.na556","Europe","ram dam film festival",NA
NA,NA,"Hungary","1051",1,NA,NA,"fest.lib.id.survey.na191","Europe","elte documentary film festival",NA
NA,NA,"Peru","1051",2,NA,NA,"fest.lib.id297","Latin America and Caribbean","censurados film festival",NA
NA,NA,"United States","1051",2,NA,NA,"fest.lib.id7828","North America","hollywood reel independent film festival",NA
NA,NA,"Romania","1051",3,NA,NA,"fest.lib.id1311","Europe","one world international human rights documentary film festival",NA
NA,NA,"China","1051",3,NA,NA,"fest.lib.id763","Asia","hong kong international film festival",NA
NA,NA,"Hungary","1051",3,NA,NA,"fest.lib.id1741","Europe","titanic film festival budapest",NA
NA,NA,"Belgium","1051",3,NA,NA,"fest.lib.id.na319","Europe","mooov filmfestival",NA
NA,NA,"Spain","1051",3,NA,NA,"fest.lib.id.survey.na452","Europe","lpa films",NA
NA,NA,"United States","1051",3,NA,NA,"fest.lib.id8067","North America","queens world film festival",NA
NA,NA,"Colombia","1051",3,NA,NA,"fest.lib.id.survey.na319","Latin America and Caribbean","ficbaq",NA
NA,NA,"Canada","1051",4,NA,NA,"fest.lib.id452","Europe","docville international documentary film festival leuven",NA
NA,NA,"Uruguay","1051",4,NA,NA,"fest.lib.id907","Latin America and Caribbean","festival internacional de cine de uruguay",NA
NA,NA,"Argentina","1051",5,NA,NA,"fest.lib.id804","Latin America and Caribbean","festival internacional de cine de derechos humanos",NA
NA,NA,"Ecuador","1051",5,NA,NA,"fest.lib.id7837","Latin America and Caribbean","edoc",NA
NA,NA,"United States","1051",6,NA,NA,"fest.lib.id38","North America","afi docs festival",NA
NA,NA,"Serbia","1051",6,NA,NA,"fest.lib.id8248","Europe","cinema city international film festival",NA
NA,NA,"New Zealand","1051",7,NA,NA,"fest.lib.id.na336","Oceania","new zealand international film festival",NA
NA,NA,"Congo - Kinshasa","1051",7,NA,NA,"fest.lib.id.survey.na577","Sub Saharan Africa","salaam kivu international film festival (skiff)",NA
NA,NA,"Canada","1051",8,NA,NA,"fest.lib.id.survey.na523","North America","outlier film festival",NA
NA,NA,"Norway","1051",8,NA,NA,"fest.lib.id1291","Europe","norwegian international film festival haugesund",NA
NA,NA,"United States","1051",8,NA,NA,"fest.lib.id7361","North America","martha's vineyard international film festival",NA
NA,NA,"Cyprus","1051",8,NA,NA,"fest.lib.id.na299","Europe","lemesos international documentary festival",NA
NA,NA,"United States","1051",9,NA,NA,"fest.lib.id281","North America","camden international film festival",NA
NA,NA,"Spain","1051",9,NA,NA,"fest.lib.id543","Asia","cine europa film festival",NA
NA,NA,"Malaysia","1051",9,NA,NA,"fest.lib.id671","Asia","freedom film festival",NA
NA,NA,"Mexico","1051",9,NA,NA,"fest.lib.id.survey.na72","Latin America and Caribbean","bordocs",NA
NA,NA,"Papua New Guinea","1051",9,NA,NA,"fest.lib.id.survey.na530","Asia","papua new guinea human rights film festival",NA
NA,NA,"China","1051",9,NA,NA,"fest.lib.id.survey.na369","Asia","human rights documentary film festival hong kong",NA
NA,NA,"India","1051",10,NA,NA,"fest.lib.id7591","Asia","dharamsala int'l film festival",NA
NA,NA,"United States","1051",10,NA,NA,"fest.lib.id7921","North America","black bear film fest",NA
NA,NA,"South Africa","1051",10,NA,NA,"fest.lib.id1689","Subsaharan Africa","tricontinental human rights film festival",NA
NA,NA,"France","1051",10,NA,NA,"fest.lib.id.survey.na35","Europe","anuu-ru aboro",NA
NA,NA,"United States","1051",11,NA,NA,"fest.lib.id8800","North America","rehoboth beach independent film festival",NA
NA,NA,"United States","1051",11,NA,NA,"fest.lib.id7523","North America","cucalorus film festival",NA
NA,NA,"United States","1051",11,NA,NA,"fest.lib.id.survey.na107","North America","cine-world film festival",NA
NA,NA,"Chile","1051",11,NA,NA,"fest.lib.id.survey.na624","Latin America and Caribbean","surdocs",NA
NA,NA,"United Kingdom","1051",11,NA,NA,"fest.lib.id664","Europe","foyle film festival",NA
NA,NA,"Tunisia","1051",11,NA,NA,"fest.lib.id955","MENA","carthage film festival",NA
NA,NA,"Philippines","1051",12,NA,NA,"fest.lib.id351","North America","cinemanila international film festival",NA
NA,NA,"Colombia","1051",12,NA,NA,"fest.lib.id.survey.na153","Latin America and Caribbean","derecho a ver",NA
NA,NA,"United States","1051",NA,NA,NA,"fest.lib.id.survey.na66","North America","bijou film festival",NA
NA,NA,"Guatemala","1051",NA,NA,NA,"fest.lib.id8318","Latin America and Caribbean","festival icaro guatemala",NA
"Aung San Suu Kyi Award for Best Documentary",NA,"Myanmar (Burma)","1051",NA,NA,NA,"fest.lib.id802","Asia","human rights, human dignity film festival",NA
NA,NA,"Chile","1051",NA,NA,NA,"fest.lib.id.survey.na204","Latin America and Caribbean","europa ya!",NA
NA,NA,"Ukraine","1051",NA,NA,NA,"fest.lib.id.survey.na688","Europe","world xx. ukraine",NA
"-99",NA,"Romania","1064",3,2013,20,"fest.lib.id598","Europe","one world romania - international human rights documentary film festivalbucharest",NA
"-99",NA,"Romania","1064",4,2013,20,"fest.lib.id1273","Europe","next international film festival",NA
"-99",NA,"Netherlands","1064",11,2013,20,"fest.lib.id874","Europe","international documentary festival amsterdam",NA
"-99",NA,"Romania","1064",11,2013,20,"fest.lib.id822","Europe","ffest cluj",NA
"-99",NA,"Romania","1064",12,2013,20,"fest.lib.id265","Europe","bieff - bucharest international experimental film festival",NA
"-99",NA,"Romania","1064",10,2014,20,"fest.lib.id8431","Europe","docuart documentary film festival",NA
"-99",NA,"India","1064",12,2014,20,"fest.lib.id903","Asia","international film festival of kerala thiruvananthapuram",NA
"-99",NA,"Romania","1064",10,2015,20,"fest.lib.id.na23","Europe","astra international documentary film festival",NA
"-99",NA,"Romania","1064",10,2015,20,"fest.lib.id.na301","Europe","les films de cannes a bucarest",NA
"-99",NA,"Romania","1064",6,2018,20,"fest.lib.id.survey.na324","Europe","film and literature international festival discutia secreta",NA
"-99",NA,"Romania","1064",11,2018,20,"fest.lib.id.survey.na394","Europe","international antropologic film festival - culese din balkani",NA
"Audience Choice Award/Best Actress/Best Supporting Actress/Best screenplay/NETPAC jury award",NA,"Philippines","1070",7,2013,NA,"fest.lib.id.na90","Asia","cinemalaya independent film festival",NA
"None",NA,"Canada","1070",9,2013,10,"fest.lib.id1736","North America","tiff toronto international film festival",NA
"Best actress",NA,"Bangladesh","1070",1,2014,1,"fest.lib.id.survey.na155","Asia","dhaka film festival",NA
"None",NA,"Colombia","1070",10,2014,10,"fest.lib.id229","Latin America and Caribbean","bogota film festival",NA
"Cinerail d'Or",NA,"France","1078",2,2008,20,"fest.lib.id.survey.na246","Europe","festival cinerail",NA
"-99",NA,"France","1078",3,2008,20,"fest.lib.id.survey.na454","Europe","lyon asian film festival",NA
"-99",NA,"Japan","1078",6,2008,20,"fest.lib.id1587","Latin America and Caribbean","short shorts film festival & asia",NA
"-99",NA,"Mexico","1078",7,2008,20,"fest.lib.id3831","Latin America and Caribbean","festival international de cine expression en corto",NA
"Second prize",NA,NA,"1078",NA,2008,20,"fest.lib.id.survey.na691",NA,"youth new wave",NA
"-99",NA,"United Arab Emirates","1078",3,2009,20,"fest.lib.id745","MENA","gulf film festival",NA
"-99",NA,"Spain","1078",5,2009,20,"fest.lib.id833","Europe","imagine india film festival",NA
"-99",NA,"India","1078",10,2009,20,"fest.lib.id1191","Asia","mumbai film festival",NA
"-99",NA,"France","1078",2,2013,20,"fest.lib.id364","Europe","clermont-ferrand international film festival",NA
"Best film - In search of truth category",NA,"Iran","1078",11,NA,7,"fest.lib.id1739","MENA","tehran international short film festival",NA
"-99",NA,"India","1078",11,NA,7,"fest.lib.id984","Asia","kolkata international film festival",NA
"-99",NA,"South Korea","1078",11,NA,8,"fest.lib.id59","Asia","asiana international short film festival",NA
"N/A",NA,"United States","1127",6,2013,20,"fest.lib.id665","North America","frameline film festival",NA
NA,NA,"South Korea","1143",10,2013,10,"fest.lib.id435","Asia","dmz korean international documentary film festival",NA
NA,NA,"China","1143",3,2014,24,"fest.lib.id763","Asia","hong kong international film festival",NA
NA,NA,"United States","1143",11,2014,11,"fest.lib.id8442","North America","equus film festival",NA
NA,NA,"Costa Rica","1162",3,2012,20,"fest.lib.id.survey.na131","Latin America and Caribbean","costa rica film festival costa rica ff",NA
"Jury Award of Excellence for Women Filmmakers",NA,"United States","1162",4,2012,20,"fest.lib.id.survey.na59","North America","best shorts competition",NA
NA,NA,"New Zealand","1162",11,2012,20,"fest.lib.id7494","Oceania","show me shorts film festival",NA
"Best of Fest",NA,"France","1162",2,2013,20,"fest.lib.id364","Europe","clermont-ferrand international film festival",NA
NA,NA,"United States","1162",NA,2014,20,"fest.lib.id.survey.na598","North America","shorts showcase film festival",NA
NA,NA,"India","1184",10,2013,10,"fest.lib.id8560","Asia","chitrakatha student animation film festival",NA
NA,NA,"France","1184",2,2014,NA,"fest.lib.id320","Europe","festival cine junior",NA
NA,NA,"United States","1184",2,2014,NA,"fest.lib.id.survey.na49","North America","bamkids film festival",NA
NA,NA,"United States","1184",3,2014,NA,"fest.lib.id7966","North America","taos shorts film fest",NA
NA,NA,"Madagascar","1184",3,2014,NA,"fest.lib.id1479","Sub Saharan Africa","rencontres du film court de madagascar",NA
NA,NA,"Ukraine","1184",9,2014,10,"fest.lib.id998","Europe","international animated film fest krok",NA
NA,NA,"Switzerland","1184",6,2015,10,"fest.lib.id534","Europe","black movie film festival",NA
NA,NA,"Mozambique","1184",8,2015,NA,"fest.lib.id.survey.na196","Sub Saharan Africa","end of the road festival",NA
NA,NA,"Bolivia","1184",11,2015,11,"fest.lib.id.na323","Latin America and Caribbean","mumia bolivia animation film festival",NA
NA,NA,"Estonia","1184",8,2016,NA,"fest.lib.id.survey.na24","Europe","animaenigma film festival",NA
"-99",NA,"Germany","1208",2,2013,13,"fest.lib.id1888","Europe","berlin international film festival",NA
"-99",NA,"United States","1208",4,2013,13,"fest.lib.id.survey.na492","North America","museum of modern art( moma) new york for their 35th annual exhibition: kino! 2013: new films from germany",NA
"-99",NA,"Argentina","1208",9,2013,13,"fest.lib.id6562","Latin America and Caribbean","fidba buenos aires",NA
"-99",NA,"Germany","1208",11,2013,13,"fest.lib.id1941","Europe","duisburger filmwoche 2013",NA
"-99",NA,"Cuba","1241",12,2012,12,"fest.lib.id891","Latin America and Caribbean","festival international del nuevo cine latinoamericano",NA
"-99",NA,"Germany","1241",2,2013,13,"fest.lib.id1888","Europe","berlin international film festival",NA
"Best First Feature",NA,"United States","1241",3,2013,13,"fest.lib.id1147","North America","miami film festival",NA
"-99",NA,"Portugal","1241",4,2013,13,"fest.lib.id1439","Europe","queer lisboa international queer film festivals",NA
"-99",NA,"Austria","1241",6,2013,13,"fest.lib.id.survey.na390","Europe","innsbruck",NA
"-99",NA,"United Kingdom","1241",6,2013,13,"fest.lib.id7160","Europe","edinburgh international film festival",NA
"Best Feature",NA,"Poland","1241",7,2013,13,"fest.lib.id8830","Europe","sopot iff",NA
"Best Feature",NA,"Netherlands","1241",8,2013,13,"fest.lib.id.survey.na687","Europe","world cinema amsterdam",NA
"-99",NA,"United States","1241",9,2013,13,"fest.lib.id.survey.na7","North America","afi latin american",NA
"Grand Jory Prize",NA,"Morocco","1241",12,2013,13,"fest.lib.id897","MENA","marrakech international film festival",NA
"-99",NA,"United States","1244",4,2013,13,"fest.lib.id1768","North America","tribeca film festival",NA
"-99",NA,"United States","1244",4,2013,13,"fest.lib.id1557","North America","seattle international film festival",NA
"-99",NA,"United States","1244",4,2013,13,"fest.lib.id.survey.na16","North America","american documentary film festival",NA
"-99",NA,"United States","1244",5,2013,13,"fest.lib.id5985","North America","san francisco jewish film festival",NA
"-99",NA,"United States","1244",6,2013,13,"fest.lib.id38","North America","afi docs festival",NA
"-99",NA,"United States","1244",8,2013,13,"fest.lib.id1766","North America","traverse city film festival",NA
"-99",NA,"Australia","1244",8,2013,13,"fest.lib.id4680","Oceania","melbourne iff",NA
"-99",NA,"Australia","1244",10,2013,13,"fest.lib.id33","Oceania","adelaide film festival",NA
"-99",NA,"Brazil","1244",10,2013,13,"fest.lib.id1494","Latin America and Caribbean","rio de janeiro international film festival",NA
"-99",NA,"Netherlands","1244",11,2013,13,"fest.lib.id874","Europe","international documentary festival amsterdam",NA
"-99",NA,"United States","1244",11,2013,13,"fest.lib.id1644","North America","st. louis international film festival",NA
"-99",NA,"Sweden","1244",1,2014,14,"fest.lib.id731","Europe","goteborg film festival",NA
"-99",NA,"Greece","1244",3,2014,14,"fest.lib.id1722","Europe","thessaloniki documentary festival",NA
"-99",NA,"New Zealand","1244",4,2014,14,"fest.lib.id6061","Oceania","documentary edge festival",NA
"-99",NA,"Romania","1244",5,2014,14,"fest.lib.id1737","Europe","transilvania international film festival",NA
"-99",NA,"Poland","1244",5,2014,14,"fest.lib.id997","Europe","krakow film festival",NA
"-99",NA,"Germany","1252",2,2013,20,"fest.lib.id1888","Europe","berlin international film festival",NA
"-99",NA,"Italy","1252",4,2013,20,"fest.lib.id.survey.na461","Europe","middle east now",NA
"-99",NA,"Netherlands","1252",4,2013,20,"fest.lib.id.survey.na112","Europe","cinema arabe",NA
"-99",NA,"Argentina","1252",5,2013,20,"fest.lib.id804","Latin America and Caribbean","festival internacional de cine de derechos humanos",NA
"-99",NA,"Colombia","1252",6,2013,20,"fest.lib.id.na128","Latin America and Caribbean","el espejo film festival",NA
"-99",NA,"Spain","1252",9,2013,20,"fest.lib.id.survey.na505","Europe","off side",NA
"-99",NA,"United Arab Emirates","1252",12,2013,20,"fest.lib.id463","MENA","dubai international film festival",NA
"-99",NA,"Italy","1252",3,2014,20,"fest.lib.id.survey.na274","Europe","festival del cinema africano, d'asia e america latina",NA
"-99",NA,"Turkey","1252",12,2014,20,"fest.lib.id1453","Asia","randevu istanbul",NA
"-99",NA,"Turkey","1252",4,2015,20,"fest.lib.id115","Asia","ankara international film festival",NA
NA,NA,"Canada","1335",7,2014,23,"fest.lib.id6065","North America","gimli film festival",NA
"-99",NA,"Germany","1414",2,2013,13,"fest.lib.id1888","Europe","berlin international film festival",NA
"-99",NA,"Germany","1414",10,2013,13,"fest.lib.id.survey.na657","Europe","underdox",NA
NA,NA,"France","1488",4,2013,20,"fest.lib.id.survey.na240","Europe","festival cine en herbe",NA
NA,NA,"Italy","1488",8,2013,20,"fest.lib.id1170","Europe","molise cinema film festival",NA
NA,NA,"France","1488",NA,2015,20,"fest.lib.id.survey.na271","Europe","festival de fontanes (lot)",NA
"-99",NA,"France","1511",9,2011,11,"fest.lib.id.na47","Europe","festival de biarritz - cinema et cultures d'amerique latine",NA
"Interpretation price for Thomas Suire and Fabrice Rongione, the jury's special price",NA,"France","1511",9,2012,12,"fest.lib.id.survey.na309","Europe","festival national du film de hyeres les palmiers",NA
"Audience award",NA,NA,"1511",10,2012,12,"fest.lib.id.survey.na279",NA,"festival du film",NA
"-99",NA,"Belgium","1511",10,2012,12,"fest.lib.id1234","Europe","namur international french-language film festival",NA
"-99",NA,"France","1511",12,2012,NA,"fest.lib.id61","Europe","aix-en-provence short film festival",NA
"Audience Award & The young jury's honors",NA,"France","1511",1,2013,13,"fest.lib.id.survey.na315","Europe","festival silhouette",NA
"-99",NA,"France","1511",2,2013,13,"fest.lib.id8365","Europe","festival international de guadeloupe",NA
"-99",NA,"Kazakhstan","1511",4,2013,13,"fest.lib.id674","Asia","le cinema francais aujourd'hui au kazakhstan",NA
"-99",NA,"France","1511",4,2013,13,"fest.lib.id.survey.na15","Europe","altkirch international film festival",NA
"-99",NA,"France","1511",4,2013,13,"fest.lib.id.survey.na240","Europe","festival cine en herbe",NA
"-99",NA,"France","1511",4,2013,NA,"fest.lib.id.survey.na15","Europe","altkirch international film festival",NA
"-99",NA,"Belgium","1511",5,2013,13,"fest.lib.id264","Europe","brussels short film festival",NA
"-99",NA,"France","1511",7,2013,13,"fest.lib.id.survey.na312","Europe","festival paris cinema",NA
"-99",NA,"Algeria","1511",9,2013,13,"fest.lib.id451","MENA","les rencontres cinematographiques de bejaia",NA
"-99",NA,"Italy","1511",10,2013,13,"fest.lib.id.na187","Europe","filmcaravan travelling shorts fest",NA
"-99",NA,"France","1511",11,2013,13,"fest.lib.id.na47","Europe","festival de biarritz - cinema et cultures d'amerique latine",NA
"-99",NA,"France","1511",12,2013,13,"fest.lib.id.survey.na298","Europe","festival international du film de pau",NA
"-99",NA,"Iran","1511",2,NA,2,"fest.lib.id345","MENA","cinema verite",NA
"-99",NA,"United Kingdom","1519",11,2012,20,"fest.lib.id.survey.na616","Europe","south west london international film festival (swiff)",NA
"-99",NA,"Romania","1519",12,2012,20,"fest.lib.id349","Europe","cinemaiubit international student film festival",NA
"-99",NA,"France","1519",2,2013,20,"fest.lib.id364","Europe","clermont-ferrand international film festival",NA
"Best Director Prize",NA,"United Arab Emirates","1519",3,2013,20,"fest.lib.id745","MENA","gulf film festival",NA
"-99",NA,"Romania","1519",5,2013,20,"fest.lib.id.survey.na395","Europe","international competition ro-iff",NA
"-99",NA,"Romania","1519",5,2013,20,"fest.lib.id1737","Europe","transilvania international film festival",NA
"-99",NA,"Greece","1519",9,2013,20,"fest.lib.id922","Europe","drama international short film festival",NA
"-99",NA,"Italy","1519",10,2013,20,"fest.lib.id7673","Europe","filmvideo montecatini ",NA
"-99",NA,"Kyrgyzstan","1519",12,2013,20,"fest.lib.id8254","Asia","the international short film festival  kyrgyzstan the country of short films  -",NA
"-99",NA,"Poland","1519",NA,2013,20,"fest.lib.id8134","Europe","international student film festival wegielfestiwal",NA
"-99",NA,"Germany","1519",NA,2013,20,"fest.lib.id.survey.na405","Europe","international short film festival golden autumn",NA
"-99",NA,"Germany","1519",4,2014,20,"fest.lib.id1899","Europe","dresden film festival",NA
NA,NA,"Spain","1520",3,2013,20,"fest.lib.id.survey.na484","Europe","muestra de cortometrajes corta esmeralda",NA
NA,NA,"Spain","1520",4,2013,20,"fest.lib.id1020","Europe","festival de cine de lanzarote",NA
NA,NA,"Spain","1520",6,2013,20,"fest.lib.id.survey.na474","Europe","mostra de curtmetratges dr. mabuse‚äö√ñ√∂‚àö√ë‚àö¬®‚äö√†√∂‚äö√¢‚ä† ",NA
NA,NA,"Spain","1520",10,2013,20,"fest.lib.id.survey.na266","Europe","festival de cortometrajes el gallinero",NA
NA,NA,"Italy","1520",10,2013,20,"fest.lib.id1560","Europe","sedicicorto international film festival",NA
"Jury Special Mention ",NA,"Mexico","1520",NA,2013,20,"fest.lib.id7572","Latin America and Caribbean","shorts mexico: festival internacional de cortometrajes mexico",NA
NA,NA,"Spain","1520",NA,2013,20,"fest.lib.id1500","Europe","festival cortos rodinia",NA
NA,NA,"Spain","1520",NA,2013,20,"fest.lib.id.survey.na485","Europe","muestra de cortometrajes de granadilla de abona ",NA
NA,NA,"Spain","1520",1,NA,NA,"fest.lib.id.survey.na486","Europe","muestra de cortometrajes sobre la mujer de l'alcudia",NA
"Special Jury Recognition ",NA,"United States","1520",4,NA,NA,"fest.lib.id148","North America","aspen shortsfest",NA
NA,NA,"Spain","1520",7,NA,NA,"fest.lib.id.survey.na293","Europe","festival internacional de curtmetratges mas sorrer",NA
NA,NA,"Spain","1520",8,NA,NA,"fest.lib.id.survey.na573","Europe","ribadedeva en corto - rec",NA
"Best Short Film ",NA,"United States","1520",9,NA,NA,"fest.lib.id.na332","North America","new england festival ibero american cinema",NA
NA,NA,"United States","1520",10,NA,NA,"fest.lib.id5971","North America","heartland film festival ",NA
NA,NA,"Australia","1520",10,NA,NA,"fest.lib.id7100","Oceania","heart of gold international film festival",NA
NA,NA,"Italy","1520",11,NA,NA,"fest.lib.id.na357","Europe","ozu film festival",NA
NA,NA,"Serbia","1520",12,NA,NA,"fest.lib.id78","Europe","alternative film/video festival",NA
"Trofeu Millor Curtmetratge amateur Ficcio/Argument ",NA,"Spain","1520",NA,NA,NA,"fest.lib.id.survey.na228","Europe","festimatge",NA
"Best Short Film ",NA,"United Kingdom","1520",NA,NA,NA,"fest.lib.id5729","Europe","wimbledon shorts england",NA
NA,NA,"Spain","1520",NA,NA,NA,"fest.lib.id1864","Europe","xarrades en curt",NA
"-99",NA,"Brazil","1526",2,2012,NA,"fest.lib.id2999","Latin America and Caribbean","festcine: pernambuco video festival",NA
"Special mention to the actress Sandra Possani",NA,"Brazil","1526",4,2012,NA,"fest.lib.id2999","Latin America and Caribbean","festcine: pernambuco video festival",NA
"-99",NA,"United States","1526",5,2012,NA,"fest.lib.id.survey.na629","North America","take 1 indaiatuba film festival",NA
"-99",NA,"Brazil","1526",7,2012,NA,"fest.lib.id.survey.na547","Latin America and Caribbean","primeiro plano: juiz de fora and mercocidades film festival",NA
"-99",NA,"Brazil","1526",8,2012,9,"fest.lib.id195","Latin America and Caribbean","belo horizonte film festival",NA
"Best Short from Pernambuco",NA,"Brazil","1526",8,2012,NA,"fest.lib.id.survey.na648","Latin America and Caribbean","triunfo film festival",NA
"Best Short вЂ“ New Trends",NA,"Brazil","1526",9,2012,NA,"fest.lib.id1494","Latin America and Caribbean","rio de janeiro international film festival",NA
"Best Cinematography, Best Original Music and Best Production Design",NA,"Brazil","1526",9,2012,NA,"fest.lib.id.na57","Latin America and Caribbean","brasilia film festival",NA
"-99",NA,"Cuba","1526",12,2012,12,"fest.lib.id891","Latin America and Caribbean","festival international del nuevo cine latinoamericano",NA
"-99",NA,"Brazil","1526",1,2013,NA,"fest.lib.id.survey.na.ch.470","Latin America and Caribbean","mostra de cinema de tiradentes - mostra foco",NA
"-99",NA,"France","1526",2,2013,NA,"fest.lib.id364","Europe","clermont-ferrand international film festival",NA
"-99",NA,"Colombia","1526",2,2013,NA,"fest.lib.id291","Latin America and Caribbean","cartagena international film festival",NA
"-99",NA,"Canada","1526",3,2013,NA,"fest.lib.id.survey.na559","North America","regard - international short film festival",NA
"-99",NA,"India","1526",6,2013,NA,"fest.lib.id979","Asia","international documentary and short film festival of kerala",NA
"Best Short Nominee",NA,"Taiwan","1533",7,2012,NA,"fest.lib.id1668","Asia","taipei film festival",NA
"International Competition",NA,"France","1533",2,2013,NA,"fest.lib.id364","Europe","clermont-ferrand international film festival",NA
"-99",NA,"Taiwan","1533",3,2013,20,"fest.lib.id.survey.na358","Asia","golden harvest awards and short film festival",NA
"-99",NA,"United States","1533",3,2013,NA,"fest.lib.id7524","North America","caamfest",NA
"Jury Special Mention",NA,"United States","1533",5,2013,NA,"fest.lib.id1072","North America","los angeles asian pacific film festival",NA
"Carta Giovani Award",NA,"Italy","1533",6,2013,NA,"fest.lib.id1545","Europe","sardinia film festival",NA
"-99",NA,"United States","1533",7,2013,NA,"fest.lib.id1261","North America","new york asian american international film festival",NA
"-99",NA,"China","1533",8,2013,NA,"fest.lib.id855","Asia","indpanda international film festival",NA
"-99",NA,"United States","1533",11,2013,11,"fest.lib.id1520","North America","san diego asian film festival",NA
"-99",NA,"Italy","1533",12,2013,12,"fest.lib.id.survey.na45","Europe","babel film festival",NA
NA,NA,"Brazil","1537",8,NA,NA,"fest.lib.id98","Latin America and Caribbean","anima mundi",NA
NA,NA,"Italy","1537",10,NA,NA,"fest.lib.id1560","Europe","sedicicorto international film festival",NA
"Meilleur Film 3D (Best 3D film)",NA,"South Korea","1658",9,2012,20,"fest.lib.id1570","Asia","seoul international extreme film festival",NA
"Prix du meilleur film comique/musical (Prize for best comedy film/ music film) - Prix de l'image (Prize for Picture) - Prix du montage (Prize for editing)",NA,"United States","1658",2,2013,20,"fest.lib.id8196","North America","asians on film festival",NA
NA,NA,"United Arab Emirates","1658",3,2013,20,"fest.lib.id745","MENA","gulf film festival",NA
"Premier prix dans la catГ©gorie 3D Stereoscopic (First prize in the category 3D Stereoscopic)",NA,"United States","1658",4,2013,20,"fest.lib.id.na40","North America","befilm the underground film festival",NA
NA,NA,"Italy","1658",6,2013,20,"fest.lib.id1545","Europe","sardinia film festival",NA
NA,NA,"Australia","1658",7,2013,20,"fest.lib.id6932","Oceania","revelation perth international film festival",NA
NA,NA,"Spain","1658",8,2013,20,"fest.lib.id.survey.na539","Europe","piknic festival",NA
NA,NA,"United Kingdom","1658",8,2013,20,"fest.lib.id939","Europe","isle of wight film festival",NA
NA,NA,"United Kingdom","1658",11,2013,20,"fest.lib.id7263","Europe","aesthetica short film festival",NA
"Prix du meilleur court-mГ©trage d'Animation (Prize for the best animated short film)",NA,"Belgium","1658",12,2013,20,"fest.lib.id.survey.na232","Europe","festival 3d stereo media",NA
"Prix du Jury (jury prize)",NA,"Italy","1658",NA,2013,20,"fest.lib.id8315","Europe","souq film festival",NA
NA,NA,"United States","1658",NA,2013,20,"fest.lib.id5236","North America","san pedro film festival",NA
"Prix du meilleur film Г©tranger (Prize for the best foreign film)",NA,"United States","1658",2,2014,20,"fest.lib.id.survey.na421","North America","kingston film festival",NA
NA,NA,"India","1658",4,2014,20,"fest.lib.id.survey.na149","Asia","daba saheb film festival",NA
"Prix ""Mash Feature"" du meilleur film de fiction (Prize ""Mash Feature"" for the best fictional film)",NA,"Italy","1658",6,2014,20,"fest.lib.id.survey.na458","Europe","mashrome film fest",NA
"Prix du meilleur rГ©alisateur (Prize for the best director)",NA,"United States","1658",8,2014,20,"fest.lib.id649","North America","rhode island international film festival",NA
NA,NA,"Italy","1658",9,2014,20,"fest.lib.id5210","Europe","salento international film festival",NA
NA,NA,"Italy","1658",10,2014,20,"fest.lib.id2597","Europe","terra di tutti film festival",NA
NA,NA,"China","1658",12,2014,20,"fest.lib.id.survey.na540","Asia","pineapple underground film festival",NA
NA,NA,"United Kingdom","1658",NA,2014,20,"fest.lib.id1786","Europe","the uk film festival",NA
NA,NA,"Bangladesh","1658",1,2015,20,"fest.lib.id8030","Asia","international children's film festival bangladesh",NA
NA,NA,"Germany","1658",10,2015,20,"fest.lib.id6772","Europe","beyond festival - the dynamic screen",NA
NA,NA,"United States","1658",11,NA,NA,"fest.lib.id5389","North America","river's edge international film festival",NA
"-99",NA,"Mauritius","1692",9,2012,12,"fest.lib.id8860","Sub Saharan Africa","ile courts international short film festival",NA
"-99",NA,"Tunisia","1692",11,2012,12,"fest.lib.id955","MENA","carthage film festival",NA
"-99",NA,"France","1692",1,2013,13,"fest.lib.id364","Europe","clermont-ferrand international film festival",NA
"-99",NA,"Madagascar","1692",4,2013,13,"fest.lib.id1479","Sub Saharan Africa","rencontres du film court de madagascar",NA
"-99",NA,"France","1692",5,2013,13,"fest.lib.id285","Europe","cannes international film festival",NA
"-99",NA,"South Africa","1692",6,2013,13,"fest.lib.id469","Subsaharan Africa","durban international film festival",NA
"-99",NA,"France","1692",9,2013,13,"fest.lib.id1222","Europe","festival international du film d'afrique et des iles",NA
"Best Music Video",NA,"India","1715",7,2011,NA,"fest.lib.id979","Asia","international documentary and short film festival of kerala",NA
"-99",NA,"Germany","1715",2,2013,NA,"fest.lib.id1888","Europe","berlin international film festival",NA
"-99",NA,"France","1715",2,2013,NA,"fest.lib.id364","Europe","clermont-ferrand international film festival",NA
NA,NA,"Germany","f16371",2,2011,NA,"fest.lib.id1888","Europe","berlin international film festival","01.02.11"
NA,NA,"Lithuania","f16371",3,2011,NA,"fest.lib.id.na473","Europe","vilnius international film festival","01.03.11"
NA,NA,"Austria","f16371",4,2011,NA,"fest.lib.id.na164","Europe","festival du film francophone de vienne","01.04.11"
NA,NA,"Canada","f16371",4,2011,NA,"fest.lib.id.survey.na669","North America","viewfinders international film festival for youth","01.04.11"
NA,NA,"Argentina","f16371",4,2011,NA,"fest.lib.id174","Latin America and Caribbean","bafici buenos aires international independent film festival","01.04.11"
"grand prix children jury",NA,"Czechia","f16371",5,2011,NA,"fest.lib.id1883","Europe","zlin international film festival for children and youth","01.05.11"
NA,NA,"Germany","f16371",6,2011,NA,"fest.lib.id1894","Europe","munich film festival","01.06.11"
NA,NA,"Australia","f16371",6,2011,NA,"fest.lib.id1146","Oceania","miaf 4, melbourne","01.06.11"
NA,NA,"Denmark","f16371",9,2011,NA,"fest.lib.id.na67","Europe","buster copenhagen international film festival for children and youth","01.09.11"
NA,NA,"Canada","f16371",9,2011,NA,"fest.lib.id326","North America","cinefest sudbury","01.09.11"
NA,NA,"Belgium","f16371",9,2011,NA,"fest.lib.id1234","Europe","namur international french-language film festival","01.09.11"
NA,NA,"Belgium","f16371",10,2011,NA,"fest.lib.id.na215","Europe","gent international film festival","01.10.11"
NA,NA,"United Kingdom","f16371",10,2011,NA,"fest.lib.id208","Europe","bfi london film festival","01.10.11"
NA,NA,"Japan","f16371",10,2011,NA,"fest.lib.id1735","Asia","tokyo international film festival","01.10.11"
"grand prix children jury, special mention international jury",NA,"Israel","f16371",10,2011,NA,"fest.lib.id1694","MENA","tel aviv international children's film festival","01.10.11"
NA,NA,"Belgium","f16371",11,2011,NA,"fest.lib.id6134","Europe","filem'on brussels international children's film festival","01.11.11"
NA,NA,"Spain","f16371",11,2011,NA,"fest.lib.id716","Europe","gijon international film festival","01.11.11"
"grand prix best script",NA,"Greece","f16371",11,2011,NA,"fest.lib.id.survey.na507","Europe","olympia international film festival","01.11.11"
NA,NA,"Poland","f16371",12,2011,NA,"fest.lib.id68","Europe","ale kino poznan","01.12.11"
NA,NA,"France","f16371",12,2011,NA,"fest.lib.id1027","Europe","les arcs film festival","01.12.11"
"grand prix children jury",NA,"United States","f16371",1,2012,NA,"fest.lib.id9584","North America","children's film festival seattle","01.01.12"
NA,NA,"Sweden","f16371",3,2012,NA,"fest.lib.id268","Europe","buff childrens' short film festival","01.03.12"
NA,NA,"Canada","f16371",3,2012,NA,"fest.lib.id.survey.na346","North America","freeze frame film festival","01.03.12"
NA,NA,"United Kingdom","f16371",3,2012,NA,"imdbady00763","Europe","leeds young film festival","01.03.12"
NA,NA,"United States","f16371",3,2012,NA,"fest.lib.id365","North America","cleveland international film festival","01.03.12"
NA,NA,"Canada","f16371",4,2012,NA,"fest.lib.id1461","North America","reel 2 real international film festival","01.04.12"
NA,NA,"Germany","f16371",4,2012,NA,"fest.lib.id1908","Europe","international women's film festival","01.04.12"
"best script, best film",NA,"Portugal","f16371",6,2012,NA,"fest.lib.id.na181","Europe","festroia film festival","01.06.12"
"best children actor",NA,"India","f16371",11,2012,NA,"imdbady00891","Asia","international children's film festival india","01.11.12"
"audience award",NA,"Poland","f16371",12,2012,NA,"fest.lib.id68","Europe","ale kino poznan","01.12.12"
NA,NA,"Belgium","f16371",NA,2012,NA,"fest.lib.id7852","Europe","jeugdfilmfestival vlaanderen",NA
NA,NA,"Germany","f16428",2,2011,NA,"fest.lib.id1888","Europe","berlin international film festival","01.02.11"
NA,NA,"Poland","f16428",6,2011,NA,"imdbady01075","Europe","lubuskie film summer","01.06.11"
NA,NA,"Netherlands","f16428",9,2011,NA,"fest.lib.id1249","Europe","netherlands film festival","01.09.11"
NA,NA,"Lithuania","f16428",9,2011,NA,"fest.lib.id1684","Europe","tarptautinis kaunas international film festival","01.09.11"
NA,NA,"South Korea","f16428",10,2011,NA,"fest.lib.id435","Asia","dmz korean international documentary film festival","01.10.11"
NA,NA,"Germany","f16428",10,2011,NA,"fest.lib.id1901","Europe","nuremberg international human rights film festival","01.10.11"
NA,NA,"Germany","f16428",10,2011,NA,"fest.lib.id1947","Europe","filmfestival muenster","01.10.11"
"grand prix",NA,"France","f16428",10,2012,NA,"fest.lib.id.survey.na35","Europe","anuu-ru aboro","01.10.12"
"ecumenical prize",NA,"Germany","f16571",2,2011,NA,"fest.lib.id1888","Europe","berlin international film festival","01.02.11"
"ecumenical prize",NA,"Germany","f16571",2,2011,NA,"fest.lib.id1888","Europe","berlin international film festival","01.02.11"
NA,NA,"Canada","f16571",6,2011,NA,"imdbady01639","North America","toronto jewish film festival","01.06.11"
NA,NA,"Canada","f16571",6,2011,NA,"imdbady01639","North America","toronto jewish film festival","01.06.11"
NA,NA,"Italy","f16571",7,2011,NA,"fest.lib.id6727","Europe","taormina film festival","01.07.11"
NA,NA,"Italy","f16571",7,2011,NA,"fest.lib.id6727","Europe","taormina film festival","01.07.11"
NA,NA,"Brazil","f16571",9,2011,NA,"fest.lib.id1494","Latin America and Caribbean","rio de janeiro international film festival","01.09.11"
NA,NA,"Brazil","f16571",9,2011,NA,"fest.lib.id1494","Latin America and Caribbean","rio de janeiro international film festival","01.09.11"
"best israeli film, best actress",NA,"Israel","f16571",10,2011,NA,"fest.lib.id751","MENA","haifa film festival","01.10.11"
"best israeli film, best actress",NA,"Israel","f16571",10,2011,NA,"fest.lib.id751","MENA","haifa film festival","01.10.11"
NA,NA,"Greece","f16571",11,2011,NA,"fest.lib.id1732","Europe","tiff thessaloniki international film festival","01.11.11"
NA,NA,"Greece","f16571",11,2011,NA,"fest.lib.id1732","Europe","tiff thessaloniki international film festival","01.11.11"
NA,NA,"India","f16571",12,2011,NA,"fest.lib.id903","Asia","international film festival of kerala thiruvananthapuram","01.12.11"
NA,NA,"India","f16571",12,2011,NA,"fest.lib.id903","Asia","international film festival of kerala thiruvananthapuram","01.12.11"
NA,NA,"India","f16571",12,2011,NA,"fest.lib.id3125","Asia","bengaluru international film festival","01.12.11"
NA,NA,"India","f16571",12,2011,NA,"fest.lib.id3125","Asia","bengaluru international film festival","01.12.11"
NA,NA,"Ireland","f16571",2,2012,NA,"fest.lib.id465","Europe","dublin film festival","01.02.12"
NA,NA,"Ireland","f16571",2,2012,NA,"fest.lib.id465","Europe","dublin film festival","01.02.12"
"grand prize",NA,"France","f16571",3,2012,NA,"fest.lib.id930","Europe","creteil international women's film festival","01.03.12"
"grand prize",NA,"France","f16571",3,2012,NA,"fest.lib.id930","Europe","creteil international women's film festival","01.03.12"
NA,NA,"Poland","f16571",5,2012,NA,"fest.lib.id997","Europe","krakow film festival","01.05.12"
NA,NA,"Poland","f16571",5,2012,NA,"fest.lib.id997","Europe","krakow film festival","01.05.12"
NA,NA,"United States","f16571",7,2012,NA,"fest.lib.id5985","North America","san francisco jewish film festival","01.07.12"
NA,NA,"United States","f16571",7,2012,NA,"fest.lib.id5985","North America","san francisco jewish film festival","01.07.12"
NA,NA,"South Korea","f16571",5,2013,NA,"fest.lib.id931","Asia","international women's film festival seoul","01.05.13"
NA,NA,"South Korea","f16571",5,2013,NA,"fest.lib.id931","Asia","international women's film festival seoul","01.05.13"
NA,NA,"Poland","f16574",8,2010,NA,"fest.lib.id98","Latin America and Caribbean","anima mundi","01.08.10"
NA,NA,"Poland","f16574",8,2010,NA,"fest.lib.id98","Latin America and Caribbean","anima mundi","01.08.10"
NA,NA,"Canada","f16574",9,2010,NA,"fest.lib.id1736","North America","tiff toronto international film festival","01.09.10"
NA,NA,"Canada","f16574",9,2010,NA,"fest.lib.id1736","North America","tiff toronto international film festival","01.09.10"
NA,NA,"North Macedonia","f16574",10,2010,NA,"fest.lib.id1106","Europe","manaki brothers international cinematographers film festival","01.10.10"
NA,NA,"North Macedonia","f16574",10,2010,NA,"fest.lib.id1106","Europe","manaki brothers international cinematographers film festival","01.10.10"
NA,NA,"Brazil","f16574",10,2010,NA,"fest.lib.id1540","Latin America and Caribbean","sao paulo international film festival","01.10.10"
NA,NA,"Brazil","f16574",10,2010,NA,"fest.lib.id1540","Latin America and Caribbean","sao paulo international film festival","01.10.10"
NA,NA,"Germany","f16574",2,2011,NA,"fest.lib.id1888","Europe","berlin international film festival","01.02.11"
NA,NA,"Germany","f16574",2,2011,NA,"fest.lib.id1888","Europe","berlin international film festival","01.02.11"
NA,NA,"United States","f16574",3,2011,NA,"fest.lib.id365","North America","cleveland international film festival","01.03.11"
NA,NA,"United States","f16574",3,2011,NA,"fest.lib.id365","North America","cleveland international film festival","01.03.11"
NA,NA,"Bulgaria","f16574",3,2011,NA,"fest.lib.id1623","Europe","sofia international film festival","01.03.11"
NA,NA,"Bulgaria","f16574",3,2011,NA,"fest.lib.id1623","Europe","sofia international film festival","01.03.11"
NA,NA,"Latvia","f16574",3,2011,NA,"fest.lib.id.na473","Europe","vilnius international film festival","01.03.11"
NA,NA,"Latvia","f16574",3,2011,NA,"fest.lib.id.na473","Europe","vilnius international film festival","01.03.11"
NA,NA,"Spain","f16574",3,2011,NA,"fest.lib.id1021","Europe","las palmas de gran canaria international film festival","01.03.11"
NA,NA,"Spain","f16574",3,2011,NA,"fest.lib.id1021","Europe","las palmas de gran canaria international film festival","01.03.11"
NA,NA,"Russia","f16574",4,2011,NA,"fest.lib.id1183","Europe","moscow international film festival","01.04.11"
NA,NA,"Russia","f16574",4,2011,NA,"fest.lib.id1183","Europe","moscow international film festival","01.04.11"
NA,NA,"Croatia","f16574",7,2011,NA,"fest.lib.id5367","Europe","pula film festival","01.07.11"
NA,NA,"Croatia","f16574",7,2011,NA,"fest.lib.id5367","Europe","pula film festival","01.07.11"
NA,NA,"United States","f16574",10,2011,NA,"fest.lib.id650","North America","fort lauderdale international film festival","01.10.11"
NA,NA,"United States","f16574",10,2011,NA,"fest.lib.id650","North America","fort lauderdale international film festival","01.10.11"
NA,NA,"United States","f16574",10,2011,NA,"imdbady01470","North America","scottsdale international film festival","01.10.11"
NA,NA,"United States","f16574",10,2011,NA,"imdbady01470","North America","scottsdale international film festival","01.10.11"
NA,NA,"United States","f16574",10,2011,NA,"imdbady01594","North America","syracuse international film festival","01.10.11"
NA,NA,"United States","f16574",10,2011,NA,"imdbady01594","North America","syracuse international film festival","01.10.11"
"silver award for film as art phenomenon",NA,"Belarus","f16574",11,2011,NA,"fest.lib.id1046","Europe","listapad minsk international film festival","01.11.11"
"silver award for film as art phenomenon",NA,"Belarus","f16574",11,2011,NA,"fest.lib.id1046","Europe","listapad minsk international film festival","01.11.11"
"directing award",NA,"Slovenia","f16574",11,2011,NA,"fest.lib.id1041","Europe","liffe ljubljana international film festival","01.11.11"
"directing award",NA,"Slovenia","f16574",11,2011,NA,"fest.lib.id1041","Europe","liffe ljubljana international film festival","01.11.11"
NA,NA,"Italy","f16574",1,2012,NA,"fest.lib.id1770","Europe","trieste film festival","01.01.12"
NA,NA,"Italy","f16574",1,2012,NA,"fest.lib.id1770","Europe","trieste film festival","01.01.12"
NA,NA,"France","f16574",8,2013,NA,"fest.lib.id.na327","Europe","nancy-lorraine international film festival","01.08.13"
NA,NA,"France","f16574",8,2013,NA,"fest.lib.id.na327","Europe","nancy-lorraine international film festival","01.08.13"
NA,NA,"Germany","f16680",2,2011,10,"fest.lib.id1888","Europe","berlin international film festival","01.02.11"
NA,NA,"Iran","f16680",3,2011,6,"fest.lib.id1691","MENA","tehran international animation festival","01.03.11"
NA,NA,"Greece","f16680",3,2011,17,"fest.lib.id8135","Europe","athens animfest","01.03.11"
NA,NA,"Italy","f16680",3,2011,18,"fest.lib.id.survey.na646","Europe","trick animation film festival verano","01.03.11"
"fipresci jury mention",NA,"Serbia","f16680",3,2011,30,"fest.lib.id6251","Europe","belgrade documentary and short film festival","01.03.11"
"best short film",NA,"Spain","f16680",4,2011,1,"fest.lib.id1021","Europe","las palmas de gran canaria international film festival","01.04.11"
NA,NA,"North Macedonia","f16680",4,2011,15,"fest.lib.id1617","Europe","skopje film festival","01.04.11"
"best animation",NA,"Poland","f16680",5,2011,23,"fest.lib.id997","Europe","krakow film festival","01.05.11"
"best debut",NA,"France","f16680",6,2011,6,"fest.lib.id117","Europe","annecy international animation film festival","01.06.11"
NA,NA,"Croatia","f16680",6,2011,7,"fest.lib.id1667","Europe","tabor film festival","01.06.11"
NA,NA,"United Kingdom","f16680",6,2011,15,"fest.lib.id7160","Europe","edinburgh international film festival","01.06.11"
NA,NA,"Germany","f16680",6,2011,16,"fest.lib.id1916","Europe","kaliber35 munich","01.06.11"
NA,NA,"Australia","f16680",6,2011,19,"fest.lib.id1146","Oceania","miaf 4, melbourne","01.06.11"
"best animation",NA,"United States","f16680",6,2011,21,"fest.lib.id1359","North America","palm springs international shortfest","01.06.11"
NA,NA,"Slovakia","f16680",7,2011,1,"fest.lib.id.na141","Europe","fest anca international animation festival","01.07.11"
NA,NA,"Italy","f16680",7,2011,12,"fest.lib.id7257","Europe","giffoni film festival","01.07.11"
NA,NA,"Serbia","f16680",7,2011,16,"fest.lib.id.na360","Europe","european film festival palic, serbia","01.07.11"
NA,NA,"Poland","f16680",7,2011,21,"fest.lib.id1258","Europe","new horizons international film festival","01.07.11"
NA,NA,"Denmark","f16680",7,2011,22,"fest.lib.id1299","Europe","off - odense international film festival","01.07.11"
NA,NA,"Kosovo","f16680",7,2011,23,"fest.lib.id6250","Europe","dokufest international documentary and short film festival","01.07.11"
NA,NA,"Switzerland","f16680",8,2011,3,"fest.lib.id1050","Europe","locarno international film festival","01.08.11"
NA,NA,"Poland","f16680",8,2011,5,"fest.lib.id.na450","Europe","transatlantyk film festival","01.08.11"
NA,NA,"Romania","f16680",8,2011,8,"fest.lib.id.na16","Europe","anonimul international independent film festival","01.08.11"
NA,NA,"Italy","f16680",8,2011,20,"fest.lib.id375","Europe","concorto film festival","01.08.11"
NA,NA,"Italy","f16680",8,2011,24,"id519","Europe","imaginaria film festival","01.08.11"
NA,NA,"Kosovo","f16680",8,2011,24,"fest.lib.id6738","Europe","anibar international animation festival","01.08.11"
NA,NA,"United Kingdom","f16680",8,2011,26,"fest.lib.id1035","Europe","liaf london international animation festival","01.08.11"
NA,NA,"Hungary","f16680",8,2011,30,"fest.lib.id6936","Europe","busho budapest short international film festival","01.08.11"
"union of bulgarian filmmakers award",NA,"Bulgaria","f16680",9,2011,8,"fest.lib.id1860","Europe","varna world festival of animated film ","01.09.11"
NA,NA,"France","f16680",9,2011,9,"fest.lib.id202","Europe","best of short films festival la ciotat","01.09.11"
NA,NA,"Greece","f16680",9,2011,15,"fest.lib.id102","Europe","animasyros international animation festival","01.09.11"
NA,NA,"Hungary","f16680",9,2011,17,"fest.lib.id.na266","Europe","jameson cinefest miskolc international film festival","01.09.11"
NA,NA,"Greece","f16680",9,2011,19,"fest.lib.id922","Europe","drama international short film festival","01.09.11"
"best animation",NA,"Russia","f16680",9,2011,23,"fest.lib.id1141","Europe","message to man international film festival","01.09.11"
NA,NA,"Ukraine","f16680",9,2011,24,"fest.lib.id998","Europe","international animated film fest krok","01.09.11"
NA,NA,"Albania","f16680",9,2011,26,"fest.lib.id7250","Europe","anifest rozafa international festival of animated film","01.09.11"
"best animation",NA,"United States","f16680",9,2011,28,"fest.lib.id1267","North America","new york international short film festival","01.09.11"
"best short animated film",NA,"Bulgaria","f16680",9,2011,28,"fest.lib.id.na251","Europe","international animation film festival","01.09.11"
"best animation",NA,"Greece","f16680",9,2011,29,"fest.lib.id1238","Europe","naoussa international film festival","01.09.11"
NA,NA,"Germany","f16680",10,2011,1,"fest.lib.id.na190","Europe","filmfest eberswalde","01.10.11"
NA,NA,"Switzerland","f16680",10,2011,1,"fest.lib.id108","Europe","animatou festival international du film d'animation","01.10.11"
NA,NA,"Italy","f16680",10,2011,3,"fest.lib.id1560","Europe","sedicicorto international film festival","01.10.11"
NA,NA,"Serbia","f16680",10,2011,4,"fest.lib.id9338","Europe","balkanima festival","01.10.11"
NA,NA,"Luxembourg","f16680",10,2011,5,"fest.lib.id.survey.na108","Europe","cineast film festival","01.10.11"
NA,NA,"Spain","f16680",10,2011,6,"fest.lib.id1613","Europe","sitges international fantastic film festival of catalonia","01.10.11"
NA,NA,"Romania","f16680",10,2011,7,"fest.lib.id111","Europe","anim'est bucharest international animation festival","01.10.11"
NA,NA,"Finland","f16680",10,2011,13,"fest.lib.id104","Europe","animation festival animatricks","01.10.11"
NA,NA,"Germany","f16680",10,2011,13,"fest.lib.id1983","Europe","international weekend of animation wiesbaden","01.10.11"
NA,NA,"Spain","f16680",10,2011,14,"fest.lib.id.survey.na4","Europe","3d wire animation market","01.10.11"
NA,NA,"Spain","f16680",10,2011,14,"imdbady01272","Europe","ourense international film festival","01.10.11"
NA,NA,"France","f16680",10,2011,18,"fest.lib.id1276","Europe","nice short film festival","01.10.11"
NA,NA,"France","f16680",10,2011,18,"fest.lib.id.survey.na563","Europe","rencontres audiovisuelles de lille (fest. cm)","01.10.11"
NA,NA,"Germany","f16680",10,2011,24,"fest.lib.id1919","Europe","oldenburg film festival","01.10.11"
NA,NA,"Lithuania","f16680",10,2011,24,"fest.lib.id.na440","Europe","international animation film festival tindirindis","01.10.11"
NA,NA,"United Kingdom","f16680",11,2011,3,"fest.lib.id1039","Europe","leedsfilmfest","01.11.11"
"grand prix",NA,"Russia","f16680",11,2011,4,"fest.lib.id7967","Europe","multivision festival saint petersburg","01.11.11"
NA,NA,"Portugal","f16680",11,2011,7,"fest.lib.id318","Europe","cinanima - international animated film festival","01.11.11"
NA,NA,"France","f16680",11,2011,8,"fest.lib.id251","Europe","brest european short film festival","01.11.11"
NA,NA,"United Kingdom","f16680",11,2011,9,"fest.lib.id.survey.na75","Europe","bradford animation festival","01.11.11"
NA,NA,"Sweden","f16680",11,2011,9,"fest.lib.id1648","Europe","stockholm international film festival","01.11.11"
NA,NA,"Mexico","f16680",11,2011,10,"fest.lib.id396","Latin America and Caribbean","cutout fest","01.11.11"
NA,NA,"France","f16680",11,2011,14,"fest.lib.id.na97","Europe","festival du cinema europeen en essonne","01.11.11"
NA,NA,"France","f16680",11,2011,17,"fest.lib.id.survey.na136","Europe","court, c'est court, les mes rencontres autour du court metrage de cabrieres d'avignon","01.11.11"
NA,NA,"France","f16680",11,2011,18,"fest.lib.id.na471","Europe","european international short film festival villeurbanne","01.11.11"
"audience award",NA,"Poland","f16680",11,2011,21,"fest.lib.id497","Europe","etiuda&anima international film festival","01.11.11"
NA,NA,"Turkey","f16680",11,2011,22,"fest.lib.id941","Asia","istanbul animation festival","01.11.11"
NA,NA,"Turkey","f16680",11,2011,23,"fest.lib.id943","Asia","istanbul short film festival","01.11.11"
NA,NA,"Hungary","f16680",11,2011,23,"fest.lib.id95","Europe","anilogue international animation film festival","01.11.11"
NA,NA,"Italy","f16680",12,2011,8,"fest.lib.id5246","Europe","sotto18 film festival turin","01.12.11"
NA,NA,"France","f16680",12,2011,11,"fest.lib.id.na280","Europe","kinopolska film festival","01.12.11"
NA,NA,"Italy","f16680",1,2012,19,"fest.lib.id1770","Europe","trieste film festival","01.01.12"
NA,NA,"Greece","f16680",2,2012,16,"fest.lib.id5903","Europe","psarokokalo filmfest","01.02.12"
NA,NA,"Switzerland","f16680",2,2012,17,"fest.lib.id534","Europe","black movie film festival","01.02.12"
NA,NA,"Spain","f16680",3,2012,1,"fest.lib.id99","Europe","animac","01.03.12"
NA,NA,"Portugal","f16680",3,2012,19,"fest.lib.id1174","Europe","monstra lisbon animated film festival","01.03.12"
NA,NA,"Netherlands","f16680",3,2012,NA,"fest.lib.id725","Europe","go short international short film festival nijmegen","01.03.12"
NA,NA,"Spain","f16680",4,2012,12,"fest.lib.id1124","Europe","mecal barcelona international short and animation film festival","01.04.12"
NA,NA,"Poland","f16680",4,2012,28,"imdbady02268","Europe","cinema on the border film festival","01.04.12"
NA,NA,"Brazil","f16680",7,2012,13,"fest.lib.id98","Latin America and Caribbean","anima mundi","01.07.12"
NA,NA,"France","f16680",11,2012,16,"fest.lib.id1569","Europe","festival international sequence court-metrage, toulouse","01.11.12"
NA,NA,"Germany","f17204",2,2014,NA,"fest.lib.id1888","Europe","berlin international film festival","01.02.14"
"best editing",NA,"Germany","f17204",4,2014,NA,"fest.lib.id1921","Europe","sehsuchte international student film festival","01.04.14"
NA,NA,"China","f17204",6,2014,NA,"fest.lib.id1577","Asia","shanghai international film festival","01.06.14"
NA,NA,"Brazil","f17204",10,2014,NA,"fest.lib.id1540","Latin America and Caribbean","sao paulo international film festival","01.10.14"
NA,NA,"Germany","f17365",2,2015,5,"fest.lib.id1888","Europe","berlin international film festival","01.02.15"
NA,NA,"Czechia","f17365",5,2015,29,"fest.lib.id1883","Europe","zlin international film festival for children and youth","01.05.15"
"audience choice award",NA,"South Korea","f17365",8,2015,5,"fest.lib.id8826","Asia","seoul international youth film festival","01.08.15"
NA,NA,"Germany","f17365",9,2015,27,"fest.lib.id1898","Europe","lucas international children's film festival","01.09.15"
NA,NA,"Lithuania","f17365",11,2015,6,"fest.lib.id.na401","Europe","european film forum scanorama","01.11.15"
NA,NA,"Norway","f17365",4,2016,26,"fest.lib.id.survey.na427","Europe","kristiansand international children's film festival","01.04.16"
NA,NA,"Slovenia","f17365",9,2016,30,"imdbady00537","Europe","eye on film international film festival for children and youth","01.09.16"
NA,NA,"Germany","f17442",2,2015,5,"fest.lib.id1888","Europe","berlin international film festival","01.02.15"
NA,NA,"United Kingdom","f17442",3,2015,19,"fest.lib.id645","Europe","flatpack film festival","01.03.15"
NA,NA,"Hong Kong SAR China","f17442",3,2015,23,"fest.lib.id763","Asia","hong kong international film festival","01.03.15"
NA,NA,"United States","f17442",4,2015,3,"fest.lib.id.survey.na40","Europe","athens international film and video festival","01.04.15"
NA,NA,"France","f17442",4,2015,10,"fest.lib.id5808","Europe","ecu european independent film festival","01.04.15"
NA,NA,"Germany","f17442",4,2015,14,"fest.lib.id1899","Europe","dresden film festival","01.04.15"
NA,NA,"Croatia","f17442",4,2015,21,"fest.lib.id3166","Europe","vafi international children and youth festival","01.04.15"
NA,NA,"Ukraine","f17442",4,2015,22,"imdbady01002","Europe","kyiv international short film festival","01.04.15"
NA,NA,"Germany","f17442",4,2015,30,"fest.lib.id1889","Europe","international short film festival oberhausen","01.04.15"
NA,NA,"Germany","f17442",5,2015,5,"fest.lib.id1891","Europe","itfs internationales trickfilm-festival stuttgart","01.05.15"
NA,NA,"Italy","f17442",5,2015,5,"fest.lib.id.na212","Europe","future film festival","01.05.15"
NA,NA,"Germany","f17442",5,2015,5,"fest.lib.id1988","Europe","filmkunstfest mecklenburg-vorpommern","01.05.15"
NA,NA,"Italy","f17442",5,2015,8,"fest.lib.id7347","Europe","rome independent film festival","01.05.15"
NA,NA,"Italy","f17442",5,2015,28,"fest.lib.id5231","Europe","river film festival","01.05.15"
NA,NA,"Germany","f17442",6,2015,6,"fest.lib.id1892","Europe","hamburg international short film festival","01.06.15"
NA,NA,"Australia","f17442",6,2015,19,"fest.lib.id1146","Oceania","miaf 4, melbourne","01.06.15"
NA,NA,"Russia","f17442",7,2015,16,"fest.lib.id6833","Europe","insomnia international animation film festival","01.07.15"
NA,NA,"Japan","f17442",7,2015,25,"imdbady00870","Asia","image forum festival","01.07.15"
NA,NA,"Croatia","f17442",7,2015,26,"fest.lib.id.survey.na623","Europe","supertoon international animation festival","01.07.15"
NA,NA,"Poland","f17442",8,2015,1,"fest.lib.id7964","Europe","film and art festival two riversides","01.08.15"
NA,NA,"United States","f17442",8,2015,4,"fest.lib.id.na338","North America","newport international film festival","01.08.15"
NA,NA,"Italy","f17442",8,2015,7,"fest.lib.id6734","Europe","la guarimba film festival","01.08.15"
NA,NA,"Kosovo","f17442",8,2015,8,"fest.lib.id6250","Europe","dokufest international documentary and short film festival","01.08.15"
NA,NA,"Austria","f17442",8,2015,12,"fest.lib.id1592","Europe","shortynale","01.08.15"
NA,NA,"United States","f17442",8,2015,13,"fest.lib.id768","North America","hollyshorts film festival","01.08.15"
NA,NA,"Germany","f17442",8,2015,14,"fest.lib.id.survey.na506","Europe","okseoe filmfest","01.08.15"
NA,NA,"Argentina","f17442",9,2015,3,"fest.lib.id2970","Latin America and Caribbean","expotoons buenos aires","01.09.15"
NA,NA,"Serbia","f17442",9,2015,10,"fest.lib.id.na13","Europe","animanima international animation festival","01.09.15"
NA,NA,"United States","f17442",9,2015,10,"fest.lib.id410","North America","dc shorts","01.09.15"
NA,NA,"Hungary","f17442",9,2015,11,"fest.lib.id.na266","Europe","jameson cinefest miskolc international film festival","01.09.15"
NA,NA,"Germany","f17442",9,2015,16,"fest.lib.id1919","Europe","oldenburg film festival","01.09.15"
NA,NA,"France","f17442",9,2015,18,"fest.lib.id1655","Europe","strasbourg european fantastic film festival","01.09.15"
NA,NA,"Latvia","f17442",9,2015,22,"fest.lib.id6","Europe","riga international short film festival 2annas","01.09.15"
NA,NA,"Poland","f17442",9,2015,23,"fest.lib.id8251","Europe","ars independent international film festival katowice","01.09.15"
NA,NA,"Greece","f17442",9,2015,23,"fest.lib.id.survey.na41","Europe","athens international film festival","01.09.15"
NA,NA,"Greece","f17442",9,2015,24,"fest.lib.id102","Europe","animasyros international animation festival","01.09.15"
NA,NA,"United States","f17442",9,2015,24,"fest.lib.id3163","North America","santa catalina film festival","01.09.15"
NA,NA,"Ireland","f17442",10,2015,4,"fest.lib.id851","Europe","indiecork festival of independent film","01.10.15"
NA,NA,"Italy","f17442",10,2015,8,"fest.lib.id1560","Europe","sedicicorto international film festival","01.10.15"
NA,NA,"Ireland","f17442",10,2015,9,"fest.lib.id7929","Europe","cinemagic film festival","01.10.15"
NA,NA,"Japan","f17442",10,2015,15,"imdbady01003","Asia","kyoto international film festival","01.10.15"
NA,NA,"United States","f17442",10,2015,15,"fest.lib.id129","North America","arlington international film festival","01.10.15"
NA,NA,"United States","f17442",10,2015,15,"fest.lib.id308","North America","chicago international film festival","01.10.15"
NA,NA,"Iceland","f17442",10,2015,16,"fest.lib.id8008","Europe","northern wave international film festival","01.10.15"
NA,NA,"Ireland","f17442",10,2015,21,"imdbady00972","Europe","kerry film festival","01.10.15"
NA,NA,"Greece","f17442",10,2015,21,"fest.lib.id1238","Europe","naoussa international film festival","01.10.15"
NA,NA,"France","f17442",10,2015,21,"fest.lib.id.survey.na92","Europe","chacun son court","01.10.15"
NA,NA,"Bosnia & Herzegovina","f17442",10,2015,23,"fest.lib.id884","Europe","banjaluka international animation film festival","01.10.15"
NA,NA,"Germany","f17442",10,2015,24,"fest.lib.id1994","Europe","konstanzer kurz.film.spiele","01.10.15"
NA,NA,"Trinidad & Tobago","f17442",10,2015,27,"fest.lib.id.survey.na22","Latin America and Caribbean","animae caribe","01.10.15"
NA,NA,"India","f17442",11,2015,2,"fest.lib.id.survey.na419","Asia","kalpanirjhar int'l short fiction ff","01.11.15"
NA,NA,"United States","f17442",11,2015,3,"fest.lib.id5894","North America","indie memphis film festival","01.11.15"
NA,NA,"Germany","f17442",11,2015,4,"fest.lib.id1902","Europe","nordische filmtage luebeck","01.11.15"
NA,NA,"United Kingdom","f17442",11,2015,5,"fest.lib.id7263","Europe","aesthetica short film festival","01.11.15"
NA,NA,"United States","f17442",11,2015,5,"fest.lib.id7797","North America","ojai film festival","01.11.15"
NA,NA,"United States","f17442",11,2015,6,"fest.lib.id5195","North America","kansas city film festival","01.11.15"
NA,NA,"Germany","f17442",11,2015,10,"fest.lib.id.ch1897","Europe","interfilm international short film festival berlin","01.11.15"
NA,NA,"United States","f17442",11,2015,11,"imdbady01727","North America","weyauwega international film festival","01.11.15"
NA,NA,"Sweden","f17442",11,2015,11,"fest.lib.id1648","Europe","stockholm international film festival","01.11.15"
NA,NA,"Mexico","f17442",11,2015,12,"fest.lib.id396","Latin America and Caribbean","cutout fest","01.11.15"
NA,NA,"Germany","f17442",11,2015,13,"fest.lib.id1914","Europe","exground filmfest","01.11.15"
NA,NA,"Germany","f17442",11,2015,17,"fest.lib.id.na458","Europe","unlimited short film festival cologne","01.11.15"
NA,NA,"Turkey","f17442",11,2015,17,"imdbady00936","Asia","izmir international short film festival","01.11.15"
NA,NA,"Germany","f17442",11,2015,18,"imdbady00124","Europe","augsburg filmtage","01.11.15"
NA,NA,"Germany","f17442",11,2015,18,"fest.lib.id.survey.na338","Europe","flensburger kurzfilmtage","01.11.15"
NA,NA,"Spain","f17442",11,2015,20,"fest.lib.id716","Europe","gijon international film festival","01.11.15"
NA,NA,"Tunisia","f17442",11,2015,21,"fest.lib.id955","MENA","carthage film festival","01.11.15"
NA,NA,"Russia","f17442",11,2015,27,"fest.lib.id9001","Europe","saint petersburg international film festival","01.11.15"
NA,NA,"Slovenia","f17442",12,2015,7,"fest.lib.id103","Europe","animateka international animated film festival","01.12.15"
NA,NA,"Bulgaria","f17442",12,2015,8,"fest.lib.id843","Europe","in the palace  international short film festival","01.12.15"
NA,NA,"Colombia","f17442",12,2015,9,"fest.lib.id231","Latin America and Caribbean","bogota short film festival","01.12.15"
NA,NA,"United States","f17442",1,2016,15,"fest.lib.id6585","North America","irvine international film festival","01.01.16"
NA,NA,"France","f17442",1,2016,22,"fest.lib.id1411","Europe","premiers plans angers festival","01.01.16"
NA,NA,"India","f17442",1,2016,28,"id200","Asia","mumbai international film festival","01.01.16"
NA,NA,"Turkey","f17442",2,2016,3,"fest.lib.id943","Asia","istanbul short film festival","01.02.16"
NA,NA,"United States","f17442",3,2016,15,"fest.lib.id14","North America","aaff ann arbor film festival","01.03.16"
NA,NA,"United States","f17442",4,2016,7,"fest.lib.id7966","North America","taos shorts film fest","01.04.16"
NA,NA,"United States","f17442",4,2016,7,"fest.lib.id7583","North America","ashland independent film festival","01.04.16"
NA,NA,"United States","f17442",4,2016,7,"fest.lib.id9313","North America","alhambra theatre film festival","01.04.16"
NA,NA,"United States","f17442",4,2016,7,"fest.lib.id1160","North America","minneapolis st paul international film festival","01.04.16"
NA,NA,"Greece","f17442",4,2016,7,"fest.lib.id8135","Europe","athens animfest","01.04.16"
NA,NA,"United States","f17442",4,2016,13,"fest.lib.id7676","North America","louisiana international film festival","01.04.16"
NA,NA,"United States","f17442",4,2016,14,"imdbady00088","North America","arizona film festival","01.04.16"
NA,NA,"United States","f17442",4,2016,28,"imdbady01586","North America","sunscreen film festival","01.04.16"
NA,NA,"Serbia","f17442",5,2016,10,"imdbady01350","Europe","prokuplje short film festival","01.05.16"
NA,NA,"Cyprus","f17442",7,2016,21,"fest.lib.id9345","Europe","countryside animafest cyprus","01.07.16"
NA,NA,"South Korea","f17442",7,2016,21,"fest.lib.id.survey.na551","Asia","puchon international student animation festival pisaf","01.07.16"
NA,NA,"United States","f17442",7,2016,26,"fest.lib.id1766","North America","traverse city film festival","01.07.16"
NA,NA,"Japan","f17442",8,2016,18,"fest.lib.id762","Asia","hiroshima international animation festival","01.08.16"
NA,NA,"Italy","f17442",8,2016,20,"fest.lib.id375","Europe","concorto film festival","01.08.16"
NA,NA,"United States","f17442",10,2016,6,"fest.lib.id7505","North America","mill valley film festival","01.10.16"
NA,NA,"Spain","f17442",10,2016,14,"fest.lib.id.survey.na253","Europe","festival de cine de madrid pnr ","01.10.16"
NA,NA,"Brazil","f17442",11,2016,22,"fest.lib.id.na12","Latin America and Caribbean","animage international animation festival of pernambuco","01.11.16"
NA,NA,"Italy","f17442",11,2016,24,"fest.lib.id1098","Europe","magma international short film festival","01.11.16"
NA,NA,"Brazil","f17442",12,2016,1,"fest.lib.id.na323","Latin America and Caribbean","mumia bolivia animation film festival","01.12.16"
NA,NA,"Iran","f17442",3,2017,5,"fest.lib.id1691","MENA","tehran international animation festival","01.03.17"
NA,NA,"United States","f17442",3,2017,8,"fest.lib.id5242","North America","fort myers film festival","01.03.17"
NA,NA,"Germany","f17442",3,2017,15,"fest.lib.id1972","Europe","regensburg short film week","01.03.17"
NA,NA,"Brazil","f17442",6,2017,20,"fest.lib.id4890","Latin America and Caribbean","fica","01.06.17"
NA,NA,"Germany","f17455",2,2015,NA,"fest.lib.id1888","Europe","berlin international film festival","01.02.15"
NA,NA,"Germany","f17455",3,2015,18,"fest.lib.id1972","Europe","regensburg short film week","01.03.15"
NA,NA,"United States","f17455",3,2015,18,"fest.lib.id365","North America","cleveland international film festival","01.03.15"
"best animation",NA,"United States","f17455",4,2015,7,"fest.lib.id.na22","Asia","aspen shortsfest","01.04.15"
NA,NA,"Germany","f17455",4,2015,14,"fest.lib.id1899","Europe","dresden film festival","01.04.15"
NA,NA,"United States","f17455",4,2015,16,"fest.lib.id1497","North America","riverrun international film festival","01.04.15"
NA,NA,"South Korea","f17455",4,2015,24,"fest.lib.id223","Asia","busan international short film festival","01.04.15"
NA,NA,"Belgium","f17455",4,2015,24,"fest.lib.id264","Europe","brussels short film festival","01.04.15"
NA,NA,"Italy","f17455",5,2015,8,"fest.lib.id7347","Europe","rome independent film festival","01.05.15"
"don quixote award",NA,"Poland","f17455",5,2015,31,"fest.lib.id997","Europe","krakow film festival","01.05.15"
NA,NA,"Germany","f17455",6,2015,3,"fest.lib.id7903","Europe","emden international film festival","01.06.15"
NA,NA,"Japan","f17455",6,2015,4,"fest.lib.id1587","Latin America and Caribbean","short shorts film festival & asia","01.06.15"
NA,NA,"Germany","f17455",6,2015,9,"fest.lib.id1892","Europe","hamburg international short film festival","01.06.15"
"best original music",NA,"France","f17455",6,2015,15,"fest.lib.id117","Europe","annecy international animation film festival","01.06.15"
NA,NA,"United Kingdom","f17455",6,2015,17,"fest.lib.id7160","Europe","edinburgh international film festival","01.06.15"
"grand prize",NA,"Brazil","f17455",7,2015,10,"fest.lib.id98","Latin America and Caribbean","anima mundi","01.07.15"
NA,NA,"South Africa","f17455",7,2015,16,"fest.lib.id469","Subsaharan Africa","durban international film festival","01.07.15"
NA,NA,"Mexico","f17455",7,2015,17,"fest.lib.id3831","Latin America and Caribbean","festival international de cine expression en corto","01.07.15"
NA,NA,"Hong Kong SAR China","f17455",8,2015,2,"fest.lib.id855","Asia","indpanda international film festival","01.08.15"
NA,NA,"Kosovo","f17455",8,2015,8,"fest.lib.id6250","Europe","dokufest international documentary and short film festival","01.08.15"
NA,NA,"Austria","f17455",8,2015,12,"fest.lib.id1592","Europe","shortynale","01.08.15"
NA,NA,"Germany","f17455",8,2015,13,"fest.lib.id.survey.na509","Europe","open air filmfest weiterstadt","01.08.15"
NA,NA,"South Korea","f17455",8,2015,13,"imdbady00950","Asia","jecheon international film & music festival","01.08.15"
"best vfx award",NA,"United States","f17455",8,2015,13,"fest.lib.id768","North America","hollyshorts film festival","01.08.15"
NA,NA,"Canada","f17455",8,2015,27,"fest.lib.id1180","North America","montreal world film festival","01.08.15"
NA,NA,"Greece","f17455",9,2015,23,"fest.lib.id.survey.na41","Europe","athens international film festival","01.09.15"
NA,NA,"Germany","f17455",9,2015,23,"fest.lib.id1947","Europe","filmfestival muenster","01.09.15"
NA,NA,"Switzerland","f17455",10,2015,1,"fest.lib.id108","Europe","animatou festival international du film d'animation","01.10.15"
NA,NA,"Switzerland","f17455",10,2015,7,"fest.lib.id.na408","Europe","shnit international short film festival buenos aires","01.10.15"
NA,NA,"Germany","f17455",10,2015,7,"fest.lib.id.survey.na330","Europe","filmfest osnabrueck/goeast","01.10.15"
NA,NA,"United Kingdom","f17455",10,2015,7,"fest.lib.id208","Europe","bfi london film festival","01.10.15"
NA,NA,"Canada","f17455",10,2015,7,"fest.lib.id1177","North America","montreal festival du nouveau cinema","01.10.15"
NA,NA,"Germany","f17455",10,2015,17,"fest.lib.id1914","Europe","exground filmfest","01.10.15"
NA,NA,"Spain","f17455",10,2015,19,"fest.lib.id.survey.na363","Europe","granada international short film festival","01.10.15"
"best of international animation award",NA,"Germany","f17455",10,2015,21,"fest.lib.id.survey.na560","Europe","reggio film festival","01.10.15"
NA,NA,"Germany","f17455",10,2015,26,"fest.lib.id.survey.na177","Asia","dok leipzig lake festival","01.10.15"
NA,NA,"Germany","f17455",11,2015,4,"fest.lib.id1902","Europe","nordische filmtage luebeck","01.11.15"
NA,NA,"United States","f17455",11,2015,5,"fest.lib.id7797","North America","ojai film festival","01.11.15"
NA,NA,"Ireland","f17455",11,2015,6,"fest.lib.id381","Europe","cork international film festival","01.11.15"
NA,NA,"France","f17455",11,2015,11,"fest.lib.id251","Europe","brest european short film festival","01.11.15"
NA,NA,"Iran","f17455",11,2015,11,"fest.lib.id1739","MENA","tehran international short film festival","01.11.15"
NA,NA,"Germany","f17455",11,2015,17,"fest.lib.id.na458","Europe","unlimited short film festival cologne","01.11.15"
"audience award for best animation short film",NA,"Spain","f17455",11,2015,18,"fest.lib.id507","Europe","fancine fantastic film festival","01.11.15"
NA,NA,"Turkey","f17455",11,2015,20,"imdbady00204","Asia","bogazici film festival","01.11.15"
"best animated short film",NA,"Hungary","f17455",11,2015,25,"fest.lib.id95","Europe","anilogue international animation film festival","01.11.15"
"international shortwork award",NA,"Canada","f17455",12,2015,2,"fest.lib.id1843","North America","whistler film festival","01.12.15"
NA,NA,"Bulgaria","f17455",12,2015,8,"fest.lib.id843","Europe","in the palace  international short film festival","01.12.15"
"sae creative media institute award for best use of digital technology in a short film",NA,"Australia","f17455",1,2016,8,"fest.lib.id648","Oceania","flickerfest","01.01.16"
NA,NA,"Germany","f17455",1,2016,15,"fest.lib.id1923","Europe","filmwinter stuttgart festival for expanded media","01.01.16"
"best short film",NA,"Italy","f17455",1,2016,22,"fest.lib.id1770","Europe","trieste film festival","01.01.16"
NA,NA,"Germany","f17455",1,2016,25,"fest.lib.id1936","Europe","bamberger kurzfilmtage","01.01.16"
NA,NA,"United States","f17455",2,2016,11,"fest.lib.id1406","North America","portland international film festival","01.02.16"
NA,NA,"Germany","f17455",3,2016,9,"fest.lib.id.na296","Europe","landshuter kurzfilmfestival","01.03.16"
"audience award",NA,"France","f17455",3,2016,15,"fest.lib.id.na82","Europe","cine-court anime roanne","01.03.16"
NA,NA,"United States","f17455",4,2016,8,"fest.lib.id7487","North America","florida film festival","01.04.16"
NA,NA,"United States","f17455",4,2016,21,"fest.lib.id1272","North America","newport beach film festival","01.04.16"
NA,NA,"Iraq","f17455",9,2016,9,"fest.lib.id3912","MENA","duhok international film festival","01.09.16"
NA,NA,"Spain","f17455",9,2016,10,"fest.lib.id267","Europe","international shortfilm festival of bueu","01.09.16"
NA,NA,"Australia","f17455",9,2016,NA,"fest.lib.id8160","North America","darwin film festival","01.09.16"
NA,NA,"Spain","f17455",10,2016,5,"fest.lib.id.survey.na4","Europe","3d wire animation market","01.10.16"
NA,NA,"Cyprus","f17455",10,2016,15,"fest.lib.id397","Europe","international film festival cyprus","01.10.16"
NA,NA,"Spain","f17455",10,2016,21,"fest.lib.id22","Europe","abycine international film festival","01.10.16"
NA,NA,"Egypt","f17455",11,2016,15,"fest.lib.id275","MENA","cairo international film festival","01.11.16"
NA,NA,"Germany","f17455",11,2016,16,"fest.lib.id.survey.na338","Europe","flensburger kurzfilmtage","01.11.16"
NA,NA,"Netherlands","f17455",11,2016,NA,"imdbady01222","Europe","noordelijk film festival","01.11.16"
NA,NA,"Colombia","f17455",12,2016,6,"fest.lib.id231","Latin America and Caribbean","bogota short film festival","01.12.16"
NA,NA,"Canada","f17455",3,2017,NA,"fest.lib.id.survey.na559","North America","regard - international short film festival","01.03.17"
NA,NA,"New Zealand","f17455",11,2018,NA,"fest.lib.id7494","Oceania","show me shorts film festival","01.11.18"
NA,NA,"Germany","f17681",2,2015,NA,"fest.lib.id1888","Europe","berlin international film festival","01.02.15"
"best narrative short",NA,"Chile","f17681",2,2015,NA,"imdbady00917","Latin America and Caribbean","iquique international film festival","01.02.15"
NA,NA,"Germany","f17681",5,2015,NA,"fest.lib.id1889","Europe","international short film festival oberhausen","01.05.15"
NA,NA,"Spain","f17681",6,2015,NA,"fest.lib.id792","Europe","huesca international film festival","01.06.15"
NA,NA,"Peru","f17681",8,2015,NA,"fest.lib.id.na303","Latin America and Caribbean","lima international film festival","01.08.15"
"special mention",NA,"Argentina","f17681",8,2015,NA,"fest.lib.id.survey.na501","Latin America and Caribbean","nueva mirada international film festival for children & youth","01.08.15"
NA,NA,"France","f17681",9,2015,NA,"fest.lib.id.na47","Europe","festival de biarritz - cinema et cultures d'amerique latine","01.09.15"
"best director",NA,"Argentina","f17681",9,2015,NA,"fest.lib.id.survey.na304","Latin America and Caribbean","festival latinoamericano de video y artes audiovisuales rosario","01.09.15"
NA,NA,"Albania","f17681",9,2015,NA,"fest.lib.id7250","Europe","anifest rozafa international festival of animated film","01.09.15"
NA,NA,"Canada","f17681",9,2015,NA,"fest.lib.id1712","North America","the latin american film festival","01.09.15"
NA,NA,"Spain","f17681",10,2015,NA,"fest.lib.id395","Europe","curtocircuito international short film festival, santiago de compostela","01.10.15"
NA,NA,"Greece","f17681",10,2015,NA,"fest.lib.id1238","Europe","naoussa international film festival","01.10.15"
NA,NA,"Argentina","f17681",10,2015,NA,"fest.lib.id1115","Latin America and Caribbean","mar del plata international film festival","01.10.15"
NA,NA,"Switzerland","f17681",10,2015,NA,"fest.lib.id.na408","Europe","shnit international short film festival buenos aires","01.10.15"
NA,NA,"Italy","f17681",11,2015,NA,"fest.lib.id1504","Europe","arcipelago international festival of short films and new images","01.11.15"
NA,NA,"Cuba","f17681",12,2015,NA,"fest.lib.id.survey.na431","Latin America and Caribbean","la habana international film festival","01.12.15"
NA,NA,"Belgium","f17681",4,2016,NA,"fest.lib.id264","Europe","brussels short film festival","01.04.16"
NA,NA,"France","f7893",1,2016,NA,"fest.lib.id.survey.na315","Europe","festival silhouette","01.01.16"
NA,NA,"Germany","f7893",2,2016,NA,"fest.lib.id1888","Europe","berlin international film festival","01.02.16"
NA,NA,"United States","f7893",3,2016,NA,"fest.lib.id1662","North America","sxsw film festival","01.03.16"
NA,NA,"United States","f7893",3,2016,NA,"fest.lib.id14","North America","aaff ann arbor film festival","01.03.16"
NA,NA,"China","f7893",3,2016,NA,"fest.lib.id763","Asia","hong kong international film festival","01.03.16"
NA,NA,"Lithuania","f7893",3,2016,NA,"fest.lib.id.na473","Europe","vilnius international film festival","01.03.16"
"best animation",NA,"Hungary","f7893",3,2016,NA,"fest.lib.id8298","Europe","friss hus budapest","01.03.16"
NA,NA,"Netherlands","f7893",3,2016,NA,"fest.lib.id725","Europe","go short international short film festival nijmegen","01.03.16"
NA,NA,"Greece","f7893",3,2016,NA,"fest.lib.id8135","Europe","athens animfest","01.03.16"
NA,NA,"United Kingdom","f7893",3,2016,NA,"fest.lib.id645","Europe","flatpack film festival","01.03.16"
NA,NA,"Germany","f7893",4,2016,NA,"fest.lib.id1899","Europe","dresden film festival","01.04.16"
NA,NA,"Italy","f7893",4,2016,NA,"fest.lib.id1615","Europe","skepto international film festival","01.04.16"
NA,NA,"United States","f7893",4,2016,NA,"fest.lib.id.survey.na40","Europe","athens international film and video festival","01.04.16"
NA,NA,"Hungary","f7893",4,2016,NA,"fest.lib.id1741","Europe","titanic film festival budapest","01.04.16"
NA,NA,"Portugal","f7893",4,2016,NA,"fest.lib.id2024","Europe","indielisboa","01.04.16"
NA,NA,"Ukraine","f7893",4,2016,NA,"imdbady01002","Europe","kyiv international short film festival","01.04.16"
NA,NA,"Austria","f7893",5,2016,NA,"fest.lib.id.survey.na667","Europe","vienna independent shorts, animation avantgarde","01.05.16"
NA,NA,"Poland","f7893",5,2016,NA,"fest.lib.id997","Europe","krakow film festival","01.05.16"
NA,NA,"United States","f7893",5,2016,NA,"fest.lib.id4689","North America","rooftop films","01.05.16"
NA,NA,"Italy","f7893",5,2016,NA,"fest.lib.id3364","Europe","rabbitfest - international animation festival","01.05.16"
NA,NA,"United States","f7893",6,2016,NA,"fest.lib.id1074","North America","los angeles film festival","01.06.16"
NA,NA,"Slovakia","f7893",6,2016,NA,"fest.lib.id.na141","Europe","fest anca international animation festival","01.06.16"
NA,NA,"Peru","f7893",6,2016,NA,"fest.lib.id.na304","Latin America and Caribbean","lima independiente international film festival","01.06.16"
NA,NA,"Australia","f7893",6,2016,NA,"fest.lib.id1146","Oceania","miaf 4, melbourne","01.06.16"
NA,NA,"United States","f7893",6,2016,NA,"fest.lib.id.na338","North America","newport international film festival","01.06.16"
NA,NA,"Spain","f7893",7,2016,NA,"fest.lib.id537","Europe","elche international independent film festival","01.07.16"
NA,NA,"Cyprus","f7893",7,2016,NA,"fest.lib.id9345","Europe","countryside animafest cyprus","01.07.16"
NA,NA,"Italy","f7893",7,2016,NA,"fest.lib.id.na294","Europe","lago film fest","01.07.16"
NA,NA,"Mexico","f7893",7,2016,NA,"fest.lib.id3831","Latin America and Caribbean","festival international de cine expression en corto","01.07.16"
NA,NA,"United States","f7893",7,2016,NA,"fest.lib.id1766","North America","traverse city film festival","01.07.16"
NA,NA,"Malta","f7893",7,2016,NA,"imdbady00978","Europe","kinemastik international short film festival","01.07.16"
NA,NA,"Kosovo","f7893",7,2016,NA,"fest.lib.id6738","Europe","anibar international animation festival","01.07.16"
NA,NA,"Netherlands","f7893",8,2016,NA,"fest.lib.id.na377","Europe","pluk de nacht open air film festival  ","01.08.16"
NA,NA,"Canada","f7893",8,2016,NA,"fest.lib.id.na172","North America","festival international de cinema et d'art de perce ""les perceides""","01.08.16"
NA,NA,"Finland","f7893",8,2016,NA,"imdbady01665","Asia","turku animated film festival","01.08.16"
NA,NA,"Denmark","f7893",8,2016,NA,"fest.lib.id1299","Europe","off - odense international film festival","01.08.16"
NA,NA,"Hungary","f7893",9,2016,NA,"fest.lib.id6936","Europe","busho budapest short international film festival","01.09.16"
"special jury award",NA,"Serbia","f7893",9,2016,NA,"fest.lib.id.na13","Europe","animanima international animation festival","01.09.16"
NA,NA,"Italy","f7893",9,2016,NA,"id289","Europe","milano film festival","01.09.16"
NA,NA,"Hungary","f7893",9,2016,NA,"fest.lib.id.na266","Europe","jameson cinefest miskolc international film festival","01.09.16"
NA,NA,"Finland","f7893",9,2016,NA,"fest.lib.id759","Europe","helsinki international film festival","01.09.16"
NA,NA,"United Kingdom","f7893",9,2016,NA,"fest.lib.id489","Subsaharan Africa","encounters international film festival","01.09.16"
NA,NA,"Canada","f7893",9,2016,NA,"fest.lib.id1329","North America","ottawa international animation festival","01.09.16"
NA,NA,"Greece","f7893",9,2016,NA,"fest.lib.id102","Europe","animasyros international animation festival","01.09.16"
"best animation",NA,"Poland","f7893",9,2016,NA,"fest.lib.id8251","Europe","ars independent international film festival katowice","01.09.16"
NA,NA,"Latvia","f7893",9,2016,NA,"imdbady01401","Europe","riga international film festival","01.09.16"
NA,NA,"South Korea","f7893",9,2016,NA,"fest.lib.id1570","Asia","seoul international extreme film festival","01.09.16"
NA,NA,"Romania","f7893",9,2016,NA,"fest.lib.id111","Europe","anim'est bucharest international animation festival","01.09.16"
NA,NA,"United States","f7893",10,2016,NA,"fest.lib.id1239","North America","nashville film festival","01.10.16"
NA,NA,"Switzerland","f7893",10,2016,NA,"fest.lib.id7232","Europe","fantoche international animation festival badengerman speaking region","01.10.16"
"best european animation",NA,"Spain","f7893",10,2016,NA,"fest.lib.id.survey.na4","Europe","3d wire animation market","01.10.16"
"student jury special mention",NA,"United Kingdom","f7893",10,2016,NA,"fest.lib.id208","Europe","bfi london film festival","01.10.16"
NA,NA,"United States","f7893",10,2016,NA,"fest.lib.id752","North America","hamptons international film festival","01.10.16"
NA,NA,"Luxembourg","f7893",10,2016,NA,"fest.lib.id.survey.na108","Europe","cineast film festival","01.10.16"
NA,NA,"Spain","f7893",10,2016,NA,"fest.lib.id1613","Europe","sitges international fantastic film festival of catalonia","01.10.16"
NA,NA,"Italy","f7893",10,2016,NA,"fest.lib.id1560","Europe","sedicicorto international film festival","01.10.16"
NA,NA,"United States","f7893",10,2016,NA,"fest.lib.id1259","North America","new orleans film festival","01.10.16"
NA,NA,"United States","f7893",10,2016,NA,"fest.lib.id2592","North America","imagine science film festival","01.10.16"
NA,NA,"Israel","f7893",10,2016,NA,"fest.lib.id751","MENA","haifa film festival","01.10.16"
"best first film, audience award",NA,"Hungary","f7893",10,2016,NA,"fest.lib.id1414","Europe","primanima world festival of first animations, budapest","01.10.16"
NA,NA,"United States","f7893",10,2016,NA,"fest.lib.id7554","North America","philadelphia film festival","01.10.16"
NA,NA,"Taiwan","f7893",10,2016,NA,"fest.lib.id971","Asia","kaohsiung film festival","01.10.16"
NA,NA,"United States","f7893",10,2016,NA,"fest.lib.id814","North America","hungarian film festival","01.10.16"
NA,NA,"Spain","f7893",10,2016,NA,"fest.lib.id1565","Europe","seminci valladolid international film festival","01.10.16"
NA,NA,"Sweden","f7893",10,2016,NA,"fest.lib.id1795","Europe","uppsala international short film festival","01.10.16"
"hokkaido governor award",NA,"Japan","f7893",11,2016,NA,"fest.lib.id1253","Asia","new chitose airport international animation festival","01.11.16"
NA,NA,"Bosnia & Herzegovina","f7893",11,2016,NA,"imdbady01346","Europe","pravo ljudski film festival","01.11.16"
NA,NA,"Slovenia","f7893",11,2016,NA,"fest.lib.id1041","Europe","liffe ljubljana international film festival","01.11.16"
NA,NA,"United States","f7893",11,2016,NA,"fest.lib.id39","North America","afi fest los angeles international film festival","01.11.16"
"best short film",NA,"Turkey","f7893",11,2016,NA,"imdbady00204","Asia","bogazici film festival","01.11.16"
NA,NA,"Germany","f7893",11,2016,NA,"fest.lib.id.ch1897","Europe","interfilm international short film festival berlin","01.11.16"
NA,NA,"Mexico","f7893",11,2016,NA,"fest.lib.id396","Latin America and Caribbean","cutout fest","01.11.16"
NA,NA,"France","f7893",11,2016,NA,"fest.lib.id1569","Europe","festival international sequence court-metrage, toulouse","01.11.16"
NA,NA,"Hungary","f7893",11,2016,NA,"fest.lib.id95","Europe","anilogue international animation film festival","01.11.16"
NA,NA,"North Macedonia","f7893",11,2016,NA,"fest.lib.id109","Europe","animax skopje fest","01.11.16"
NA,NA,"Italy","f7893",12,2016,NA,"imdbady01313","Europe","pentedattilo film festival","01.12.16"
NA,NA,"United Kingdom","f7893",1,2017,NA,"fest.lib.id1065","Europe","london short film festival","01.01.17"
NA,NA,"Serbia","f7893",1,2017,NA,"fest.lib.id.na289","Europe","kustendorf film and music festival","01.01.17"
NA,NA,"United States","f7893",1,2017,NA,"fest.lib.id1658","North America","sundance film festival","01.01.17"
NA,NA,"Italy","f7893",1,2017,NA,"fest.lib.id1770","Europe","trieste film festival","01.01.17"
NA,NA,"France","f7893",1,2017,NA,"fest.lib.id1411","Europe","premiers plans angers festival","01.01.17"
NA,NA,"Norway","f7893",2,2017,NA,"fest.lib.id7733","Europe","minimalen short film festival","01.02.17"
NA,NA,"France","f7893",2,2017,NA,"fest.lib.id364","Europe","clermont-ferrand international film festival","01.02.17"
NA,NA,"Belgium","f7893",2,2017,NA,"fest.lib.id96","Europe","anima brussels festival","01.02.17"
NA,NA,"Spain","f7893",3,2017,NA,"fest.lib.id1124","Europe","mecal barcelona international short and animation film festival","01.03.17"
NA,NA,"United States","f7893",3,2017,NA,"imdbady00801","North America","green mountain film festival","01.03.17"
NA,NA,"France","f7893",3,2017,NA,"fest.lib.id.na82","Europe","cine-court anime roanne","01.03.17"
"best animated short",NA,"United States","f7893",3,2017,NA,"fest.lib.id1497","North America","riverrun international film festival","01.03.17"
NA,NA,"United States","f7893",4,2017,NA,"fest.lib.id1544","North America","sarasota film festival","01.04.17"
NA,NA,"United States","f7893",4,2017,NA,"fest.lib.id7583","North America","ashland independent film festival","01.04.17"
NA,NA,"United States","f7893",4,2017,NA,"fest.lib.id.na478","North America","washington dc film fesitval","01.04.17"
"best hungarian animation",NA,"Hungary","f7893",4,2017,NA,"fest.lib.id1129","Europe","mediawave","01.04.17"
NA,NA,"Czechia","f7893",5,2017,NA,"fest.lib.id885","Europe","anifilm international festival of animated films","01.05.17"
NA,NA,"Netherlands","f7893",5,2017,NA,"fest.lib.id8623","Europe","leiden international short film experience","01.05.17"
NA,NA,"United States","f7893",6,2017,NA,"imdbady01021","North America","las vegas film festival","01.06.17"
NA,NA,"Romania","f7893",6,2017,NA,"fest.lib.id1273","Europe","next international film festival","01.06.17"
NA,NA,"Italy","f7893",7,2017,NA,"fest.lib.id.survey.na597","Europe","shorts international film festival","01.07.17"
NA,NA,"Poland","f7893",7,2017,NA,"fest.lib.id8830","Europe","sopot iff","01.07.17"
NA,NA,"Kosovo","f7893",7,2017,NA,"fest.lib.id6738","Europe","anibar international animation festival","01.07.17"
NA,NA,"Ukraine","f7893",8,2017,NA,"fest.lib.id1850","Europe","wiz-art festival","01.08.17"
NA,NA,"Serbia","f7893",8,2017,NA,"fest.lib.id6250","Europe","dokufest international documentary and short film festival","01.08.17"
NA,NA,"Denmark","f7893",8,2017,NA,"fest.lib.id1299","Europe","off - odense international film festival","01.08.17"
NA,NA,"Bulgaria","f7893",9,2017,NA,"fest.lib.id1860","Europe","varna world festival of animated film ","01.09.17"
NA,NA,"Ukraine","f7893",9,2017,NA,"fest.lib.id998","Europe","international animated film fest krok","01.09.17"
NA,NA,"Switzerland","f7893",9,2017,NA,"fest.lib.id1887","Europe","zurich film festival","01.09.17"
NA,NA,"Ireland","f7893",10,2017,NA,"fest.lib.id851","Europe","indiecork festival of independent film","01.10.17"
NA,NA,"Spain","f7893",11,2017,NA,"fest.lib.id623","Europe","filmets badalona film festival","01.11.17"
"best technique",NA,"Portugal","f7893",11,2017,NA,"fest.lib.id.na12","Latin America and Caribbean","animage international animation festival of pernambuco","01.11.17"
NA,NA,"China","f7893",11,2017,NA,"fest.lib.id.survey.na58","Asia","beijing first short film festival","01.11.17"
NA,NA,"Russia","f7893",10,2018,NA,"fest.lib.id.survey.na65","Europe","big cartoon festival moscow","01.10.18"
NA,NA,"Spain","I1701992",10,2016,NA,"fest.lib.id1613","Europe","sitges international fantastic film festival of catalonia","01.10.16"
NA,NA,"Australia","I1701992",1,2017,NA,"fest.lib.id648","Oceania","flickerfest","01.01.17"
NA,NA,"Norway","I1701992",1,2017,NA,"fest.lib.id1774","Europe","tromsø international film festival","01.01.17"
NA,NA,"United States","I1701992",1,2017,NA,"fest.lib.id9584","North America","children's film festival seattle","01.01.17"
"coup de coeur canal+ family award",NA,"France","I1701992",2,2017,NA,"fest.lib.id364","Europe","clermont-ferrand international film festival","01.02.17"
NA,NA,"Russia","I1701992",2,2017,NA,"fest.lib.id.survey.na514","Europe","open russian festival of animated film","01.02.17"
NA,NA,"Cambodia","I1701992",2,2017,NA,"fest.lib.id.na70","Asia","cambodia film festival","01.02.17"
NA,NA,"Spain","I1701992",3,2017,NA,"fest.lib.id1124","Europe","mecal barcelona international short and animation film festival","01.03.17"
NA,NA,"Greece","I1701992",3,2017,NA,"fest.lib.id8135","Europe","athens animfest","01.03.17"
NA,NA,"United States","I1701992",3,2017,NA,"fest.lib.id365","North America","cleveland international film festival","01.03.17"
NA,NA,"Portugal","I1701992",3,2017,NA,"fest.lib.id1174","Europe","monstra lisbon animated film festival","01.03.17"
NA,NA,"United States","I1701992",4,2017,NA,"fest.lib.id7487","North America","florida film festival","01.04.17"
NA,NA,"Portugal","I1701992",4,2017,NA,"fest.lib.id2024","Europe","indielisboa","01.04.17"
NA,NA,"Turkey","I1701992",4,2017,NA,"fest.lib.id115","Asia","ankara international film festival","01.04.17"
NA,NA,"Romania","I1701992",4,2017,NA,"fest.lib.id1273","Europe","next international film festival","01.04.17"
NA,NA,"South Korea","I1701992",5,2017,NA,"fest.lib.id223","Asia","busan international short film festival","01.05.17"
NA,NA,"Bulgaria","I1701992",5,2017,NA,"fest.lib.id.na251","Europe","international animation film festival","01.05.17"
NA,NA,"Spain","I1701992",5,2017,NA,"fest.lib.id8023","Europe","ecozine","01.05.17"
NA,NA,"Croatia","I1701992",5,2017,NA,"fest.lib.id.survey.na420","Europe","kiki international film festival","01.05.17"
NA,NA,"Croatia","I1701992",5,2017,NA,"fest.lib.id100","Europe","croatian animated film festival ","01.05.17"
NA,NA,"Japan","I1701992",6,2017,NA,"fest.lib.id1587","Latin America and Caribbean","short shorts film festival & asia","01.06.17"
NA,NA,"United States","I1701992",6,2017,NA,"fest.lib.id1359","North America","palm springs international shortfest","01.06.17"
NA,NA,"Russia","I1701992",6,2017,NA,"fest.lib.id6833","Europe","insomnia international animation film festival","01.06.17"
NA,NA,"United States","I1701992",6,2017,NA,"fest.lib.id.na338","North America","newport international film festival","01.06.17"
NA,NA,"Italy","I1701992",7,2017,NA,"fest.lib.id.survey.na654","Europe","umbria film festival","01.07.17"
NA,NA,"Italy","I1701992",8,2017,NA,"id519","Europe","imaginaria film festival","01.08.17"
NA,NA,"Brazil","I1701992",8,2017,NA,"fest.lib.id195","Latin America and Caribbean","belo horizonte film festival","01.08.17"
NA,NA,"Spain","I1701992",9,2017,NA,"fest.lib.id717","Europe","festival de cinema de girona","01.09.17"
NA,NA,"Spain","I1701992",9,2017,NA,"fest.lib.id267","Europe","international shortfilm festival of bueu","01.09.17"
NA,NA,"Serbia","I1701992",9,2017,NA,"fest.lib.id.survey.na406","Europe","international short film festival form","01.09.17"
NA,NA,"Australia","I1701992",9,2017,NA,"fest.lib.id.na27","Oceania","auburn international film festival","01.09.17"
NA,NA,"Spain","I1701992",9,2017,NA,"fest.lib.id568","Europe","fescigu - fest. cine solidario de guadalajara","01.09.17"
"criaturas award",NA,"Spain","I1701992",9,2017,NA,"fest.lib.id395","Europe","curtocircuito international short film festival, santiago de compostela","01.09.17"
NA,NA,"South Korea","I1701992",9,2017,NA,"fest.lib.id1570","Asia","seoul international extreme film festival","01.09.17"
NA,NA,"Spain","I1701992",10,2017,NA,"fest.lib.id7232","Europe","fantoche international animation festival badengerman speaking region","01.10.17"
NA,NA,"Spain","I1701992",10,2017,NA,"fest.lib.id.survey.na253","Europe","festival de cine de madrid pnr ","01.10.17"
NA,NA,"Hungary","I1701992",10,2017,NA,"fest.lib.id1414","Europe","primanima world festival of first animations, budapest","01.10.17"
NA,NA,"United States","I1701992",10,2017,NA,"fest.lib.id1809","North America","vermont international film festival","01.10.17"
NA,NA,"Brazil","I1701992",10,2017,NA,"fest.lib.id.survey.na26","Latin America and Caribbean","animasao festival","01.10.17"
NA,NA,"United States","I1701992",10,2017,NA,"fest.lib.id316","North America","chicago international children's film festival","01.10.17"
NA,NA,"France","I1701992",10,2017,NA,"fest.lib.id.survey.na92","Europe","chacun son court","01.10.17"
NA,NA,"Spain","I1701992",11,2017,NA,"fest.lib.id623","Europe","filmets badalona film festival","01.11.17"
NA,NA,"Armenia","I1701992",11,2017,NA,"fest.lib.id8310","Europe","sunchild yerevan","01.11.17"
"best environmental film",NA,"Germany","I1701992",11,2017,NA,"fest.lib.id.ch1897","Europe","interfilm international short film festival berlin","01.11.17"
NA,NA,"Greece","I1701992",11,2017,NA,"fest.lib.id.survey.na507","Europe","olympia international film festival","01.11.17"
NA,NA,"France","I1701992",12,2017,NA,"fest.lib.id1097","Europe","les nuits magiques begles","01.12.17"
NA,NA,"Russia","I1701992",12,2017,NA,"fest.lib.id.na281","Europe","kinoproba film festival","01.12.17"
NA,NA,"Italy","I1701992",1,2018,NA,"fest.lib.id1770","Europe","trieste film festival","01.01.18"
NA,NA,"Bangladesh","I1701992",1,2018,NA,"fest.lib.id8030","Asia","international children's film festival bangladesh","01.01.18"
NA,NA,"United States","I1701992",2,2018,NA,"imdbady01351","North America","providence children's film festival","01.02.18"
NA,NA,"United States","I1701992",3,2018,NA,"imdbady00801","North America","green mountain film festival","01.03.18"
NA,NA,"Netherlands","I1701992",3,2018,NA,"fest.lib.id725","Europe","go short international short film festival nijmegen","01.03.18"
NA,NA,"Laos","I1701992",3,2018,NA,"imdbady01696","Asia","vientianale international film festival","01.03.18"
NA,NA,NA,"I1701992",3,2018,NA,"fest.lib.id1479","Sub Saharan Africa","rencontres du film court de madagascar","01.03.18"
NA,NA,"Germany","I1701992",4,2018,NA,"fest.lib.id1899","Europe","dresden film festival","01.04.18"
"best east-european film",NA,"Germany","I1701992",4,2018,NA,"fest.lib.id.survey.na365","Europe","grenzlandfilmtage selb","01.04.18"
NA,NA,"United States","I1701992",4,2018,NA,"fest.lib.id1272","North America","newport beach film festival","01.04.18"
NA,NA,"United States","I1701992",4,2018,NA,"fest.lib.id.survey.na576","North America","roving eye international film festival","01.04.18"
NA,NA,"Croatia","I1701992",4,2018,NA,"fest.lib.id3166","Europe","vafi international children and youth festival","01.04.18"
NA,NA,"Germany","I1701992",4,2018,NA,"fest.lib.id1988","Europe","filmkunstfest mecklenburg-vorpommern","01.04.18"
"best animated film",NA,"Serbia","I1701992",5,2018,NA,"imdbady01350","Europe","prokuplje short film festival","01.05.18"
NA,NA,"Canada","I1701992",5,2018,NA,"fest.lib.id7577","North America","reel shorts film festival","01.05.18"
NA,NA,"Italy","I1701992",5,2018,NA,"fest.lib.id5534","Europe","corti da sogni, short film festival ravenna ","01.05.18"
NA,NA,"United States","I1701992",5,2018,NA,"fest.lib.id8055","Asia","green film festival","01.05.18"
NA,NA,"Switzerland","I1701992",6,2018,NA,"fest.lib.id534","Europe","black movie film festival","01.06.18"
NA,NA,"United States","I1701992",6,2018,NA,"fest.lib.id216","North America","brooklyn film festival","01.06.18"
NA,NA,"Bosnia & Herzegovina","I1701992",6,2018,NA,"imdbady01865","Europe","neum animated film festival","01.06.18"
NA,NA,"Italy","I1701992",6,2018,NA,"fest.lib.id1545","Europe","sardinia film festival","01.06.18"
NA,NA,"United States","I1701992",6,2018,NA,"fest.lib.id1359","North America","palm springs international shortfest","01.06.18"
NA,NA,"South Korea","I1701992",7,2018,NA,"fest.lib.id5832","Asia","seoul guro international kids film festival","01.07.18"
NA,NA,"United States","I1701992",7,2018,NA,"fest.lib.id6858","North America","san francisco frozen film festival","01.07.18"
NA,NA,"Germany","I1701992",7,2018,NA,"imdbady01198","Europe","naturvision filmfestival","01.07.18"
NA,NA,"Peru","I1701992",8,2018,NA,"fest.lib.id.survey.na648","Latin America and Caribbean","triunfo film festival","01.08.18"
"la grotta die piccoli award",NA,"Italy","I1701992",8,2018,NA,"fest.lib.id6734","Europe","la guarimba film festival","01.08.18"
NA,NA,"Germany","I1701992",8,2018,NA,"fest.lib.id.survey.na509","Europe","open air filmfest weiterstadt","01.08.18"
NA,NA,"Austria","I1701992",8,2018,NA,"fest.lib.id6122","Europe","alpinale short film festival","01.08.18"
NA,NA,"United States","I1701992",9,2018,NA,"imdbady02287","North America","conscious cartoons international animation festival","01.09.18"
NA,NA,"Canada","I1701992",9,2018,NA,"fest.lib.id7541","North America","carrousel international du film de rimouski","01.09.18"
NA,NA,"Hungary","I1701992",9,2018,NA,"fest.lib.id.na266","Europe","jameson cinefest miskolc international film festival","01.09.18"
NA,NA,"Puerto Rico","I1701992",9,2018,NA,"imdbady00630","Latin America and Caribbean","festival internacional de cine fine arts","01.09.18"
NA,NA,"Italy","I1701992",10,2018,NA,"fest.lib.id1560","Europe","sedicicorto international film festival","01.10.18"
NA,NA,"Colombia","I1701992",10,2018,NA,"fest.lib.id229","Latin America and Caribbean","bogota film festival","01.10.18"
NA,NA,"Italy","I1701992",10,2018,NA,"fest.lib.id.survey.na560","Europe","reggio film festival","01.10.18"
NA,NA,"Romania","I1701992",11,2018,NA,"fest.lib.id822","Europe","ffest cluj","01.11.18"
NA,NA,"Lebanon","I1701992",11,2018,NA,"fest.lib.id1772","MENA","tripoli international film festival","01.11.18"
NA,NA,"Spain","I1701992",11,2018,NA,"fest.lib.id484","Europe","el meu primer festival","01.11.18"
NA,NA,"France","I1701992",11,2018,NA,"fest.lib.id.survey.na136","Europe","court, c'est court, les mes rencontres autour du court metrage de cabrieres d'avignon","01.11.18"
NA,NA,"Canada","I1701992",11,2018,NA,"fest.lib.id1491","North America","montreal international documentary festival","01.11.18"
NA,NA,"Spain","I1701992",11,2018,NA,"fest.lib.id9344","Europe","mostra curtas de noia","01.11.18"
NA,NA,"Brazil","I1701992",11,2018,NA,"fest.lib.id.na323","Latin America and Caribbean","mumia bolivia animation film festival","01.11.18"
NA,NA,"Spain","I1701992",11,2018,NA,"fest.lib.id1017","Europe","barcelona independent film festival l'alternativa","01.11.18"
NA,NA,"United States","I1701992",12,2018,NA,"imdbady00057","North America","anchorage international film festival","01.12.18"
NA,NA,"Spain","I1701992",NA,2018,NA,"fest.lib.id.survey.na228","Europe","festimatge",NA
NA,NA,"Russia","I1701992",NA,2018,NA,"fest.lib.id8653","Europe","baikal film festival irkutsk",NA
NA,NA,"United States","I1701992",6,2019,NA,"fest.lib.id5699","North America","southside film festival","01.06.19"
NA,NA,"South Africa","I1701992",10,2019,NA,"imdbady00277","Subsaharan Africa","cape town international film festival","01.10.19"
NA,NA,"Spain","I1701992",NA,2019,NA,"fest.lib.id1500","Europe","festival cortos rodinia",NA
NA,NA,"Czechia","I1702104",5,2016,3,"fest.lib.id885","Europe","anifilm international festival of animated films","01.05.16"
NA,NA,"Czechia","I1702104",5,2016,NA,"fest.lib.id1883","Europe","zlin international film festival for children and youth","01.05.16"
NA,NA,"France","I1702104",5,2016,NA,"fest.lib.id285","Europe","cannes international film festival","01.05.16"
NA,NA,"France","I1702104",6,2016,13,"fest.lib.id117","Europe","annecy international animation film festival","01.06.16"
NA,NA,"Bulgaria","I1702104",6,2016,NA,"fest.lib.id843","Europe","in the palace  international short film festival","01.06.16"
NA,NA,"South Korea","I1702104",7,2016,21,"fest.lib.id.survey.na551","Asia","puchon international student animation festival pisaf","01.07.16"
NA,NA,"Mexico","I1702104",7,2016,NA,"fest.lib.id3831","Latin America and Caribbean","festival international de cine expression en corto","01.07.16"
NA,NA,"Kosovo","I1702104",8,2016,5,"fest.lib.id6250","Europe","dokufest international documentary and short film festival","01.08.16"
NA,NA,"Germany","I1702104",8,2016,11,"fest.lib.id.survey.na509","Europe","open air filmfest weiterstadt","01.08.16"
NA,NA,"Brazil","I1702104",8,2016,24,"fest.lib.id1541","Latin America and Caribbean","sao paulo international short film festival","01.08.16"
NA,NA,"Canada","I1702104",8,2016,24,"fest.lib.id.na172","North America","festival international de cinema et d'art de perce ""les perceides""","01.08.16"
NA,NA,"Finland","I1702104",8,2016,25,"imdbady01665","Asia","turku animated film festival","01.08.16"
NA,NA,"Bulgaria","I1702104",9,2016,7,"fest.lib.id1860","Europe","varna world festival of animated film ","01.09.16"
NA,NA,"Canada","I1702104",9,2016,14,"fest.lib.id1434","North America","quebec city film festival","01.09.16"
NA,NA,"Canada","I1702104",9,2016,21,"fest.lib.id1329","North America","ottawa international animation festival","01.09.16"
NA,NA,"Canada","I1702104",9,2016,21,"fest.lib.id7541","North America","carrousel international du film de rimouski","01.09.16"
NA,NA,"Greece","I1702104",9,2016,22,"fest.lib.id.survey.na41","Europe","athens international film festival","01.09.16"
NA,NA,"South Korea","I1702104",9,2016,29,"fest.lib.id1570","Asia","seoul international extreme film festival","01.09.16"
NA,NA,"Russia","I1702104",9,2016,30,"fest.lib.id998","Europe","international animated film fest krok","01.09.16"
NA,NA,"Spain","I1702104",10,2016,3,"fest.lib.id395","Europe","curtocircuito international short film festival, santiago de compostela","01.10.16"
NA,NA,"Serbia","I1702104",10,2016,4,"fest.lib.id9338","Europe","balkanima festival","01.10.16"
NA,NA,"Switzerland","I1702104",10,2016,6,"fest.lib.id108","Europe","animatou festival international du film d'animation","01.10.16"
NA,NA,"Luxembourg","I1702104",10,2016,6,"fest.lib.id.survey.na108","Europe","cineast film festival","01.10.16"
NA,NA,"Spain","I1702104",10,2016,6,"fest.lib.id.survey.na4","Europe","3d wire animation market","01.10.16"
NA,NA,"Romania","I1702104",10,2016,7,"fest.lib.id111","Europe","anim'est bucharest international animation festival","01.10.16"
NA,NA,"Georgia","I1702104",10,2016,13,"fest.lib.id9773","Asia","international festival of animated films tofuzi","01.10.16"
NA,NA,"France","I1702104",10,2016,14,"fest.lib.id1276","Europe","nice short film festival","01.10.16"
NA,NA,"Hungary","I1702104",10,2016,19,"fest.lib.id1414","Europe","primanima world festival of first animations, budapest","01.10.16"
NA,NA,"South Korea","I1702104",10,2016,21,"fest.lib.id.survey.na551","Asia","puchon international student animation festival pisaf","01.10.16"
NA,NA,"Sweden","I1702104",10,2016,24,"fest.lib.id1795","Europe","uppsala international short film festival","01.10.16"
NA,NA,"Netherlands","I1702104",10,2016,25,"fest.lib.id993","Europe","klik amsterdam animation festival","01.10.16"
NA,NA,"Russia","I1702104",10,2016,27,"fest.lib.id.survey.na65","Europe","big cartoon festival moscow","01.10.16"
NA,NA,"Armenia","I1702104",10,2016,28,"fest.lib.id1456","Europe","reanimania international animation film festival","01.10.16"
NA,NA,"Portugal","I1702104",11,2016,7,"fest.lib.id318","Europe","cinanima - international animated film festival","01.11.16"
NA,NA,"Switzerland","I1702104",11,2016,8,"fest.lib.id1848","Europe","internationale kurzfilmtage winterthur","01.11.16"
NA,NA,"Croatia","I1702104",11,2016,12,"fest.lib.id1875","Europe","zagreb film festival","01.11.16"
NA,NA,"Germany","I1702104",11,2016,14,"fest.lib.id.ch1897","Europe","interfilm international short film festival berlin","01.11.16"
NA,NA,"France","I1702104",11,2016,23,"fest.lib.id1569","Europe","festival international sequence court-metrage, toulouse","01.11.16"
NA,NA,"Russia","I1702104",12,2016,1,"fest.lib.id.na281","Europe","kinoproba film festival","01.12.16"
NA,NA,"United Kingdom","I1702104",12,2016,2,"fest.lib.id1035","Europe","liaf london international animation festival","01.12.16"
NA,NA,"Slovenia","I1702104",12,2016,5,"fest.lib.id103","Europe","animateka international animated film festival","01.12.16"
NA,NA,"Colombia","I1702104",12,2016,6,"fest.lib.id231","Latin America and Caribbean","bogota short film festival","01.12.16"
NA,NA,"France","I1702104",12,2016,10,"fest.lib.id1027","Europe","les arcs film festival","01.12.16"
NA,NA,"Italy","I1702104",12,2016,28,"fest.lib.id.survey.na30","Europe","animazione piccolo festival dell'animazione, roggiuzzole","01.12.16"
NA,NA,"Switzerland","I1702104",1,2017,20,"fest.lib.id534","Europe","black movie film festival","01.01.17"
NA,NA,"France","I1702104",2,2017,3,"fest.lib.id364","Europe","clermont-ferrand international film festival","01.02.17"
NA,NA,"India","I1702104",2,2017,12,"fest.lib.id1388","Asia","piff pune international film festival","01.02.17"
NA,NA,"United States","I1702104",3,2017,2,"fest.lib.id243","North America","boulder international film festival","01.03.17"
NA,NA,"Cambodia","I1702104",3,2017,4,"fest.lib.id.na70","Asia","cambodia film festival","01.03.17"
NA,NA,"Spain","I1702104",3,2017,14,"fest.lib.id1124","Europe","mecal barcelona international short and animation film festival","01.03.17"
NA,NA,"Germany","I1702104",3,2017,15,"fest.lib.id1972","Europe","regensburg short film week","01.03.17"
NA,NA,"Canada","I1702104",3,2017,15,"fest.lib.id.survey.na559","North America","regard - international short film festival","01.03.17"
NA,NA,"Germany","I1702104",3,2017,15,"fest.lib.id.na296","Europe","landshuter kurzfilmfestival","01.03.17"
NA,NA,"Portugal","I1702104",3,2017,16,"fest.lib.id1174","Europe","monstra lisbon animated film festival","01.03.17"
NA,NA,"Lithuania","I1702104",3,2017,18,"fest.lib.id.na473","Europe","vilnius international film festival","01.03.17"
NA,NA,"Laos","I1702104",3,2017,22,"imdbady01696","Asia","vientianale international film festival","01.03.17"
NA,NA,"Belgium","I1702104",3,2017,24,"fest.lib.id96","Europe","anima brussels festival","01.03.17"
NA,NA,"Hungary","I1702104",3,2017,29,"fest.lib.id8298","Europe","friss hus budapest","01.03.17"
NA,NA,"Germany","I1702104",4,2017,4,"fest.lib.id1899","Europe","dresden film festival","01.04.17"
NA,NA,"Hong Kong SAR China","I1702104",4,2017,11,"fest.lib.id763","Asia","hong kong international film festival","01.04.17"
NA,NA,"Russia","I1702104",4,2017,19,"imdbady01002","Europe","kyiv international short film festival","01.04.17"
NA,NA,"Germany","I1702104",4,2017,20,"fest.lib.id.survey.na365","Europe","grenzlandfilmtage selb","01.04.17"
NA,NA,NA,"I1702104",4,2017,22,"fest.lib.id1479","Sub Saharan Africa","rencontres du film court de madagascar","01.04.17"
NA,NA,"Germany","I1702104",4,2017,25,"fest.lib.id7773","Europe","cellu art","01.04.17"
NA,NA,"Germany","I1702104",4,2017,26,"fest.lib.id.survey.na330","Europe","filmfest osnabrueck/goeast","01.04.17"
NA,NA,"Lebanon","I1702104",4,2017,27,"fest.lib.id1772","MENA","tripoli international film festival","01.04.17"
NA,NA,"Czechia","I1702104",4,2017,28,"imdbady02268","Europe","cinema on the border film festival","01.04.17"
NA,NA,"Germany","I1702104",5,2017,2,"fest.lib.id1891","Europe","itfs internationales trickfilm-festival stuttgart","01.05.17"
NA,NA,"Portugal","I1702104",5,2017,3,"fest.lib.id2024","Europe","indielisboa","01.05.17"
NA,NA,"Germany","I1702104",5,2017,9,"fest.lib.id.survey.na494","Europe","neisse filmfestival","01.05.17"
NA,NA,"Japan","I1702104",6,2017,1,"fest.lib.id1587","Latin America and Caribbean","short shorts film festival & asia","01.06.17"
NA,NA,"Austria","I1702104",6,2017,1,"fest.lib.id.survey.na667","Europe","vienna independent shorts, animation avantgarde","01.06.17"
NA,NA,"Croatia","I1702104",6,2017,5,"fest.lib.id100","Europe","croatian animated film festival ","01.06.17"
NA,NA,"Spain","I1702104",6,2017,5,"id519","Europe","imaginaria film festival","01.06.17"
NA,NA,"France","I1702104",6,2017,6,"fest.lib.id.na114","Europe","detours en cine court","01.06.17"
NA,NA,"Portugal","I1702104",6,2017,19,"fest.lib.id1254","North America","new directors new films","01.06.17"
NA,NA,"Brazil","I1702104",6,2017,26,"fest.lib.id98","Latin America and Caribbean","anima mundi","01.06.17"
NA,NA,"Slovakia","I1702104",6,2017,29,"fest.lib.id.na141","Europe","fest anca international animation festival","01.06.17"
NA,NA,"Spain","I1702104",6,2017,NA,"fest.lib.id.survey.na474","Europe","mostra de curtmetratges dr. mabuse‚äö√ñ√∂‚àö√ë‚àö¬®‚äö√†√∂‚äö√¢‚ä† ","01.06.17"
NA,NA,"Canada","I1702104",7,2017,13,"fest.lib.id510","North America","fantasia film festival","01.07.17"
NA,NA,"Russia","I1702104",7,2017,13,"fest.lib.id6833","Europe","insomnia international animation film festival","01.07.17"
NA,NA,"Italy","I1702104",7,2017,21,"fest.lib.id.na294","Europe","lago film fest","01.07.17"
NA,NA,"Czechia","I1702104",8,2017,2,"imdbady02001","Europe","slavonice fest","01.08.17"
NA,NA,"France","I1702104",8,2017,25,"fest.lib.id.na327","Europe","nancy-lorraine international film festival","01.08.17"
NA,NA,"France","I1702104",9,2017,15,"fest.lib.id1655","Europe","strasbourg european fantastic film festival","01.09.17"
NA,NA,"Australia","I1702104",10,2017,5,"fest.lib.id7100","Oceania","heart of gold international film festival","01.10.17"
NA,NA,"Germany","I1702104",10,2017,26,"fest.lib.id1983","Europe","international weekend of animation wiesbaden","01.10.17"
NA,NA,"Spain","I1702104",11,2017,3,"fest.lib.id.na405","Europe","seville european film festival","01.11.17"
NA,NA,"Mexico","I1702104",11,2017,9,"fest.lib.id396","Latin America and Caribbean","cutout fest","01.11.17"
NA,NA,"Brazil","I1702104",11,2017,10,"fest.lib.id.na12","Latin America and Caribbean","animage international animation festival of pernambuco","01.11.17"
NA,NA,"Estonia","I1702104",11,2017,22,"fest.lib.id7530","Europe","tallinn black nights film festival","01.11.17"
NA,NA,"United States","I1702104",12,2017,1,"imdbady00057","North America","anchorage international film festival","01.12.17"
NA,NA,"Greece","I1702752",9,2016,NA,"fest.lib.id922","Europe","drama international short film festival","01.09.16"
NA,NA,"France","I1702752",2,2017,NA,"fest.lib.id364","Europe","clermont-ferrand international film festival","01.02.17"
NA,NA,"Lithuania","I1702752",3,2017,NA,"fest.lib.id.na473","Europe","vilnius international film festival","01.03.17"
NA,NA,"South Korea","I1702752",5,2017,NA,"fest.lib.id223","Asia","busan international short film festival","01.05.17"
NA,NA,"United States","I1702752",6,2017,NA,"fest.lib.id1075","North America","los angeles greek film festival","01.06.17"
NA,NA,"Slovakia","I1702752",6,2017,NA,"fest.lib.id132","Europe","art film fest international film festival trencianske teplice","01.06.17"
NA,NA,"Italy","I1702752",7,2017,NA,"fest.lib.id.na294","Europe","lago film fest","01.07.17"
NA,NA,"Greece","I1702752",9,2017,NA,"fest.lib.id.survey.na41","Europe","athens international film festival","01.09.17"
NA,NA,"Greece","I1702752",NA,2017,NA,"fest.lib.id5903","Europe","psarokokalo filmfest",NA
NA,NA,"France","I1702989",2,2017,NA,"fest.lib.id364","Europe","clermont-ferrand international film festival","01.02.17"
NA,NA,"United States","I1702989",3,2017,NA,"fest.lib.id7573","North America","vail film festival","01.03.17"
NA,NA,"China","I1702989",11,2017,NA,"fest.lib.id.survey.na58","Asia","beijing first short film festival","01.11.17"
NA,NA,"France","I1704092",2,2017,3,"fest.lib.id364","Europe","clermont-ferrand international film festival","01.02.17"
NA,NA,"Canada","I1704092",3,2017,15,"fest.lib.id.survey.na559","North America","regard - international short film festival","01.03.17"
NA,NA,"United Kingdom","I1704092",3,2017,15,"fest.lib.id7565","Europe","glasgow short film festival","01.03.17"
NA,NA,"Germany","I1704092",3,2017,15,"fest.lib.id1972","Europe","regensburg short film week","01.03.17"
NA,NA,"Denmark","I1704092",3,2017,16,"fest.lib.id389","Europe","cph pix","01.03.17"
NA,NA,"Poland","I1704092",3,2017,21,"imdbady01502","Europe","short waves festival","01.03.17"
NA,NA,"Spain","I1704092",3,2017,29,"fest.lib.id517","Europe","fec european short film festival","01.03.17"
NA,NA,"Netherlands","I1704092",4,2017,5,"fest.lib.id725","Europe","go short international short film festival nijmegen","01.04.17"
NA,NA,"United States","I1704092",4,2017,20,"fest.lib.id1239","North America","nashville film festival","01.04.17"
NA,NA,"South Korea","I1704092",4,2017,25,"fest.lib.id223","Asia","busan international short film festival","01.04.17"
NA,NA,"Finland","I1704092",5,2017,5,"fest.lib.id495","Europe","espoo film festival","01.05.17"
NA,NA,"Austria","I1704092",6,2017,1,"fest.lib.id.survey.na667","Europe","vienna independent shorts, animation avantgarde","01.06.17"
NA,NA,"Norway","I1704092",6,2017,14,"fest.lib.id1292","Europe","the norwegian short film festival","01.06.17"
NA,NA,"Spain","I1704092",6,2017,26,"imdbady02361","Europe","atlantida film fest","01.06.17"
NA,NA,"Croatia","I1704092",7,2017,6,"fest.lib.id1667","Europe","tabor film festival","01.07.17"
NA,NA,"Spain","I1704092",10,2017,20,"fest.lib.id623","Europe","filmets badalona film festival","01.10.17"
NA,NA,"United Kingdom","I1704092",11,2017,1,"fest.lib.id1039","Europe","leedsfilmfest","01.11.17"
NA,NA,"France","I1704092",11,2017,22,"fest.lib.id1569","Europe","festival international sequence court-metrage, toulouse","01.11.17"
NA,NA,"Germany","I1704092",11,2017,NA,"fest.lib.id.ch1897","Europe","interfilm international short film festival berlin","01.11.17"
NA,NA,"Poland","I1704092",3,2018,20,"imdbady01502","Europe","short waves festival","01.03.18"
NA,NA,"Germany","I1704092",4,2018,24,"fest.lib.id7773","Europe","cellu art","01.04.18"
NA,NA,"Belgium","I1704092",4,2018,28,"fest.lib.id264","Europe","brussels short film festival","01.04.18"
NA,NA,"Norway","I1704948",6,2016,NA,"fest.lib.id1292","Europe","the norwegian short film festival","01.06.16"
NA,NA,"Sweden","I1704948",9,2016,NA,"fest.lib.id.na343","Europe","nordisk panorama film festival","01.09.16"
"best design award",NA,"Canada","I1704948",9,2016,NA,"fest.lib.id1329","North America","ottawa international animation festival","01.09.16"
NA,NA,"Norway","I1704948",10,2016,NA,"imdbady01376","Europe","ramaskrik film festival","01.10.16"
NA,NA,"United States","I1704948",11,2016,NA,"fest.lib.id8269","North America","sweaty eyeballs animation invitational","01.11.16"
"grand prix, audience award",NA,"Norway","I1704948",11,2016,NA,"fest.lib.id.survey.na344","Europe","fredrikstad animation festival","01.11.16"
NA,NA,"France","I1704948",2,2017,NA,"fest.lib.id364","Europe","clermont-ferrand international film festival","01.02.17"
NA,NA,"Finland","I1704948",3,2017,NA,"fest.lib.id1680","Europe","tampere film festival","01.03.17"
NA,NA,"France","I1704948",3,2017,NA,"fest.lib.id.na82","Europe","cine-court anime roanne","01.03.17"
NA,NA,"Netherlands","I1704948",3,2017,NA,"fest.lib.id750","Europe","haff holland animation film festival","01.03.17"
NA,NA,"Lithuania","I1704948",3,2017,NA,"fest.lib.id.na473","Europe","vilnius international film festival","01.03.17"
NA,NA,"Spain","I1704948",3,2017,NA,"fest.lib.id517","Europe","fec european short film festival","01.03.17"
NA,NA,"Netherlands","I1704948",3,2017,NA,"fest.lib.id725","Europe","go short international short film festival nijmegen","01.03.17"
NA,NA,"United States","I1704948",4,2017,NA,"fest.lib.id7487","North America","florida film festival","01.04.17"
NA,NA,"Germany","I1704948",4,2017,NA,"fest.lib.id1891","Europe","itfs internationales trickfilm-festival stuttgart","01.04.17"
NA,NA,"Czechia","I1704948",5,2017,NA,"fest.lib.id885","Europe","anifilm international festival of animated films","01.05.17"
NA,NA,"Croatia","I1704948",5,2017,NA,"fest.lib.id100","Europe","croatian animated film festival ","01.05.17"
NA,NA,"France","I1704948",6,2017,NA,"fest.lib.id117","Europe","annecy international animation film festival","01.06.17"
NA,NA,"Mexico","I1704948",6,2017,NA,"fest.lib.id396","Latin America and Caribbean","cutout fest","01.06.17"
NA,NA,"United States","I1704948",6,2017,NA,"fest.lib.id1359","North America","palm springs international shortfest","01.06.17"
NA,NA,"France","I1704948",7,2017,NA,"fest.lib.id1251","Europe","neuchatel international fantastic film festival","01.07.17"
"best animated short",NA,"Mexico","I1704948",7,2017,NA,"fest.lib.id3831","Latin America and Caribbean","festival international de cine expression en corto","01.07.17"
NA,NA,"Brazil","I1704948",8,2017,NA,"fest.lib.id98","Latin America and Caribbean","anima mundi","01.08.17"
NA,NA,"Spain","I1704948",8,2017,NA,"id519","Europe","imaginaria film festival","01.08.17"
NA,NA,"Estonia","I1704948",8,2017,NA,"imdbady00810","Europe","haapsalu horror and fantasy film festival","01.08.17"
NA,NA,"Canada","I1704948",8,2017,NA,"fest.lib.id510","North America","fantasia film festival","01.08.17"
NA,NA,"Denmark","I1704948",8,2017,NA,"fest.lib.id1299","Europe","off - odense international film festival","01.08.17"
NA,NA,"Netherlands","I1704948",9,2017,NA,"fest.lib.id.na68","Europe","but - b-movie underground and trash film festival","01.09.17"
"best animated short, silver melies",NA,"France","I1704948",9,2017,NA,"fest.lib.id1655","Europe","strasbourg european fantastic film festival","01.09.17"
NA,NA,"Brazil","I1704948",9,2017,NA,"fest.lib.id.na12","Latin America and Caribbean","animage international animation festival of pernambuco","01.09.17"
"honorable mention",NA,"United States","I1704948",10,2017,NA,"fest.lib.id1239","North America","nashville film festival","01.10.17"
NA,NA,"South Korea","I1704948",10,2017,NA,"fest.lib.id.survey.na551","Asia","puchon international student animation festival pisaf","01.10.17"
NA,NA,"Spain","I1704948",10,2017,NA,"fest.lib.id.survey.na4","Europe","3d wire animation market","01.10.17"
NA,NA,"Italy","I1704948",10,2017,NA,"fest.lib.id.survey.na560","Europe","reggio film festival","01.10.17"
NA,NA,"Russia","I1704948",11,2017,NA,"fest.lib.id7967","Europe","multivision festival saint petersburg","01.11.17"
NA,NA,"France","I1704948",11,2017,NA,"fest.lib.id.na471","Europe","european international short film festival villeurbanne","01.11.17"
NA,NA,"France","I1704948",11,2017,NA,"fest.lib.id.na104","Europe","courts devant festival","01.11.17"
NA,NA,"United Kingdom","I1704948",11,2017,NA,"fest.lib.id1039","Europe","leedsfilmfest","01.11.17"
NA,NA,"Estonia","I1704948",11,2017,NA,"fest.lib.id7530","Europe","tallinn black nights film festival","01.11.17"
"best film (international competition)",NA,"Germany","I1704948",11,2017,NA,"fest.lib.id.ch1897","Europe","interfilm international short film festival berlin","01.11.17"
NA,NA,"Spain","I1704948",2,2018,NA,"fest.lib.id99","Europe","animac","01.02.18"
NA,NA,"Germany","I1704948",3,2018,NA,"fest.lib.id.na296","Europe","landshuter kurzfilmfestival","01.03.18"
NA,NA,"Germany","I1704948",4,2018,NA,"fest.lib.id1899","Europe","dresden film festival","01.04.18"
NA,NA,"Germany","I1704948",4,2018,NA,"fest.lib.id1891","Europe","itfs internationales trickfilm-festival stuttgart","01.04.18"
"skeptyricon special award",NA,"Italy","I1704948",4,2018,NA,"fest.lib.id1615","Europe","skepto international film festival","01.04.18"
NA,NA,"Australia","I1704948",6,2018,NA,"fest.lib.id1146","Oceania","miaf 4, melbourne","01.06.18"
NA,NA,"Ukraine","I1704948",9,2018,NA,"fest.lib.id998","Europe","international animated film fest krok","01.09.18"
NA,NA,"Switzerland","I1704948",10,2018,NA,"fest.lib.id.na408","Europe","shnit international short film festival buenos aires","01.10.18"
NA,NA,"Germany","I1704948",9,2019,NA,"fest.lib.id1892","Europe","hamburg international short film festival","01.09.19"
NA,NA,"France","I1705285",2,2017,NA,"fest.lib.id364","Europe","clermont-ferrand international film festival","01.02.17"
NA,NA,"Netherlands","I1705285",3,2017,NA,"fest.lib.id725","Europe","go short international short film festival nijmegen","01.03.17"
NA,NA,"Canada","I1705285",3,2017,NA,"fest.lib.id.survey.na559","North America","regard - international short film festival","01.03.17"
NA,NA,"Belgium","I1705285",3,2017,NA,"fest.lib.id.survey.na325","Europe","film festival cine prive in gent","01.03.17"
"silver lynx award",NA,"Portugal","I1705285",6,2017,NA,"fest.lib.id1254","North America","new directors new films","01.06.17"
NA,NA,"Cyprus","I1705285",6,2017,NA,"fest.lib.id9345","Europe","countryside animafest cyprus","01.06.17"
NA,NA,"Brazil","I1705285",8,2017,NA,"fest.lib.id98","Latin America and Caribbean","anima mundi","01.08.17"
NA,NA,"Romania","I1705285",9,2017,NA,"fest.lib.id111","Europe","anim'est bucharest international animation festival","01.09.17"
NA,NA,"Belgium","I1705285",9,2017,NA,"fest.lib.id1234","Europe","namur international french-language film festival","01.09.17"
NA,NA,"Spain","I1705285",10,2017,NA,"fest.lib.id.survey.na4","Europe","3d wire animation market","01.10.17"
NA,NA,"Turkey","I1705285",10,2017,NA,"imdbady00204","Asia","bogazici film festival","01.10.17"
NA,NA,"Lebanon","I1705285",11,2017,NA,"fest.lib.id1772","MENA","tripoli international film festival","01.11.17"
NA,NA,"Poland","I1705285",11,2017,NA,"fest.lib.id497","Europe","etiuda&anima international film festival","01.11.17"
NA,NA,"France","I1705285",3,2018,NA,"fest.lib.id.na82","Europe","cine-court anime roanne","01.03.18"
NA,NA,"Portugal","I1705285",3,2018,NA,"fest.lib.id1174","Europe","monstra lisbon animated film festival","01.03.18"
NA,NA,"United States","frnew700",6,2017,NA,"imdbady01950","North America","lgbtq shorts film festival","01.06.17"
NA,NA,"China","frnew700",4,2018,NA,"imdbady01951","Asia","cinemq","01.04.18"
NA,NA,NA,"frnew754",NA,NA,NA,"imdbady00406",NA,"golden woofs bear short film competition",NA
NA,NA,"Germany","idfnew1890",5,2018,15,"fest.lib.id.survey.na494","Europe","neisse filmfestival","01.05.18"
NA,NA,"United States","tffnew2042",3,NA,NA,"imdbady01431","North America","salem film festival",NA
NA,NA,"Ukraine","idfnew1252",9,2016,NA,"imdbady02254","Europe","truedoc documentary festival","01.09.16"
NA,NA,NA,"idfnew1378",NA,2017,NA,"imdbady02275",NA,"docs & talks",NA
NA,"nagpur","India","idfnew1252",12,2016,30,"imdbady02249","Asia","meliorist film festival","01.12.16"
"best student film","nairobi","Kenya","tffnew473",8,2010,9,"imdbady01842","Sub Saharan Africa","lola kenya screen","01.08.10"
NA,"namur","Belgium","46",9,2013,NA,"fest.lib.id1234","Europe","namur international french-language film festival",NA
NA,"namur","Belgium","1335",9,2013,27,"fest.lib.id1234","Europe","namur international french-language film festival",NA
NA,"nancy","France","1641",8,2013,13,"fest.lib.id.na327","Europe","nancy-lorraine international film festival",NA
NA,"nancy","France","1641",8,2013,31,"fest.lib.id.na327","Europe","nancy-lorraine international film festival",NA
NA,"nantes","France","879",10,2013,20,"fest.lib.id.survey.na445","Europe","les utopiales, nantes",NA
NA,"nantes","France","frnew823",5,2015,27,"imdbady00374","Europe","cinépride film festival, nantes","01.05.15"
"people’s choice award","naoussa","Greece","tffnew473",9,2010,30,"fest.lib.id1238","Europe","naoussa international film festival","01.09.10"
NA,"naples","Italy","frnew754",12,2014,NA,"fest.lib.id1304","Europe","omovie queer ff","01.12.14"
NA,"naqsh","Bahrain","416",10,2014,15,"fest.lib.id3618","MENA","naqsh short film festival",NA
NA,"nashville","United States","123",10,2013,20,"fest.lib.id1239","North America","nashville film festival",NA
"Best Live Action Short","nashville","United States","507",10,2013,25,"fest.lib.id1239","North America","nashville film festival",NA
NA,"nashville","United States","998",4,2014,NA,"fest.lib.id1239","North America","nashville film festival",NA
NA,"nashville","United States","1335",10,2014,17,"fest.lib.id1239","North America","nashville film festival",NA
NA,"nashville","United States","frnew482",4,2014,17,"fest.lib.id1239","North America","nashville film festival","01.04.14"
NA,"nazareth","Israel","idfnew1252",5,2016,NA,"imdbady02259","MENA","near nazareth festival","01.05.16"
NA,"neisse","Germany","334",5,2013,NA,"fest.lib.id.survey.na494","Europe","neisse filmfestival","01.05.13"
NA,"nenzing","Austria","416",8,2013,6,"fest.lib.id6122","Europe","alpinale short film festival",NA
"Bester Kurzfilm Hochschule","nenzing","Austria","507",8,2012,10,"fest.lib.id6122","Europe","alpinale short film festival",NA
"Best Animation Shortfilm Award","nenzing","Austria","1537",8,NA,NA,"fest.lib.id6122","Europe","alpinale short film festival",NA
NA,"neum","Bosnia & Herzegovina","tffnew473",6,2010,26,"imdbady01865","Europe","neum animated film festival","01.06.10"
"Best of the Festival Award,","new delhi","India","278",1,2014,30,"fest.lib.id9036","Asia","cms vatavaran environment and wildlife film festival",NA
"Best Feature Documentary","new delhi","India","278",12,2014,13,"fest.lib.id5346","Asia","jeevika: asia livelihood documentary festival",NA
NA,"new delhi","India","278",9,2015,17,"fest.lib.id1857","Asia","the woodpecker film festival and forum",NA
"Winner: Best of Fest Award, Best Cinematography Award","new delhi","India","763",1,2015,20,"fest.lib.id9036","Asia","cms vatavaran environment and wildlife film festival",NA
NA,"new delhi","India","763",3,2015,20,"fest.lib.id2121","Asia","asian women's film festival",NA
NA,"new delhi","India","idfnew1252",4,2016,NA,"fest.lib.id.survey.na149","Asia","daba saheb film festival","01.04.16"
NA,"new hampshire","United States","507",10,2012,12,"fest.lib.id7550","North America","new hampshire film festival",NA
NA,"new orleans","United States","761",10,2014,10,"fest.lib.id1259","North America","new orleans film festival",NA
NA,"new orleans","United States","1658",10,2013,20,"fest.lib.id1259","North America","new orleans film festival",NA
"-99","new south wales","Australia","I1503509",3,2014,NA,"fest.lib.id6703","Oceania","byron bay international film festival","01.03.14"
NA,"new york","United States","507",6,2011,25,"fest.lib.id.survey.na129","North America","columbia university, film festival",NA
"-99","new york","United States","f8309",10,2016,7,"fest.lib.id1296","North America","nyff new york film festival","01.10.16"
NA,"new york","United States","1031",3,2013,NA,"fest.lib.id.survey.na336","North America","first time fest","01.03.13"
NA,"new york","United States","idfnew1285",4,2016,7,"imdbady02341","North America","havana film festival new york","01.04.16"
NA,"new york","United States","tffnew2042",11,2016,10,"fest.lib.id436","North America","doc nyc","01.11.16"
NA,"new york","United States","tffnew2042",12,2016,1,"fest.lib.id1328","North America","other israel film festival","01.12.16"
NA,"new york city","United States","663",11,2012,11,"fest.lib.id1168","North America","mixnyc new york queer experimental film festival",NA
NA,"new york city","United States","879",5,2013,20,"fest.lib.id4689","North America","rooftop films",NA
NA,"new york city","United States","879",11,2014,20,"fest.lib.id1168","North America","mixnyc new york queer experimental film festival",NA
NA,"new york city","United States","998",5,2014,NA,"fest.lib.id1260","North America","new york african film festival",NA
NA,"new york city","United States","1051",3,NA,NA,"fest.lib.id1254","North America","new directors new films",NA
NA,"new york city","United States","1051",11,NA,NA,"fest.lib.id436","North America","doc nyc",NA
NA,"new york city","United States","1143",7,2014,10,"fest.lib.id4233","North America","japan cuts",NA
NA,"new york city","United States","1162",7,2012,20,"fest.lib.id8617","North America","asian american international film festival",NA
NA,"new york city","United States","1184",3,2014,NA,"fest.lib.id7497","North America","new york children film festival",NA
NA,"new york city","United States","1520",4,2013,20,"fest.lib.id.na40","North America","befilm the underground film festival",NA
"-99","new york city","United States","f17027",9,2012,NA,"fest.lib.id1296","North America","nyff new york film festival","01.09.12"
"winner: best short film","new york city","United States","frnew382",7,2012,27,"fest.lib.id.na333","North America","new fest","01.07.12"
NA,"new york city","United States","frnew382",8,2012,9,"fest.lib.id1264","North America","new york city international film festival","01.08.12"
"winner: best lgbt film","new york city","United States","frnew382",9,2012,28,"fest.lib.id1267","North America","new york international short film festival","01.09.12"
NA,"new york city","United States","frnew754",4,2015,23,"imdbady01789","North America","bad film fest","01.04.15"
NA,"new york city","United States","frnew754",10,NA,NA,"imdbady01067","North America","long island gay and lesbian film festival",NA
"usa-premiere","new york city","United States","idfnew1499",10,2017,19,"imdbady01110","North America","margaret mead film festival","01.10.17"
NA,"new york city","United States","tffnew1199",2,2015,13,"fest.lib.id.survey.na175","North America","documentary fortnight moma","01.02.15"
NA,"new york city","United States","tffnew2042",12,2016,1,"fest.lib.id1328","North America","other israel film festival","01.12.16"
"best animation","new york city","United States","tffnew473",11,2010,11,"imdbady01837","North America","new york eurasian film festival","01.11.10"
NA,"new york city","United States","tffnew2054",9,2016,25,"fest.lib.id1296","North America","nyff new york film festival","01.09.16"
NA,"new zealand","New Zealand","942",5,NA,NA,"fest.lib.id6061","Oceania","documentary edge festival",NA
NA,"newport beach","United States","469",4,2013,NA,"fest.lib.id1272","North America","newport beach film festival",NA
NA,"newport beach","United States","507",4,2013,29,"fest.lib.id1272","North America","newport beach film festival",NA
"-99","newport beach","United States","I1701298",4,2017,NA,"fest.lib.id1272","North America","newport beach film festival","01.04.17"
NA,"newtown","United States","frnew730",9,2015,18,"imdbady01827","North America","newtown film festival","01.09.15"
NA,"nice","France","416",10,2012,23,"fest.lib.id1276","Europe","nice short film festival",NA
NA,"nice","France","879",10,2013,20,"fest.lib.id1276","Europe","nice short film festival",NA
NA,"nice","France","1007",3,2015,20,"fest.lib.id.survey.na417","Europe","journees du cinema italien",NA
NA,"nice","France","frnew382",10,2012,23,"id283","Europe","un festival c'est trop court, nice","01.10.12"
NA,"nice","France","frnew382",4,2013,16,"fest.lib.id.survey.na381","Europe","in&out festival","01.04.13"
NA,"nice","France","idfnew1252",5,2016,7,"imdbady02261","Europe","nice international film festival south of france","01.05.16"
"-99","nijmegen","Netherlands","f8093",4,2018,NA,"fest.lib.id725","Europe","go short international short film festival nijmegen","01.04.18"
NA,"ningbo","China","416",9,2014,22,"fest.lib.id.survey.na599","Asia","shortvisions international short film festival",NA
NA,"ningbo","China","1184",9,2014,NA,"fest.lib.id.survey.na407","Asia","international short film festival ningbo",NA
NA,"niterói","Brazil","frnew700",7,2016,7,"fest.lib.id.na391","Latin America and Caribbean","rio gay film festival","01.07.16"
NA,"noci","Italy","tffnew473",8,2010,NA,"fest.lib.id1279","Europe","nocicortinfestival","01.08.10"
"Best Screenplay/Mejor GuiГіn ","noia","Spain","1520",11,2012,20,"fest.lib.id9344","Europe","mostra curtas de noia",NA
NA,"norfolk","United States","frnew754",2,2015,3,"imdbady01785","North America","reel it out queer film festival","01.02.15"
NA,"norrkoping","Sweden","205",10,2013,20,"fest.lib.id.survey.na499","Europe","norrkoping film festival flimmer",NA
NA,"norrkoping","Sweden","1051",10,NA,NA,"fest.lib.id.survey.na339","Europe","flimmer norrkoping international film festival",NA
"-99",NA,"Norway","I1605397",6,NA,NA,"fest.lib.id1292","Europe","the norwegian short film festival",NA
NA,"novi sad","Serbia","1335",6,2014,21,"fest.lib.id8248","Europe","cinema city international film festival",NA
"fedeora award","novi sad","Serbia","f16574",6,2011,NA,"fest.lib.id8248","Europe","cinema city international film festival","01.06.11"
"fedeora award","novi sad","Serbia","f16574",6,2011,NA,"fest.lib.id8248","Europe","cinema city international film festival","01.06.11"
NA,"nowa sol","Poland","idfnew1252",8,2016,17,"imdbady02256","Europe","solanin film festival","01.08.16"
NA,"noyon","France","1641",10,2013,10,"fest.lib.id.survey.na282","Europe","festival du film court de noyon (cinema paradisio)",NA
NA,"nuremberg","Germany","45",10,2013,20,"fest.lib.id1901","Europe","nuremberg international human rights film festival",NA
NA,"nuremberg","Germany","45",12,2013,20,"fest.lib.id.survey.na635","Europe","the 24 hours of nuremberg",NA
NA,"nuremberg","Germany","496",10,2013,20,"fest.lib.id1901","Europe","nuremberg international human rights film festival",NA
NA,"nгјrnberg","Germany","879",12,2014,20,"fest.lib.id.survey.na635","Europe","the 24 hours of nuremberg",NA
NA,"oaxaca","Mexico","idfnew1285",10,2015,9,"imdbady01243","Latin America and Caribbean","oaxaca film fest","01.10.15"
NA,"oberhausen","Germany","663",5,2014,NA,"fest.lib.id1889","Europe","international short film festival oberhausen",NA
NA,"oberhausen","Germany","729",5,2013,20,"fest.lib.id1889","Europe","international short film festival oberhausen",NA
NA,"oberhausen","Germany","1184",5,2013,2,"fest.lib.id1889","Europe","international short film festival oberhausen",NA
"-99","oberhausen","Germany","f8327",5,2017,NA,"fest.lib.id1889","Europe","international short film festival oberhausen","01.05.17"
NA,"odense","Denmark","87",8,NA,NA,"fest.lib.id1299","Europe","off - odense international film festival",NA
NA,"odensee","Denmark","507",8,2012,20,"fest.lib.id1299","Europe","off - odense international film festival",NA
NA,"odessa","Ukraine","idfnew1252",7,2015,10,"fest.lib.id1302","Europe","oiff odesa international film festival","01.07.15"
NA,"ojai valley","United States","frnew717",11,2015,5,"fest.lib.id7797","North America","ojai film festival","01.11.15"
NA,"oldenburg","Germany","46",9,2013,NA,"fest.lib.id1919","Europe","oldenburg film festival",NA
NA,"oldenburg","Germany","frnew382",11,NA,NA,"imdbady01357","Europe","queer film festival oldenburg",NA
NA,"oldenburg","Germany","frnew823",11,2015,19,"imdbady01357","Europe","queer film festival oldenburg","01.11.15"
NA,"omaha","United States","507",3,2013,7,"fest.lib.id7819","North America","omaha film festival",NA
NA,"omsk","Russia","1184",4,2013,24,"fest.lib.id.survey.na480","Europe","movement: the first national film festival of debuts",NA
"","ontario","Canada","f17466",5,2015,NA,"imdbady01835","North America","rainbow reels film festival ontario","01.05.15"
NA,"opole","Poland","idfnew1252",10,2015,7,"imdbady02270","North America","polish film festival in america","01.10.15"
NA,"opuzen","Croatia","416",8,2013,19,"fest.lib.id1319","Europe","opuzen film festival",NA
NA,"orlando","United States","frnew597",10,2014,22,"fest.lib.id7940","North America","orlando film festival","01.10.14"
NA,"oslo","Norway","278",10,2013,10,"fest.lib.id.na194","Europe","films from the south festival",NA
NA,"oslo","Norway","998",9,2014,NA,"fest.lib.id.survey.na277","Europe","festival du cinema africain oslo",NA
NA,"oslo","Norway","1184",11,2013,11,"fest.lib.id.na352","Europe","oslo short animation film festival",NA
NA,"oslo","Norway","1335",9,2013,13,"fest.lib.id1326","Europe","oslo gay and lesbian film festival",NA
NA,"oslo","Norway","frnew382",9,2012,14,"fest.lib.id1326","Europe","oslo gay and lesbian film festival","01.09.12"
NA,"oslo","Norway","frnew482",9,2013,13,"fest.lib.id1326","Europe","oslo gay and lesbian film festival","01.09.13"
NA,"oslo","Norway","frnew730",9,2015,11,"imdbady01263","Europe","oslo fusion international film festival","01.09.15"
NA,"oslo","Norway","idfnew1378",3,2016,9,"imdbady00521","Europe","eurodok festival","01.03.16"
NA,"oslo","Norway","tffnew2042",3,2017,29,"imdbady00521","Europe","eurodok festival","01.03.17"
NA,"oslo","Norway","tffnew2054",6,2017,8,"imdbady02264","Europe","oslo pix international film festival","01.06.17"
NA,"oslo","Norway","tffnew561",3,2013,13,"imdbady00521","Europe","eurodok festival","01.03.13"
NA,"osnabrück","Germany","tffnew473",10,2010,6,"fest.lib.id.survey.na330","Europe","filmfest osnabrueck/goeast","01.10.10"
NA,"osnabrгјck","Germany","45",10,2012,20,"fest.lib.id.survey.na330","Europe","filmfest osnabrueck/goeast",NA
NA,"osnabrгјck","Germany","1051",10,NA,NA,"fest.lib.id.survey.na330","Europe","filmfest osnabrueck/goeast",NA
NA,"osnabrгјck","Germany","1520",10,NA,NA,"fest.lib.id.survey.na330","Europe","filmfest osnabrueck/goeast",NA
"Prix du Meilleur ScГ©nario","osny","France","1641",1,2014,NA,"fest.lib.id.survey.na306","Europe","festival les murs ont des yeux, maison d'arret d'osny",NA
NA,"ostrava","Czechia","frnew382",9,2012,NA,"imdbady01264","Europe","ostrava film festival","01.09.12"
NA,"ottawa","Canada","440",5,2013,20,"fest.lib.id859","North America","inside out toronto lgbt film and video festival",NA
NA,"ottawa","Canada","879",9,2013,20,"fest.lib.id1329","North America","ottawa international animation festival",NA
"-99","ottawa","Canada","f9051",9,2011,NA,"fest.lib.id1329","North America","ottawa international animation festival","01.09.11"
"-99","ottawa","Canada","I1600833",3,2016,NA,"imdbady01269","North America","ottawa international short film festival","01.03.16"
"ottawa premiere","ottawa","Canada","frnew962",8,2016,19,"imdbady01899","North America","centretown movies / capital pride","01.08.16"
"Prix ""Python Tapis"" (Meilleur Film d'Animation) ","ouidah","Benin","1641",1,2013,9,"fest.lib.id376","Subsaharan Africa","quintessence film festival",NA
NA,"ouidah","Benin","1658",1,2013,20,"fest.lib.id376","Subsaharan Africa","quintessence film festival",NA
NA,"ouidah","Benin","1658",1,2014,20,"fest.lib.id376","Subsaharan Africa","quintessence film festival",NA
NA,"ourense","Spain","idfnew1285",9,2019,27,"imdbady01272","Europe","ourense international film festival","01.09.19"
NA,"ouroux-en-morvan","France","1488",7,2012,20,"fest.lib.id.survey.na313","Europe","festival parties de campagne ouroux en morvan",NA
NA,"padova","Italy","tffnew473",7,2010,12,"fest.lib.id5231","Europe","river film festival","01.07.10"
NA,"padua","Italy","416",5,2013,28,"fest.lib.id5231","Europe","river film festival",NA
NA,"paducah","United States","frnew700",9,2016,9,"imdbady01946","North America","cinema systers film festival","01.09.16"
NA,"palencia","Spain","1520",NA,2012,20,"fest.lib.id.survey.na483","Europe","muestra de cine internacional de palencia",NA
NA,"palermo","Italy","frnew382",5,2013,31,"imdbady01506","Europe","sicilia queer filmfest","01.05.13"
NA,"palm beach","United States","507",3,2013,5,"fest.lib.id7758","North America","palm beach international film festival",NA
NA,"palm springs","United States","46",1,2014,NA,"fest.lib.id.survey.na526","North America","palm springs international film festival",NA
NA,"palm springs","United States","123",6,2013,20,"fest.lib.id1359","North America","palm springs international shortfest",NA
"Best Student Live Action Short (over 15 Minutes)","palm springs","United States","507",6,2012,21,"fest.lib.id1359","North America","palm springs international shortfest",NA
" Best Student Film Award (from a US Film School)","palm springs","United States","507",6,2012,24,"fest.lib.id1359","North America","palm springs international shortfest",NA
"Best Student Film of US School","palm springs","United States","761",6,2013,NA,"fest.lib.id1359","North America","palm springs international shortfest",NA
NA,"palm springs","United States","1335",1,2014,3,"fest.lib.id.survey.na526","North America","palm springs international film festival",NA
NA,"palm springs","United States","1537",6,NA,NA,"fest.lib.id1359","North America","palm springs international shortfest",NA
NA,"palm springs","United States","1658",1,2014,20,"fest.lib.id.survey.na526","North America","palm springs international film festival",NA
NA,"palm springs","United States","frnew382",6,2012,19,"fest.lib.id1359","North America","palm springs international shortfest","01.06.12"
NA,"palm springs","United States","frnew482",6,2014,17,"fest.lib.id1359","North America","palm springs international shortfest","01.06.14"
NA,"palm springs","United States","frnew597",9,2015,17,"fest.lib.id8001","North America","cinema diverse: the palm springs gay and lesbian film festival","01.09.15"
NA,"palm springs","United States","frnew962",9,2016,22,"fest.lib.id8001","North America","cinema diverse: the palm springs gay and lesbian film festival","01.09.16"
NA,"palm springs","United States","tffnew2042",1,2017,2,"fest.lib.id.survey.na526","North America","palm springs international film festival","01.01.17"
NA,"palm springs","United States","tffnew2042",1,2017,2,"fest.lib.id.survey.na526","North America","palm springs international film festival","01.01.17"
NA,"palm springs","United States","tffnew561",1,2013,3,"fest.lib.id.survey.na526","North America","palm springs international film festival","01.01.13"
NA,"palma de mallorca","Spain","tffnew2054",6,2017,26,"imdbady02361","Europe","atlantida film fest","01.06.17"
NA,"pamplona","Spain","tffnew1199",2,2015,10,"fest.lib.id.na385","Europe","punto de vista film festival","01.02.15"
NA,"panama city","Panama","998",4,2014,NA,"fest.lib.id908","Latin America and Caribbean","international film festival panama",NA
NA,"panama city","Panama","frnew754",NA,NA,NA,"imdbady01787","Latin America and Caribbean","diverso, festival internacional de cine glbt de panamá",NA
"-99","pantin","France","N1700342",6,2017,NA,"fest.lib.id.na365","Europe","pantin short film festival","01.06.17"
NA,"paris","France","46",11,2013,11,"fest.lib.id.survey.na113","Europe","cinema du québec à paris",NA
NA,"paris","France","87",10,2013,20,"fest.lib.id937","Europe","international festival signes de nuit paris",NA
NA,"paris","France","278",11,2013,5,"fest.lib.id.survey.na300","Europe","festival international jean rouch",NA
NA,"paris","France","507",6,2012,10,"fest.lib.id6822","Europe","champs-elysees film festival",NA
NA,"paris","France","763",1,2014,20,"fest.lib.id876","Europe","festival international du film d'environment",NA
"Winner Prix Anthropologie et DГ©v. Durable","paris","France","763",11,2014,20,"fest.lib.id.survey.na300","Europe","festival international jean rouch",NA
"Special Jury Mention","paris","France","763",3,2015,20,"fest.lib.id.survey.na211","Europe","extravagant india",NA
NA,"paris","France","857",12,NA,NA,"fest.lib.id576","Europe","festival international du film des droits de l'homme de paris",NA
NA,"paris","France","879",9,2013,20,"fest.lib.id.na292","Europe","l'etrange festival, paris",NA
NA,"paris","France","1143",11,2014,11,"fest.lib.id990","Europe","kinotayo japanese film festival",NA
NA,"paris","France","1641",9,2012,7,"fest.lib.id.survey.na141","Europe","croq anime",NA
NA,"paris","France","1641",11,2012,22,"fest.lib.id.survey.na90","Europe","carrefour du cinema d'animation (forum des images)",NA
NA,"paris","France","1641",3,2013,2,"fest.lib.id.survey.na230","Europe","festival ""le court nous tient""",NA
NA,"paris","France","1641",4,2013,22,"fest.lib.id.survey.na605","Europe","silence on court !",NA
NA,"paris","France","1641",5,2013,31,"fest.lib.id.survey.na238","Europe","festival bd6ne (collectif prod)",NA
NA,"paris","France","1641",6,2013,27,"fest.lib.id560","Europe","festival du film merveilleux",NA
NA,"paris","France","1658",6,2013,20,"fest.lib.id560","Europe","festival du film merveilleux",NA
NA,"paris","France","f16571",10,2012,NA,"fest.lib.id.new.na.1","Europe","queer porto - international queer film festival","01.10.12"
NA,"paris","France","f16571",10,2012,NA,"fest.lib.id.new.na.1","Europe","queer porto - international queer film festival","01.10.12"
"grand prix","paris","France","I1704948",5,2017,NA,"fest.lib.id.survey.na238","Europe","festival bd6ne (collectif prod)","01.05.17"
"-99","paris","France","f7747",6,2017,NA,"imdbady02282","Europe","rencontres internationales paris/berlin/madrid","01.06.17"
"-99","paris","France","f8093",10,2017,NA,"fest.lib.id937","Europe","international festival signes de nuit paris","01.10.17"
"-99","paris","France","f9051",11,2011,NA,"fest.lib.id.survey.na90","Europe","carrefour du cinema d'animation (forum des images)","01.11.11"
"-99","paris","France","N1500531",NA,2015,NA,"imdbady02402","Europe","festival taille un short",NA
"-99","paris","France","N1700342",8,2016,NA,"fest.lib.id.survey.na315","Europe","festival silhouette","01.08.16"
NA,"paris","France","frnew382",9,2012,1,"fest.lib.id.survey.na315","Europe","festival silhouette","01.09.12"
NA,"paris","France","frnew382",10,2012,5,"fest.lib.id305","Europe","festival cheries-cheris","01.10.12"
NA,"paris","France","frnew597",5,2015,7,"imdbady01305","Europe","paris short film festival","01.05.15"
NA,"paris","France","frnew700",10,2015,29,"fest.lib.id328","Europe","paris cineffable film festival","01.10.15"
NA,"paris","France","frnew823",11,2015,24,"fest.lib.id305","Europe","festival cheries-cheris","01.11.15"
NA,"paris","France","frnew860",11,2016,15,"fest.lib.id305","Europe","festival cheries-cheris","01.11.16"
"french premiere","paris","France","idfnew1499",11,2017,NA,"fest.lib.id.survey.na300","Europe","festival international jean rouch","01.11.17"
NA,"paris","France","tffnew2042",3,2017,NA,"imdbady00521","Europe","eurodok festival","01.03.17"
NA,"paris","France","1031",11,2013,NA,"fest.lib.id328","Europe","paris cineffable film festival","01.11.13"
NA,"paris","France","460",3,2015,NA,"fest.lib.id336","Europe","cinema du reel film festival","01.03.15"
NA,"paris","France","idfnew1252",4,2017,11,"imdbady02248","Europe","ethnografilm festival","01.04.17"
NA,"paris","France","tffnew561",2,2013,19,"fest.lib.id876","Europe","festival international du film d'environment","01.02.13"
NA,"pasaiaв ","Spain","1520",11,NA,NA,"fest.lib.id7782","Europe","ikuska - muestra de cortometrajes de pasaia",NA
NA,"patagonia","Chile","idfnew1285",11,2015,21,"fest.lib.id.survey.na624","Latin America and Caribbean","surdocs","01.11.15"
NA,"patmos","Greece","I1704092",7,2017,25,"imdbady00862","Europe","International Film Festival of Patmos","01.07.17"
"Best Music Mention","peja","Kosovo","1537",7,NA,NA,"fest.lib.id6738","Europe","anibar international animation festival",NA
NA,"pentedatillo","Italy","frnew382",8,2013,24,"imdbady01313","Europe","pentedattilo film festival","01.08.13"
NA,"perm","Russia","1051",9,NA,NA,"fest.lib.id7225","Europe","international documentary film festival flahertiana",NA
NA,"perm","Russia","idfnew1499",9,2017,15,"fest.lib.id7225","Europe","international documentary film festival flahertiana","01.09.17"
NA,"perm","Russia","idfnew1252",9,2016,16,"fest.lib.id7225","Europe","international documentary film festival flahertiana","01.09.16"
"Animage Best Direction Award - Animage","pernambuco","Brazil","879",9,2013,20,"fest.lib.id.na12","Latin America and Caribbean","animage international animation festival of pernambuco",NA
"","peru","Peru","f17466",12,2016,NA,"imdbady01279","Latin America and Caribbean","outfest peru film festival","01.12.16"
NA,"peterborough","Canada","16",1,2014,24,"fest.lib.id1475","North America","reframe peterborough international film festival",NA
NA,"peterborough","Canada","frnew962",1,2017,27,"fest.lib.id1475","North America","reframe peterborough international film festival","01.01.17"
NA,"philadelphia","United States","46",10,2013,10,"fest.lib.id7554","North America","philadelphia film festival",NA
NA,"philadelphia","United States","1335",10,2013,17,"fest.lib.id7554","North America","philadelphia film festival",NA
"Prix du meilleur Court-mГ©trage (Prize for the best short film)","philadelphia","United States","1658",11,NA,NA,"fest.lib.id8028","North America","philadelphia asian american film festival",NA
"winner: best short film","philadelphia","United States","frnew382",7,2012,12,"fest.lib.id1382","North America","philadelphia international gay and lesbian film festival","01.07.12"
NA,"phoenix","United States","frnew717",1,2015,23,"imdbady00442","North America","desperado film festival","01.01.15"
NA,"phoenix","United States","tffnew2042",4,2017,6,"fest.lib.id7535","North America","phoenix film festival","01.04.17"
NA,"phoenix","United States","tffnew2042",1,2017,5,"fest.lib.id7535","North America","phoenix film festival","01.01.17"
NA,"piatra neamt","Romania","tffnew473",1,2009,NA,"imdbady01872","Europe","filmul de piatra","01.01.09"
NA,"picardy (region)","France","1488",NA,2013,20,"fest.lib.id.survey.na215","Europe","faire court en picardie",NA
NA,"pietrasanta","Italy","416",10,2012,6,"fest.lib.id.survey.na164","Europe","docartoon international animated documentary film festival",NA
NA,"pieеўеґany","Slovakia","1051",9,NA,NA,"fest.lib.id.na93","Europe","cinematik international film festival piestany",NA
"Audience Choice Award","pittsburgh","United States","440",10,2013,20,"fest.lib.id7727","North America","reel q - pittsburgh lgbt film festival",NA
NA,"pittsburgh","United States","frnew717",6,2015,26,"imdbady01815","North America","pittsburgh independent film festival","01.06.15"
NA,"pittsburgh","United States","frnew717",10,2015,8,"fest.lib.id7727","North America","reel q - pittsburgh lgbt film festival","01.10.15"
"winner, audience award: best comedy","pittsburgh","United States","frnew823",10,2015,9,"fest.lib.id7727","North America","reel q - pittsburgh lgbt film festival","01.10.15"
NA,"pittsburgh","United States","idfnew1252",3,2016,17,"imdbady00280","North America","carnegie mellon university","01.03.16"
"Best Animated Film ","plovdiv","Bulgaria","416",12,2012,2,"fest.lib.id.survey.na360","Europe","golden rhyton film festival",NA
NA,"plyos","Russia","idfnew1252",6,2016,NA,"imdbady01607","Europe","tarkovsky festival zerkalo","01.06.16"
NA,"plzeň","Czechia","idfnew1890",4,2018,19,"imdbady00619","Europe","festival finale plzen","01.04.18"
NA,"podgorica","Montenegro","763",6,2015,20,"fest.lib.id.survey.na658","Europe","underhill film festival",NA
"Winner Grand Prix","poitiers","France","763",2,2015,20,"fest.lib.id.survey.na328","Europe","filmer le travail",NA
"-99","poland","Poland","f17515",7,2015,NA,"fest.lib.id1258","Europe","new horizons international film festival","01.07.15"
"-99","poland","Poland","f8222",6,2017,NA,"fest.lib.id.na450","Europe","transatlantyk film festival","01.06.17"
"WINNER Jury Award for best Narrative Short","polari","United States","123",10,2013,20,"fest.lib.id.na380","North America","polari film festival",NA
NA,"ponferrada","Spain","1520",9,NA,NA,"fest.lib.id.survey.na273","Europe","festival de ponferrada",NA
NA,"pontenure","Italy","45",8,2013,20,"fest.lib.id375","Europe","concorto film festival",NA
NA,"pontevedra","Spain","tffnew2054",6,2017,27,"imdbady02362","Europe","novos cinemas pontevedra international film festival","01.06.17"
NA,"pordenone","Italy","tffnew2042",4,2017,5,"imdbady02009","Europe","le voci dell’inchiesta","01.04.17"
NA,"pordenone","Italy","tffnew2042",4,2017,5,"imdbady02009","Europe","le voci dell’inchiesta","01.04.17"
"-99","port moody","Canada","I1600833",3,2016,NA,"imdbady01339","North America","port moody film festival","01.03.16"
"caribbean premiere","port of spain","Trinidad & Tobago","frnew962",9,2017,19,"imdbady01659","Latin America and Caribbean","trinidad+tobago film festival","01.09.17"
NA,"portland","United States","16",5,2013,16,"fest.lib.id1431","North America","qdoc portland queer documentary film festival",NA
NA,"portland","United States","1335",3,2014,6,"fest.lib.id1406","North America","portland international film festival",NA
"-99","portland","United States","I1600833",11,2015,NA,"imdbady01234","North America","northwest filmmakers' festival","01.11.15"
"Award for Achievement in Filmmaking","portland","United States","I1701298",9,2016,NA,"fest.lib.id6063","North America","portland film festival","01.09.16"
NA,"portland","United States","frnew823",10,2015,2,"fest.lib.id1407","North America","portland lesbian gay film festival","01.10.15"
NA,"portland","United States","tffnew2042",2,2017,9,"fest.lib.id1406","North America","portland international film festival","01.02.17"
NA,"portland","United States","tffnew2042",2,2017,12,"fest.lib.id1406","North America","portland international film festival","01.02.17"
NA,"portland","United States","tffnew561",2,2013,7,"fest.lib.id6063","North America","portland film festival","01.02.13"
NA,"porto alegre","Brazil","507",11,2013,3,"fest.lib.id.survey.na123","Latin America and Caribbean","close independent lgbt film festival",NA
NA,"porto alegre","Brazil","663",11,2013,11,"fest.lib.id.survey.na123","Latin America and Caribbean","close independent lgbt film festival",NA
"-99","portugal","Portugal","I1101332",7,2010,NA,"fest.lib.id6352","Europe","curtas vila do conde","01.07.10"
NA,"porvoo","Finland","1488",8,2013,20,"fest.lib.id.survey.na308","Europe","festival movies by the river de porvoo",NA
NA,"porvoo","Finland","1658",8,2014,20,"fest.lib.id.survey.na308","Europe","festival movies by the river de porvoo",NA
NA,"postira","Croatia","761",7,2014,NA,"fest.lib.id.na383","Europe","postira seaside film festival",NA
NA,"potenza","Italy","tffnew473",12,2009,1,"imdbady01870","Europe","potenza international film festival","01.12.09"
NA,"potsdam","Germany","tffnew473",4,2010,20,"fest.lib.id1921","Europe","sehsuchte international student film festival","01.04.10"
"best feature documentary award","potsdam","Germany","idfnew1285",4,2016,20,"fest.lib.id1921","Europe","sehsuchte international student film festival","01.04.16"
NA,"potsdam","Germany","tffnew2054",4,2017,26,"fest.lib.id1921","Europe","sehsuchte international student film festival","01.04.17"
NA,"poutaket","United States","1184",11,2013,11,"fest.lib.id1586","North America","short short story film festival",NA
NA,"poznan","Poland","1641",12,2012,2,"fest.lib.id68","Europe","ale kino poznan",NA
"Audience award","poznań","Poland","f16641",12,2011,NA,"fest.lib.id68","Europe","ale kino poznan","01.12.11"
NA,"poznaе„","Poland","45",7,2013,20,"fest.lib.id107","Europe","animator international animated film festival",NA
NA,"poznaе„","Poland","93",3,2014,20,"fest.lib.id2739","Europe","shortwaves",NA
NA,"poznaе„","Poland","1184",12,2013,12,"fest.lib.id68","Europe","ale kino poznan",NA
NA,"prades","France","1488",7,2013,20,"fest.lib.id.survey.na105","Europe","cine-rencontres french film festival",NA
NA,"prague","Czechia","507",8,2013,7,"fest.lib.id1143","Europe","mezipatra queer film festival",NA
"Best Film","prague","Czechia","1051",3,2013,20,"fest.lib.id1311","Europe","one world international human rights documentary film festival",NA
"-99","prague","Czechia","f8093",10,2017,NA,"fest.lib.id.survey.na71","Europe","bollywood film festival","01.10.17"
NA,"prague","Czechia","idfnew1890",3,2018,5,"fest.lib.id1311","Europe","one world international human rights documentary film festival","01.03.18"
NA,"prague","Czechia","tffnew2042",3,2017,6,"fest.lib.id1311","Europe","one world international human rights documentary film festival","01.03.17"
NA,"prague","Czechia","768",1,2014,NA,"fest.lib.id1409","Europe","prague short film festival","01.01.14"
NA,"prague","Czechia","idfnew1378",3,2017,6,"fest.lib.id1311","Europe","one world international human rights documentary film festival","01.03.17"
NA,"prague","Czechia","tffnew2042",3,2017,6,"fest.lib.id1311","Europe","one world international human rights documentary film festival","01.03.17"
NA,"prague","Czechia","tffnew2054",3,2017,23,"fest.lib.id.na137","Europe","febio film festival","01.03.17"
NA,"prague/ brno","Czechia","205",8,2013,20,"fest.lib.id1143","Europe","mezipatra queer film festival",NA
NA,"prague/ brno","Czechia","440",8,2013,20,"fest.lib.id1143","Europe","mezipatra queer film festival",NA
NA,"prague/ brno","Czechia","663",8,2013,11,"fest.lib.id1143","Europe","mezipatra queer film festival",NA
NA,"prague/ brno","Czechia","832",8,2013,20,"fest.lib.id1143","Europe","mezipatra queer film festival",NA
NA,"prague/ brno","Czechia","1335",8,2013,7,"fest.lib.id1143","Europe","mezipatra queer film festival",NA
NA,"pragues","Czechia","1641",5,2013,26,"fest.lib.id885","Europe","anifilm international festival of animated films",NA
NA,"prastio avdimou","Cyprus","416",7,2013,18,"fest.lib.id9345","Europe","countryside animafest cyprus",NA
NA,"prescott","United States","507",7,2013,24,"fest.lib.id8241","North America","prescott film festival",NA
NA,"pristina","Kosovo","tffnew473",12,2009,4,"imdbady01871","Europe","skena up","01.12.09"
NA,"pristina","Kosovo","tffnew2054",7,2017,13,"fest.lib.id6843","Europe","prishtina international film festival","01.07.17"
NA,"priverno","Italy","tffnew473",7,2010,30,"imdbady01860","Europe","prirverno film festival","01.07.10"
"","prizren","Kosovo","f17466",8,2016,NA,"fest.lib.id6250","Europe","dokufest international documentary and short film festival","01.08.16"
NA,"prizren","Kosovo","idfnew1378",8,2016,5,"fest.lib.id6250","Europe","dokufest international documentary and short film festival","01.08.16"
NA,"prizrenв ","Kosovo","45",8,2012,20,"fest.lib.id6250","Europe","dokufest international documentary and short film festival",NA
"Special Jury Mention","prizrenв ","Kosovo","763",8,2014,20,"fest.lib.id6250","Europe","dokufest international documentary and short film festival",NA
NA,"prizrenв ","Kosovo","1051",8,NA,NA,"fest.lib.id6250","Europe","dokufest international documentary and short film festival",NA
NA,"prizrenв ","Kosovo","1537",8,NA,NA,"fest.lib.id6250","Europe","dokufest international documentary and short film festival",NA
"Alternative Spirit Award","providence","United States","507",8,2012,9,"fest.lib.id649","North America","rhode island international film festival",NA
NA,"providence","United States","507",4,2013,12,"fest.lib.id6074","North America","ivy film festival",NA
NA,"provincetown","United States","205",6,2013,20,"fest.lib.id6064","North America","provincetown international film festival",NA
NA,"puebla","Mexico","frnew754",5,2017,17,"imdbady01795","Latin America and Caribbean","kiné, muestra de cortometrajes puebla","01.05.17"
NA,"pune","India","192",1,2012,20,"fest.lib.id1388","Asia","piff pune international film festival",NA
"-99","pune","India","f8093",12,2017,NA,"imdbady01524","Asia","smita patil documentary and short film festival","01.12.17"
NA,"pune","India","tffnew2054",1,2017,12,"fest.lib.id1388","Asia","piff pune international film festival","01.01.17"
NA,"puri","India","278",2,2013,21,"fest.lib.id.survey.na83","Asia","bring your own film festival - byoff",NA
"Best Animated Film ","pyrgos","Greece","416",11,2013,30,"fest.lib.id.survey.na507","Europe","olympia international film festival",NA
"grand prix, best male performance","pyrgos","Greece","f17365",11,2015,27,"fest.lib.id.survey.na507","Europe","olympia international film festival","01.11.15"
"Nominated for the Youth Film Contest","qinghai","China","f17496",6,2015,13,"fest.lib.id637","Asia","first international film festival xining","01.06.15"
NA,"quart de poblet","Spain","768",10,2013,NA,"fest.lib.id.survey.na554","Europe","quartmetratges","01.10.13"
"-99","québec","Canada","I1505412",3,2015,NA,"fest.lib.id1517","North America","saguenay international short film festival","01.03.15"
NA,"québec","Canada","frnew382",3,2013,8,"imdbady01963","North America","vues parallèles, québéc","01.03.13"
NA,"queens","United States","507",3,2014,4,"fest.lib.id8067","North America","queens world film festival",NA
NA,"quito","Ecuador","763",5,2015,20,"fest.lib.id7837","Latin America and Caribbean","edoc",NA
NA,"quito","Ecuador","frnew754",11,2014,NA,"imdbady00501","Latin America and Caribbean","el lugar sin limites","01.11.14"
NA,"quito","Ecuador","tffnew2054",8,2017,15,"imdbady02363","Latin America and Caribbean","festival internacional de cine de quito","01.08.17"
"","quito y guayaquil","Ecuador","f17466",6,2016,NA,"fest.lib.id7837","Latin America and Caribbean","edoc","01.06.16"
"PRIX DU PUBLIC","quebec","Canada","1641",3,2013,1,"fest.lib.id.survey.na259","North America","festival de cinema pour enfants de quebec",NA
NA,"radstadt","Austria","idfnew356",11,2012,7,"imdbady01968","Europe","filmfestival radstadt","01.11.12"
NA,"ravenna","Italy","1641",5,2013,15,"fest.lib.id5534","Europe","corti da sogni, short film festival ravenna ",NA
"Best Film","recife","Brazil","1051",11,2013,20,"fest.lib.id1221","Latin America and Caribbean","janela internacional de cinema",NA
NA,"recife, pernambuco","Brazil","1184",9,2015,10,"fest.lib.id.na12","Latin America and Caribbean","animage international animation festival of pernambuco",NA
NA,"regensburg","Germany","123",3,2013,20,"fest.lib.id1972","Europe","regensburg short film week",NA
NA,"regensburg","Germany","663",3,2013,NA,"fest.lib.id1972","Europe","regensburg short film week",NA
NA,"regensburg","Germany","663",11,2013,11,"fest.lib.id1967","Europe","queer-streifen regensburg film festival",NA
NA,"regensburg","Germany","frnew700",11,2014,6,"fest.lib.id1967","Europe","queer-streifen regensburg film festival","01.11.14"
NA,"reggio","Italy","1641",10,2013,4,"fest.lib.id.survey.na560","Europe","reggio film festival",NA
"Best Short","reggio emilia","Italy","507",10,2012,6,"fest.lib.id.survey.na560","Europe","reggio film festival",NA
NA,"reggio emilia","Italy","tffnew473",11,2010,10,"fest.lib.id.survey.na560","Europe","reggio film festival","01.11.10"
NA,"regina/ saskatoon","Canada","frnew383",6,2012,7,"fest.lib.id1436","North America","queer city cinema","01.06.12"
"saskatchewan premiere","regina","Canada","frnew962",6,2017,14,"fest.lib.id1436","North America","queer city cinema","01.06.17"
NA,"regina","Canada","frnew730",5,2015,22,"imdbady01826","North America","layers international queer film festival","01.05.15"
NA,"rehoboth beach","United States","tffnew561",11,2013,6,"fest.lib.id8800","North America","rehoboth beach independent film festival","01.11.13"
NA,"rehovot","Israel","46",5,2013,10,"fest.lib.id931","Asia","international women's film festival seoul",NA
NA,"rennes","France","I1704948",10,2017,NA,"fest.lib.id.survey.na135","Europe","court metrange","01.10.17"
NA,"rennes","France","768",10,2013,NA,"fest.lib.id.survey.na135","Europe","court metrange","01.10.13"
NA,"reno","United States","frnew754",10,NA,NA,"imdbady01282","North America","outwest film fest official selection",NA
NA,"reunion island","France","1692",9,2013,NA,"fest.lib.id1222","Europe","festival international du film d'afrique et des iles","01.09.13"
NA,"revine lago","Italy","45",7,2013,20,"fest.lib.id.na294","Europe","lago film fest",NA
NA,"revine lago","Italy","1520",7,NA,NA,"fest.lib.id.na294","Europe","lago film fest",NA
"2nd mention speciale catégorie Nouveaux Signes","revine lago","Italy","N1500531",8,2015,NA,"fest.lib.id.na294","Europe","lago film fest","01.08.15"
"golden puffin for best film","reykjavic","Iceland","tffnew2054",9,2016,29,"fest.lib.id1489","Europe","reykjavik international film festival","01.09.16"
NA,"rhode island","United States","123",8,2013,20,"fest.lib.id649","North America","rhode island international film festival",NA
NA,"riga","Latvia","663",10,2013,10,"fest.lib.id6","Europe","riga international short film festival 2annas",NA
"Grand Prize - Best International Award - 2Annas","riga","Latvia","879",10,2013,20,"fest.lib.id6","Europe","riga international short film festival 2annas",NA
NA,"rimouski","Canada","1184",9,2013,NA,"fest.lib.id7541","North America","carrousel international du film de rimouski",NA
NA,"rimouski","Canada","1641",9,2013,22,"fest.lib.id7541","North America","carrousel international du film de rimouski",NA
NA,"rimouski","Canada","tffnew473",9,2010,NA,"fest.lib.id7541","North America","carrousel international du film de rimouski","01.09.10"
NA,"rio de janeiro","Brazil","45",6,2012,20,"fest.lib.id.survey.na121","Latin America and Caribbean","cinesul film festival",NA
NA,"rio de janeiro","Brazil","46",9,2013,NA,"fest.lib.id1494","Latin America and Caribbean","rio de janeiro international film festival",NA
NA,"rio de janeiro","Brazil","507",11,2013,14,"fest.lib.id1166","Latin America and Caribbean","mix brasil festival of sexual diversity",NA
NA,"rio de janeiro","Brazil","663",7,2014,NA,"fest.lib.id.survey.na223","Latin America and Caribbean","femina - international womens film festival",NA
NA,"rio de janeiro","Brazil","761",9,2013,NA,"fest.lib.id1494","Latin America and Caribbean","rio de janeiro international film festival",NA
NA,"rio de janeiro","Brazil","879",NA,2013,20,"fest.lib.id.survey.na80","Latin America and Caribbean","brazilian student film festival, rio de janeiro",NA
NA,"rio de janeiro","Brazil","1051",9,NA,NA,"fest.lib.id1494","Latin America and Caribbean","rio de janeiro international film festival",NA
NA,"rio de janeiro","Brazil","1143",5,2014,14,"fest.lib.id2961","Latin America and Caribbean","uranium film festival",NA
NA,"rio de janeiro","Brazil","1184",7,2013,16,"fest.lib.id.survey.na223","Latin America and Caribbean","femina - international womens film festival",NA
NA,"rio de janeiro","Brazil","1335",9,2013,26,"fest.lib.id1494","Latin America and Caribbean","rio de janeiro international film festival",NA
NA,"rio de janeiro","Brazil","1641",8,2013,2,"fest.lib.id98","Latin America and Caribbean","anima mundi",NA
NA,"rio de janeiro","Brazil","f17365",10,2015,1,"fest.lib.id1494","Latin America and Caribbean","rio de janeiro international film festival","01.10.15"
"Best LGTB Documentary","rio de janeiro","Brazil","f17466",10,2015,NA,"imdbady02240","Latin America and Caribbean","festival do rio","01.10.15"
NA,"rio de janeiro","Brazil","frnew382",7,2013,4,"fest.lib.id.na391","Latin America and Caribbean","rio gay film festival","01.07.13"
"best director award","rio de janeiro","Brazil","idfnew1285",11,2016,8,"imdbady02346","Latin America and Caribbean","arquivo em cartaz","01.11.16"
"","rio de janeiro - brazil","Brazil","I1605334",10,2016,NA,"fest.lib.id1494","Latin America and Caribbean","rio de janeiro international film festival","01.10.16"
NA,"rio de janeiro / sao paulo","Brazil","416",8,2013,2,"fest.lib.id98","Latin America and Caribbean","anima mundi",NA
NA,"rio de janeiro/ sгјo paulo","Brazil","1184",8,2013,2,"fest.lib.id98","Latin America and Caribbean","anima mundi",NA
NA,"roanne","France","416",3,2013,19,"fest.lib.id.na82","Europe","cine-court anime roanne",NA
NA,"roanne","France","1641",3,2013,19,"fest.lib.id.na82","Europe","cine-court anime roanne",NA
"Winner","rochester","United States","1162",4,2013,20,"fest.lib.id6462","North America","rochester international film festival",NA
NA,"rochester","United States","1658",4,2015,20,"fest.lib.id6462","North America","rochester international film festival",NA
NA,"rochester","United States","frnew382",10,2012,5,"fest.lib.id828","North America","imageout rochester international film festival","01.10.12"
NA,"rochester","United States","frnew754",10,2015,9,"fest.lib.id828","North America","imageout rochester international film festival","01.10.15"
NA,"rockport","United States","507",11,2012,2,"fest.lib.id7960","North America","rockport film festival",NA
NA,"rome","Italy","87",10,NA,NA,"fest.lib.id1126","Europe","medfilm festival",NA
NA,"rome","Italy","416",10,2012,19,"fest.lib.id1126","Europe","medfilm festival",NA
NA,"rome","Italy","416",3,2013,17,"fest.lib.id384","Europe","cortoons roma",NA
NA,"rome","Italy","416",9,2015,11,"fest.lib.id.survey.na392","Europe","inte cinema festival",NA
NA,"rome","Italy","879",7,2015,20,"fest.lib.id.survey.na409","Europe","international tour film fest rome",NA
"Premio Taodue Miglior produttore emergente (Jean Denis Le Dinahet, SГ©bastien Msika)","rome","Italy","1007",10,2013,20,"fest.lib.id7657","Europe","festa del cinema di roma: alice nella citta",NA
"-99","rome","Italy","f17466",5,2015,NA,"fest.lib.id7347","Europe","rome independent film festival","01.05.15"
NA,"rome","Italy","tffnew473",7,2010,1,"imdbady01864","Europe","cinemadamare","01.07.10"
NA,"rome","Italy","tffnew473",8,2010,25,"imdbady01618","North America","the overlook film festival","01.08.10"
"WINNER best short film","rosario","Argentina","123",9,2013,20,"fest.lib.id.survey.na304","Latin America and Caribbean","festival latinoamericano de video y artes audiovisuales rosario",NA
NA,"rostock","Germany","663",10,2012,10,"fest.lib.id1968","Europe","queerfilmfest rostock",NA
NA,"rostock","Germany","frnew382",10,2012,NA,"fest.lib.id1968","Europe","queerfilmfest rostock","01.10.12"
NA,"rotterdam","Netherlands","93",10,2013,20,"fest.lib.id8163","Europe","architectuur filmfestival rotterdam",NA
NA,"rotterdam","Netherlands","140",1,2013,20,"fest.lib.id909","Europe","international film festival rotterdam",NA
NA,"rotterdam","Netherlands","663",1,2013,NA,"fest.lib.id909","Europe","international film festival rotterdam",NA
NA,"rotterdam","Netherlands","729",10,2015,20,"fest.lib.id8163","Europe","architectuur filmfestival rotterdam",NA
NA,"rotterdam","Netherlands","998",1,2013,NA,"fest.lib.id909","Europe","international film festival rotterdam",NA
NA,"rotterdam","Netherlands","1184",2,2014,NA,"fest.lib.id909","Europe","international film festival rotterdam",NA
"-","rotterdam","Netherlands","f8278",1,2017,NA,"fest.lib.id909","Europe","international film festival rotterdam","01.01.17"
"grand jury prize","rouen","France","tffnew2054",3,2017,3,"imdbady02356","Europe","a l'est du nouveau","01.03.17"
NA,"rozafa","Albania","1641",9,2013,23,"fest.lib.id.survey.na235","Europe","festival animfest",NA
"-99","russia","Russia","f17515",10,2015,NA,"fest.lib.id.na1","Europe","2morrow film festival","01.10.15"
"Best film","russia","Russia","f7851",6,2016,NA,"imdbady01607","Europe","tarkovsky festival zerkalo","01.06.16"
"-","russia","Russia","f8278",4,2017,NA,"fest.lib.id1183","Europe","moscow international film festival","01.04.17"
"-","russia","Russia","f8278",9,2017,NA,"id075","Europe","vladivostok international film festival","01.09.17"
NA,"russia","Russia","768",8,2013,NA,"fest.lib.id.survey.na413","Europe","isaff open cinema","01.08.13"
NA,"sacramento","United States","1658",8,2013,20,"fest.lib.id8147","North America","sacramento film and music festival",NA
NA,"sacramento","United States","frnew383",10,2012,11,"imdbady01428","North America","sacramento international gay and lesbian film festival","01.10.12"
"award for best documentary feature","sacramento","United States","idfnew1499",8,2018,2,"imdbady02057","North America","sacramento underground film & arts festival","01.08.18"
NA,"saint petersburg","Russia","45",9,2012,20,"fest.lib.id.survey.na515","Europe","open st.petersburg student film festival",NA
NA,"saint petersburg","Russia","440",11,2013,20,"fest.lib.id.survey.na617","Europe","st. petersburg lgbt film festival",NA
NA,"saint petersburg","Russia","761",9,2014,NA,"fest.lib.id1141","Europe","message to man international film festival",NA
NA,"saint petersburg","Russia","763",9,2014,20,"fest.lib.id1141","Europe","message to man international film festival",NA
NA,"saint petersburg","Russia","1051",9,NA,NA,"fest.lib.id1141","Europe","message to man international film festival",NA
NA,"saint petersburg","Russia","1184",11,2014,11,"fest.lib.id7967","Europe","multivision festival saint petersburg",NA
NA,"saint-etienne","France","frnew382",11,NA,NA,"imdbady00539","Europe","face à face: festival du film gay et lesbien de saint-étienne",NA
"belgian premiere","saint-josse-ten-noode","Belgium","idfnew1499",1,2018,25,"imdbady01742","Europe","women's film festival of brussels","01.01.18"
NA,"saint-ouen (parisian suburbs)","France","45",11,2012,20,"fest.lib.id613","Europe","fide international student documentary film festival",NA
"-99","saint-petersburg","Russia","I1505412",9,2015,NA,"fest.lib.id1141","Europe","message to man international film festival","01.09.15"
NA,"salem","United States","idfnew1499",3,2018,22,"imdbady01431","North America","salem film festival","01.03.18"
NA,"salem","United States","tffnew2042",3,2017,2,"imdbady01431","North America","salem film festival","01.03.17"
NA,"salerno","Italy","1520",NA,NA,NA,"fest.lib.id4015","Europe","linea d'ombra fest",NA
NA,"salerno","Italy","tffnew473",7,2010,18,"fest.lib.id7257","Europe","giffoni film festival","01.07.10"
NA,"salt lake city","United States","frnew482",1,2014,16,"fest.lib.id1658","North America","sundance film festival","01.01.14"
NA,"salt lake city","United States","frnew860",7,2017,14,"fest.lib.id7249","North America","damn these heels lgbt film festival","01.07.17"
NA,"san cristóbal de las casas","Mexico","frnew962",8,2016,4,"imdbady01134","Latin America and Caribbean","micgenero","01.08.16"
NA,"san cristгіbal de las casas","Mexico","763",1,2015,20,"fest.lib.id6445","Latin America and Caribbean","fic san cristobal de las casas",NA
NA,"san diego","United States","123",3,2014,20,"fest.lib.id1524","North America","san diego latino film festival",NA
"-99","san diego","United States","f17466",3,2016,NA,"fest.lib.id1524","North America","san diego latino film festival","01.03.16"
NA,"san diego","United States","frnew382",5,2013,29,"fest.lib.id628","North America","filmout san diego","01.05.13"
NA,"san diego","United States","frnew597",11,2014,6,"fest.lib.id1520","North America","san diego asian film festival","01.11.14"
NA,"san diego","United States","frnew597",10,2021,14,"imdbady01800","North America","san diego filipino film festival","01.10.21"
NA,"san diego","United States","tffnew2042",2,2017,8,"fest.lib.id7521","North America","san diego jewish film festival","01.02.17"
NA,"san diego","United States","1031",5,2013,NA,"fest.lib.id628","North America","filmout san diego","01.05.13"
NA,"san diego","United States","idfnew1285",2,2016,23,"imdbady02340","North America","border film week","01.02.16"
NA,"san diego","United States","tffnew2042",2,2017,8,"fest.lib.id7521","North America","san diego jewish film festival","01.02.17"
NA,"san francisco","United States","16",6,2013,28,"fest.lib.id665","North America","frameline film festival",NA
NA,"san francisco","United States","16",6,2015,24,"fest.lib.id665","North America","frameline film festival",NA
NA,"san francisco","United States","205",6,2013,20,"fest.lib.id665","North America","frameline film festival",NA
NA,"san francisco","United States","440",6,2013,20,"fest.lib.id665","North America","frameline film festival",NA
NA,"san francisco","United States","469",6,2013,22,"fest.lib.id665","North America","frameline film festival",NA
NA,"san francisco","United States","496",6,2013,20,"fest.lib.id6356","North America","san francisco documentary film festival",NA
"Student Director Award / International Film Award","san francisco","United States","507",7,2012,14,"fest.lib.id6858","North America","san francisco frozen film festival",NA
NA,"san francisco","United States","507",9,2012,8,"fest.lib.id7634","North America","sf shorts",NA
NA,"san francisco","United States","507",6,2013,21,"fest.lib.id665","North America","frameline film festival",NA
NA,"san francisco","United States","663",6,2013,20,"fest.lib.id665","North America","frameline film festival",NA
NA,"san francisco","United States","763",5,2015,20,"fest.lib.id8055","Asia","green film festival",NA
NA,"san francisco","United States","832",6,2013,20,"fest.lib.id665","North America","frameline film festival",NA
NA,"san francisco","United States","1007",4,2014,20,"fest.lib.id1529","North America","san francisco international film festival",NA
NA,"san francisco","United States","1051",4,NA,NA,"fest.lib.id1529","North America","san francisco international film festival",NA
NA,"san francisco","United States","1051",4,NA,NA,"fest.lib.id.survey.na661","North America","university of san francisco human rights film festival",NA
NA,"san francisco","United States","1162",8,2014,20,"fest.lib.id.survey.na311","North America","festival of hope",NA
NA,"san francisco","United States","1335",11,2013,7,"fest.lib.id.survey.na578","North America","san francisco film society french cinema now",NA
NA,"san francisco","United States","frnew382",6,2012,14,"fest.lib.id665","North America","frameline film festival","01.06.12"
NA,"san francisco","United States","frnew382",9,2012,6,"fest.lib.id7634","North America","sf shorts","01.09.12"
NA,"san francisco","United States","frnew383",6,2012,1,"fest.lib.id665","North America","frameline film festival","01.06.12"
NA,"san francisco","United States","frnew482",6,2014,19,"fest.lib.id665","North America","frameline film festival","01.06.14"
NA,"san francisco","United States","frnew597",6,2014,19,"fest.lib.id665","North America","frameline film festival","01.06.14"
NA,"san francisco","United States","frnew597",9,2018,6,"imdbady01802","North America","bernal heights outdoor cinema","01.09.18"
NA,"san francisco","United States","frnew700",6,2015,18,"fest.lib.id665","North America","frameline film festival","01.06.15"
NA,"san francisco","United States","frnew717",6,2015,18,"fest.lib.id665","North America","frameline film festival","01.06.15"
NA,"san francisco","United States","frnew754",6,2015,18,"fest.lib.id665","North America","frameline film festival","01.06.15"
NA,"san francisco","United States","frnew754",NA,NA,NA,"imdbady01786","North America","all 4 love film festival",NA
NA,"san francisco","United States","frnew823",6,2015,18,"fest.lib.id665","North America","frameline film festival","01.06.15"
NA,"san francisco","United States","frnew860",6,2016,16,"fest.lib.id665","North America","frameline film festival","01.06.16"
"international premiere","san francisco","United States","frnew962",6,2016,16,"fest.lib.id665","North America","frameline film festival","01.06.16"
"opening feature film","san francisco","United States","frnew962",9,2016,10,"imdbady01900","North America","voiceless international film festival","01.09.16"
NA,"san francisco","United States","tffnew2042",7,2017,20,"fest.lib.id5985","North America","san francisco jewish film festival","01.07.17"
NA,"san francisco","United States","frnew730",6,2015,18,"fest.lib.id665","North America","frameline film festival","01.06.15"
NA,"san francisco","United States","1031",6,2013,NA,"fest.lib.id665","North America","frameline film festival","01.06.13"
NA,"san francisco","United States","tffnew2042",3,2017,4,"fest.lib.id5985","North America","san francisco jewish film festival","01.03.17"
NA,"san francisco","United States","tffnew2054",4,2017,5,"fest.lib.id1529","North America","san francisco international film festival","01.04.17"
NA,"san francisco","United States","tffnew561",5,2013,20,"imdbady02352","North America","san francisco green film festival","01.05.13"
NA,"san fransisco","United States","708",6,2012,NA,"fest.lib.id665","North America","frameline film festival","01.06.12"
NA,"san joaquin","United States","123",1,2014,20,"fest.lib.id.survey.na579","North America","san joaquin international film festival",NA
NA,"san jose","United States","frnew597",9,2014,20,"imdbady01807","North America","the world's independent film festival","01.09.14"
NA,"san jose","United States","frnew597",10,2021,1,"imdbady01801","North America","silicon valley asian pacific film festival","01.10.21"
NA,"san jose","United States","frnew717",2,2015,23,"fest.lib.id7477","North America","cinequest film festival","01.02.15"
NA,"san jose","Costa Rica","idfnew1285",12,2015,10,"fest.lib.id.survey.na131","Latin America and Caribbean","costa rica film festival costa rica ff","01.12.15"
NA,"san josé","United States","idfnew356",2,2013,26,"fest.lib.id7477","North America","cinequest film festival","01.02.13"
NA,"san josг©","United States","507",2,2012,28,"fest.lib.id7477","North America","cinequest film festival",NA
NA,"san juan","Puerto Rico","469",11,2013,11,"fest.lib.id1424","Latin America and Caribbean","puerto rico queer filmfest ",NA
NA,"san juan","Puerto Rico","1335",10,2013,23,"fest.lib.id.survey.na580","Latin America and Caribbean","san juan international international film festival",NA
NA,"san juan","United States","frnew382",11,2012,15,"fest.lib.id1424","North America","puerto rico queer filmfest ","01.11.12"
NA,"san juan","Puerto Rico","frnew754",11,2015,19,"fest.lib.id1424","Latin America and Caribbean","puerto rico queer filmfest ","01.11.15"
NA,"san luis","United States","tffnew473",3,2010,12,"fest.lib.id2047","North America","san luis obispo international film festival","01.03.10"
NA,"san miguel de allende","Mexico","idfnew1285",12,2016,1,"imdbady02347","Latin America and Caribbean","festival de cine de irapuato","01.12.16"
NA,"san sebastian","Spain","879",9,2013,20,"fest.lib.id1535","Europe","san sebastian international film festival",NA
NA,"san sebastiгўn","Spain","140",9,2013,20,"fest.lib.id1535","Europe","san sebastian international film festival",NA
NA,"santa barbara","United States","469",11,2012,11,"fest.lib.id8024","North America","outrageous santa barbara lgbt festival",NA
NA,"santa barbara","United States","507",11,2013,9,"fest.lib.id8024","North America","outrageous santa barbara lgbt festival",NA
NA,"santa barbara","United States","761",1,2014,NA,"fest.lib.id1536","North America","santa barbara international film festival",NA
NA,"santa barbara","United States","1051",2,NA,NA,"fest.lib.id1536","North America","santa barbara international film festival",NA
NA,"santa barbara","United States","frnew382",11,2012,9,"fest.lib.id8024","North America","outrageous santa barbara lgbt festival","01.11.12"
NA,"santa barbara","United States","tffnew2054",2,2017,1,"fest.lib.id1536","North America","santa barbara international film festival","01.02.17"
NA,"santa barbara","United States","tffnew561",1,2013,24,"fest.lib.id1536","North America","santa barbara international film festival","01.01.13"
NA,"santa cruz","Spain","frnew754",1,2015,25,"imdbady00582","Europe","festival de cine lgbt de canarias","01.01.15"
"us sneak peak","santa cruz","United States","frnew962",6,2016,1,"imdbady01451","North America","santa cruz film festival","01.06.16"
NA,"santa cruz","United States","idfnew1499",4,2018,27,"imdbady01451","North America","santa cruz film festival","01.04.18"
NA,"santa cruz de la sierra","Bolivia","frnew754",5,2016,NA,"imdbady01791","Latin America and Caribbean","festival de cine de la diversidad en santa cruz de la sierra","01.05.16"
NA,"santa eulг ria des riu ","Spain","1520",6,NA,NA,"fest.lib.id.survey.na474","Europe","mostra de curtmetratges dr. mabuse‚äö√ñ√∂‚àö√ë‚àö¬®‚äö√†√∂‚äö√¢‚ä† ",NA
NA,"santa fe","Argentina","idfnew1285",9,2016,2,"fest.lib.id.survey.na304","Latin America and Caribbean","festival latinoamericano de video y artes audiovisuales rosario","01.09.16"
"Best Script","santander","Colombia","140",8,2013,20,"fest.lib.id.survey.na581","Latin America and Caribbean","santander international film festival",NA
NA,"santiago","Chile","45",11,2013,20,"fest.lib.id.survey.na320","Latin America and Caribbean","fidocs international documentary film festival",NA
NA,"santiago","Chile","416",5,2015,5,"fest.lib.id6120","Latin America and Caribbean","chilemonos international animation festival",NA
"2nd Place Experimental Short Film - Chilemonos","santiago","Chile","879",5,2015,20,"fest.lib.id6120","Latin America and Caribbean","chilemonos international animation festival",NA
NA,"santiago","Chile","1520",10,2012,20,"fest.lib.id.survey.na226","Latin America and Caribbean","fesancor - festival chileno internacional del cortometraje de santiago",NA
"Best Script / Best Actress / Direction","santiago","Chile","1225",8,2011,NA,"imdbady01448","Latin America and Caribbean","sanfic film festival","01.08.11"
"-99","santiago - chile","Chile","I1605334",9,2016,NA,"fest.lib.id.survey.na226","Latin America and Caribbean","fesancor - festival chileno internacional del cortometraje de santiago","01.09.16"
NA,"santiago de chile","Chile","frnew754",10,2015,16,"imdbady01792","Latin America and Caribbean","festival internacional de la diversidad sexual","01.10.15"
NA,"santiago de chile","Chile","idfnew1285",8,2015,25,"imdbady01448","Latin America and Caribbean","sanfic film festival","01.08.15"
NA,"santiago de chile","Argentina","idfnew1285",3,2017,28,"fest.lib.id.na139","Latin America and Caribbean","femcine","01.03.17"
NA,"santiago de compostela","Spain","45",9,2012,20,"fest.lib.id395","Europe","curtocircuito international short film festival, santiago de compostela",NA
NA,"santiago de compostela","Spain","879",9,2013,20,"fest.lib.id395","Europe","curtocircuito international short film festival, santiago de compostela",NA
"MejorВ GuiГіn","santiago de compostela","Spain","1520",9,2012,20,"fest.lib.id395","Europe","curtocircuito international short film festival, santiago de compostela",NA
"","santiago de compostela","Spain","I1200099",9,2012,NA,"fest.lib.id395","Europe","curtocircuito international short film festival, santiago de compostela","01.09.12"
NA,"santiago de compostela","Spain","768",9,2013,NA,"fest.lib.id395","Europe","curtocircuito international short film festival, santiago de compostela","01.09.13"
NA,"santiago de compostela","Spain","idfnew1285",3,2020,10,"imdbady02350","Europe","festival de cine feito por mulleres mufest","01.03.20"
NA,"santo domingo","Dominican Republic","46",5,2014,NA,"fest.lib.id9656","Latin America and Caribbean","santo domingo international film festival",NA
NA,"santo domingo","Dominican Republic","frnew382",11,NA,NA,"imdbady01793","Latin America and Caribbean","festival internacional de cine glbt ¨ santo domingo outfest ¨",NA
NA,"santo domingo","Dominican Republic","frnew754",11,2015,26,"imdbady01793","Latin America and Caribbean","festival internacional de cine glbt ¨ santo domingo outfest ¨","01.11.15"
NA,"santo domingo","Dominican Republic","idfnew1285",11,2015,10,"fest.lib.id457","Latin America and Caribbean","dominican republic film festival","01.11.15"
NA,"sao paulo","Brazil","idfnew356",10,2012,19,"fest.lib.id1540","Latin America and Caribbean","sao paulo international film festival","01.10.12"
"","sao luiz ","Brazil","I1605334",8,2016,NA,"fest.lib.id.na171","Latin America and Caribbean","festival international lume de cine","01.08.16"
NA,"sao paolo","Brazil","idfnew1285",4,2015,9,"fest.lib.id944","Latin America and Caribbean","it's all true international documentary film festival","01.04.15"
NA,"sao paolo","Brazil","tffnew2054",10,2016,20,"fest.lib.id1540","Latin America and Caribbean","sao paulo international film festival","01.10.16"
NA,"sao paulo","Brazil","416",8,2012,23,"fest.lib.id1541","Latin America and Caribbean","sao paulo international short film festival",NA
NA,"sao paulo","Brazil","857",8,NA,NA,"fest.lib.id1541","Latin America and Caribbean","sao paulo international short film festival",NA
"-99","sao paulo","Brazil","I1505412",8,2015,NA,"fest.lib.id1541","Latin America and Caribbean","sao paulo international short film festival","01.08.15"
NA,"sao paulo","Brazil","frnew382",11,2012,8,"fest.lib.id1166","Latin America and Caribbean","mix brasil festival of sexual diversity","01.11.12"
NA,"sao paulo","Brazil","frnew482",8,2014,20,"fest.lib.id1541","Latin America and Caribbean","sao paulo international short film festival","01.08.14"
NA,"sao paulo","Brazil","frnew482",11,2014,13,"fest.lib.id1166","Latin America and Caribbean","mix brasil festival of sexual diversity","01.11.14"
NA,"sao paulo","Brazil","frnew823",11,2015,11,"fest.lib.id1166","Latin America and Caribbean","mix brasil festival of sexual diversity","01.11.15"
NA,"são paulo","Brazil","frnew754",11,2014,13,"fest.lib.id1166","Latin America and Caribbean","mix brasil festival of sexual diversity","01.11.14"
"","são paulo ","Brazil","I1605334",11,2016,NA,"fest.lib.id1166","Latin America and Caribbean","mix brasil festival of sexual diversity","01.11.16"
NA,"sapporo","Japan","87",10,NA,NA,"fest.lib.id1542","Asia","sapporo international short film festival and market",NA
NA,"sapporo","Japan","1184",9,2013,NA,"fest.lib.id1542","Asia","sapporo international short film festival and market",NA
NA,"sarajevo","Bosnia & Herzegovina","857",8,NA,NA,"fest.lib.id1543","Europe","sarajevo film festival",NA
NA,"sarajevo","Bosnia & Herzegovina","1400",8,2014,NA,"fest.lib.id1543","Europe","sarajevo film festival",NA
NA,"sarajevo","Bosnia & Herzegovina","f16574",8,2011,NA,"fest.lib.id1543","Europe","sarajevo film festival","01.08.11"
NA,"sarajevo","Bosnia & Herzegovina","f16574",8,2011,NA,"fest.lib.id1543","Europe","sarajevo film festival","01.08.11"
NA,"sarajevo","Bosnia & Herzegovina","f17365",8,2015,14,"fest.lib.id1543","Europe","sarajevo film festival","01.08.15"
"-99","sarajevo","Bosnia & Herzegovina","f7963",8,2016,12,"fest.lib.id1543","Europe","sarajevo film festival","01.08.16"
"jury prize","sarajevo","Bosnia & Herzegovina","idfnew1890",9,2018,21,"imdbady01996","Europe","al jazeera balkans documentary film festival","01.09.18"
NA,"sarajevo","Bosnia & Herzegovina","768",8,2013,NA,"fest.lib.id1543","Europe","sarajevo film festival","01.08.13"
NA,"sarajevoв ","Bosnia & Herzegovina","1051",8,NA,NA,"fest.lib.id1543","Europe","sarajevo film festival",NA
"-99","sarasota","United States","I1701298",5,2017,NA,"fest.lib.id1544","North America","sarasota film festival","01.05.17"
NA,"saratov","Russia","idfnew1252",9,2016,11,"imdbady01459","Europe","saratov sufferings","01.09.16"
NA,"sarnia","Canada","tffnew2054",11,2016,3,"imdbady01548","North America","south western international film festival","01.11.16"
NA,"saskatchewan","Canada","tffnew473",5,2010,NA,"imdbady01855","North America","flicks film festival","01.05.10"
NA,"saskatoon","Canada","frnew962",8,2020,2,"imdbady02086","North America","missing persons week","01.08.20"
NA,"saugatuck","United States","507",6,2013,14,"fest.lib.id.survey.na675","North America","waterfront film festival",NA
"-99","sault ste. marie","United States","I1600833",9,2015,NA,"imdbady01535","North America","soo film festival","01.09.15"
"2012 HBO Films Student Competition Award","savannah","United States","507",10,2012,29,"fest.lib.id6851","North America","savannah international film festival",NA
"-99","savannah","United States","I1701298",10,2016,NA,"fest.lib.id6851","North America","savannah international film festival","01.10.16"
"-99","schweiz","Switzerland","f7963",5,2019,NA,"fest.lib.id1251","Europe","neuchatel international fantastic film festival","01.05.19"
NA,"schwerin","Germany","I1704092",5,2017,2,"fest.lib.id1988","Europe","filmkunstfest mecklenburg-vorpommern","01.05.17"
NA,"schwerin","Germany","frnew382",5,2014,6,"imdbady01466","Europe","schwerin art of film festival","01.05.14"
NA,"schwerin","Germany","334",4,2013,NA,"fest.lib.id1988","Europe","filmkunstfest mecklenburg-vorpommern","01.04.13"
"-99","scotland","United Kingdom","f17200",6,2014,NA,"fest.lib.id7160","Europe","edinburgh international film festival","01.06.14"
NA,"seattle","United States","93",10,2013,20,"fest.lib.id6684","North America","seattle latino festival",NA
"Audience Award, Best Narrative Short","seattle","United States","469",5,2013,NA,"fest.lib.id7576","North America","translations: seattle transgender film festival",NA
NA,"seattle","United States","507",11,2013,9,"fest.lib.id8186","North America","seattle shorts film festival",NA
NA,"seattle","United States","1051",5,NA,NA,"fest.lib.id1557","North America","seattle international film festival",NA
NA,"seattle","United States","1162",5,2012,20,"fest.lib.id1557","North America","seattle international film festival",NA
NA,"seattle","United States","1162",9,2012,20,"fest.lib.id.na66","North America","1 reel film festival",NA
NA,"seattle","United States","1184",5,2013,25,"fest.lib.id1557","North America","seattle international film festival",NA
NA,"seattle","United States","1184",1,2015,NA,"fest.lib.id9584","North America","children's film festival seattle",NA
NA,"seattle","United States","1335",10,2013,24,"fest.lib.id.survey.na584","North America","seattle french cinema now",NA
"-99","seattle","United States","f17466",5,2015,NA,"fest.lib.id1557","North America","seattle international film festival","01.05.15"
"-99","seattle","United States","I1600833",9,2016,NA,"imdbady01477","North America","seattle local sightings film festival","01.09.16"
NA,"seattle","United States","frnew382",10,2012,11,"fest.lib.id1559","North America","seattle queer film festival","01.10.12"
NA,"seattle","United States","frnew482",5,2013,16,"fest.lib.id1557","North America","seattle international film festival","01.05.13"
NA,"seattle","United States","frnew597",6,2016,4,"imdbady02091","North America","diwa filipino film showcase","01.06.16"
NA,"seattle","United States","frnew700",10,2015,8,"fest.lib.id1559","North America","seattle queer film festival","01.10.15"
NA,"seattle","United States","frnew717",3,NA,NA,"imdbady01820","North America","drawtastic",NA
"Winner, Audience Award: Best Feature Film ","seattle","United States","frnew823",5,2015,7,"fest.lib.id7576","North America","translations: seattle transgender film festival","01.05.15"
NA,"seattle","United States","frnew860",10,2016,13,"imdbady01799","North America","twist! seattle queer film festival","01.10.16"
"washington premiere","seattle","United States","frnew962",10,2016,13,"imdbady01799","North America","twist! seattle queer film festival","01.10.16"
NA,"seattle","United States","tffnew2042",5,2017,18,"fest.lib.id1557","North America","seattle international film festival","01.05.17"
NA,"seattle","United States","tffnew473",1,2011,28,"fest.lib.id9584","North America","children's film festival seattle","01.01.11"
NA,"seattle","United States","tffnew2042",5,2017,18,"fest.lib.id1557","North America","seattle international film festival","01.05.17"
NA,"seattle","United States","tffnew561",6,2013,12,"fest.lib.id1557","North America","seattle international film festival","01.06.13"
NA,"sedona","United States","1051",2,NA,NA,"fest.lib.id7717","North America","sedona international film festival",NA
NA,"segovia","Spain","416",10,2012,10,"fest.lib.id.survey.na4","Europe","3d wire animation market",NA
NA,"segovia","Spain","tffnew2054",11,2017,15,"imdbady01174","Europe","muces - muestra de cine europeo ciudad de segovia","01.11.17"
"-99","sela","Portugal","f7950",10,2016,NA,"fest.lib.id.na83","Europe","cine eco environment film festival","01.10.16"
NA,"selb","Germany","45",4,2014,20,"fest.lib.id.survey.na365","Europe","grenzlandfilmtage selb",NA
NA,"seoul","South Korea","16",6,2014,1,"fest.lib.id1568","Asia","seoul queer film festival",NA
NA,"seoul","South Korea","45",7,2013,20,"fest.lib.id1599","Asia","seoul international cartoon & animation festival (sicaf)",NA
NA,"seoul","South Korea","761",7,2014,NA,"fest.lib.id5832","Asia","seoul guro international kids film festival",NA
NA,"seoul","South Korea","761",8,2014,10,"fest.lib.id8826","Asia","seoul international youth film festival",NA
NA,"seoul","South Korea","879",6,2015,20,"fest.lib.id1568","Asia","seoul queer film festival",NA
NA,"seoul","South Korea","1162",9,2013,20,"fest.lib.id1570","Asia","seoul international extreme film festival",NA
NA,"seoul","South Korea","1184",7,2013,23,"fest.lib.id1599","Asia","seoul international cartoon & animation festival (sicaf)",NA
NA,"seoul","South Korea","1658",5,2014,20,"fest.lib.id.survey.na588","Asia","seoul international agape film",NA
"Best Live Action Short Film","seoul","South Korea","f17281",7,2014,NA,"fest.lib.id5832","Asia","seoul guro international kids film festival","01.07.14"
"-99","seoul","South Korea","f9051",7,2011,NA,"fest.lib.id1599","Asia","seoul international cartoon & animation festival (sicaf)","01.07.11"
NA,"seoul","South Korea","frnew700",6,2016,2,"fest.lib.id931","Asia","international women's film festival seoul","01.06.16"
NA,"seoul","South Korea","tffnew473",11,2010,5,"imdbady01861","Asia","seoul internationl extreme short image & film festival","01.11.10"
NA,"seoul ","South Korea","123",8,2013,20,"fest.lib.id8826","Asia","seoul international youth film festival",NA
NA,"sept-гћles","Canada","1335",1,2014,16,"fest.lib.id.survey.na103","North America","cine festival du film de sept-iles",NA
"-99","serbia","Croatia","f17200",9,2014,NA,"imdbady00006","Europe","25 fps festival","01.09.14"
NA,"sevilla","Spain","frnew754",11,2014,21,"imdbady00058","Europe","andalesgay international lgbt film festival andalucia","01.11.14"
"asecan best film","seville","Spain","tffnew2054",11,2016,4,"imdbady02353","Europe","sevilla festival de cine europeo","01.11.16"
NA,"sfantu gheorghe","Romania","tffnew473",8,2009,10,"fest.lib.id.na16","Europe","anonimul international independent film festival","01.08.09"
"Special Mention","sfantul gheorghe","Romania","I1200099",8,2011,NA,"fest.lib.id.na16","Europe","anonimul international independent film festival","01.08.11"
NA,"shanghai","China","46",6,2014,NA,"fest.lib.id1577","Asia","shanghai international film festival",NA
NA,"shanghai","China","f17365",6,2015,13,"fest.lib.id1577","Asia","shanghai international film festival","01.06.15"
"Asian Newcomer Award-Best Actress","shanghai","China","f17496",5,2015,28,"fest.lib.id1577","Asia","shanghai international film festival","01.05.15"
"Grand Prize, Audience Award","sheffield","United Kingdom","1051",6,2013,20,"fest.lib.id1582","Europe","sheffield doc fest",NA
NA,"sherbrooke","Canada","879",4,2014,20,"fest.lib.id.survey.na241","North America","festival cinema du monde de sherbrooke",NA
NA,"shkodra","Albania","416",9,2012,25,"fest.lib.id7250","Europe","anifest rozafa international festival of animated film",NA
NA,"shnit","Poland","123",10,2012,20,"fest.lib.id1832","Europe","warsaw international film festival",NA
NA,"shreveport","United States","1031",9,2013,NA,"fest.lib.id1289","North America","north louisiana gay and lesbian film festival","01.09.13"
NA,"shropshire","United Kingdom","frnew700",10,2015,NA,"fest.lib.id.na389","Europe","rainbow lesbian and gay film festival","01.10.15"
NA,"sibenik","Croatia","416",7,2013,28,"fest.lib.id.survey.na623","Europe","supertoon international animation festival",NA
NA,"sibiu","Romania","278",10,2013,14,"fest.lib.id.na23","Europe","astra international documentary film festival",NA
NA,"sibiu","Romania","idfnew356",10,2013,14,"fest.lib.id.na23","Europe","astra international documentary film festival","01.10.13"
NA,"sibu","Romania","idfnew1252",10,2016,17,"fest.lib.id.na23","Europe","astra international documentary film festival","01.10.16"
NA,"sidney","Australia","278",6,2013,5,"fest.lib.id1664","Oceania","sydney film festival",NA
"Yoram Gross Award for Best International Animation","sidney","Australia","1537",1,NA,NA,"fest.lib.id648","Oceania","flickerfest",NA
NA,"silver spring","United States","998",2,2014,NA,"fest.lib.id1252","North America","new african film festival",NA
"South East Asian Short Film Best Director","singapore","Singapore","f17281",11,2014,NA,"fest.lib.id1611","Asia","singapore international film festival","01.11.14"
NA,"sitges","Spain","1335",10,2013,11,"fest.lib.id1613","Europe","sitges international fantastic film festival of catalonia",NA
"-99","sitges","Spain","N1700342",10,2016,NA,"fest.lib.id1613","Europe","sitges international fantastic film festival of catalonia","01.10.16"
"-99","sitges ","Spain","f7963",7,2016,NA,"fest.lib.id1613","Europe","sitges international fantastic film festival of catalonia","01.07.16"
"1st Prize","skopje","North Macedonia","416",11,2012,28,"fest.lib.id109","Europe","animax skopje fest",NA
"balkan premiere","skopje","North Macedonia","idfnew1499",5,2017,NA,"imdbady02053","Europe","women's rights nights","01.05.17"
"animation award","slatioara/valcea","Romania","tffnew473",8,2010,25,"imdbady01843","Europe","eco - etno - folk film international film festival","01.08.10"
NA,"slavonice","Czechia","idfnew1890",8,2018,1,"imdbady02001","Europe","slavonice fest","01.08.18"
"-99",NA,"Slovakia","f7851",4,2016,NA,"imdbady00556","Europe","febiofest international film festival","01.04.16"
"-99",NA,"Slovakia","I1101332",7,2012,NA,"fest.lib.id.na141","Europe","fest anca international animation festival","01.07.12"
"-99",NA,"Slovenia","f17200",11,2014,NA,"fest.lib.id1041","Europe","liffe ljubljana international film festival","01.11.14"
"-99",NA,"Slovenia","I1101332",12,2010,NA,"fest.lib.id103","Europe","animateka international animated film festival","01.12.10"
"special jury diploma, audience choice award","sochi","Russia","f17365",6,2015,7,"fest.lib.id.na282","Europe","kinotavr film festival","01.06.15"
NA,"sofia","Bulgaria","45",5,2013,20,"fest.lib.id816","Europe","golden kuker animation festival",NA
NA,"sofia","Bulgaria","416",3,2012,9,"fest.lib.id1623","Europe","sofia international film festival",NA
"Grand Prix ","sofia","Bulgaria","416",5,2012,11,"fest.lib.id816","Europe","golden kuker animation festival",NA
NA,"sofia","Bulgaria","416",10,2013,16,"fest.lib.id.survey.na331","Europe","filmini international short film festival",NA
NA,"sofia","Bulgaria","763",3,2015,20,"fest.lib.id1623","Europe","sofia international film festival",NA
NA,"sofia","Bulgaria","879",9,2013,20,"fest.lib.id1860","Europe","varna world festival of animated film ",NA
NA,"sofia","Bulgaria","1051",3,NA,NA,"fest.lib.id1623","Europe","sofia international film festival",NA
NA,"sofia","Bulgaria","1335",3,2013,7,"fest.lib.id1623","Europe","sofia international film festival",NA
NA,"sofia","Bulgaria","1641",5,2013,7,"fest.lib.id816","Europe","golden kuker animation festival",NA
"","sofia","Bulgaria","f17466",3,2016,NA,"fest.lib.id1623","Europe","sofia international film festival","01.03.16"
"-99","sofia","Bulgaria","I1503978",3,2014,NA,"fest.lib.id1623","Europe","sofia international film festival","01.03.14"
NA,"sofia","Bulgaria","tffnew473",10,2010,13,"fest.lib.id816","Europe","golden kuker animation festival","01.10.10"
NA,"sofia","Bulgaria","768",10,2013,NA,"fest.lib.id.survey.na331","Europe","filmini international short film festival","01.10.13"
NA,"sofia","Bulgaria","tffnew561",3,2013,7,"fest.lib.id1623","Europe","sofia international film festival","01.03.13"
NA,"sokolowsko","Poland","idfnew1252",9,2016,NA,"imdbady02255","Europe","hommage a kieslowski","01.09.16"
"WINNER Upcoming Talents Award","solothurn","Switzerland","123",1,2013,20,"fest.lib.id.na419","Europe","solothurner filmtage",NA
NA,"solothurn","Switzerland","763",1,2015,20,"fest.lib.id.na419","Europe","solothurner filmtage",NA
NA,"solothurn","Switzerland","879",1,2014,20,"fest.lib.id.na419","Europe","solothurner filmtage",NA
NA,"solothurn","Switzerland","frnew382",1,2013,24,"fest.lib.id.na419","Europe","solothurner filmtage","01.01.13"
NA,"solothurn","Switzerland","idfnew356",1,2012,19,"fest.lib.id.na419","Europe","solothurner filmtage","01.01.12"
NA,"solothurn","Switzerland","tffnew561",1,2013,24,"fest.lib.id.na419","Europe","solothurner filmtage","01.01.13"
NA,"sonoma county","United States","frnew823",11,2015,6,"imdbady01281","North America","outwatch wine country's lgbti film festival","01.11.15"
NA,"sonora","Mexico","idfnew1285",5,2016,11,"imdbady02342","Latin America and Caribbean","festival internacional de cine del desierto","01.05.16"
"-99","sophia ","Bulgaria","I1605334",9,2016,NA,"fest.lib.id843","Europe","in the palace  international short film festival","01.09.16"
"Best Film, Children's Jury","soria","Spain","I1701298",11,2017,NA,"imdbady00294","Europe","certamen cortos de soria","01.11.17"
"-99","seoul ","South Korea","I1605334",10,2016,NA,"fest.lib.id59","Asia","asiana international short film festival","01.10.16"
NA,"south africa","South Africa","1692",6,2013,NA,"fest.lib.id469","Subsaharan Africa","durban international film festival","01.06.13"
NA,"south haven","United States","507",4,2013,14,"fest.lib.id7925","North America","myrtle beach film festival",NA
"-99",NA,"Spain","f17200",10,2014,NA,"fest.lib.id395","Europe","curtocircuito international short film festival, santiago de compostela","01.10.14"
"-99",NA,"Spain","f7851",11,2016,NA,"fest.lib.id.na405","Europe","seville european film festival","01.11.16"
"-99",NA,"Spain","I1101332",10,2010,NA,"fest.lib.id1613","Europe","sitges international fantastic film festival of catalonia","01.10.10"
"-99",NA,"Spain","I1200099",11,2012,NA,"fest.lib.id623","Europe","filmets badalona film festival","01.11.12"
NA,NA,"Colombia","768",3,2013,NA,"fest.lib.id291","Latin America and Caribbean","cartagena international film festival","01.03.13"
NA,NA,"Spain","768",12,2013,NA,"fest.lib.id57","Europe","festival de cortometrajes de aguilar de campoo","01.12.13"
NA,NA,"Spain","768",NA,2013,NA,"fest.lib.id.survey.na372","Europe","humor en corto",NA
NA,NA,"Spain","768",3,2014,NA,"fest.lib.id.survey.na354","Europe","getafe in cinema","01.03.14"
NA,NA,"Spain","768",5,2014,NA,"fest.lib.id.survey.na536","Europe","pielagos en corto","01.05.14"
NA,"split","Croatia","416",6,2013,8,"fest.lib.id6295","Europe","mediterranean film festival split",NA
"-99","split","Croatia","f17027",9,2012,NA,"imdbady01556","Europe","split film festival","01.09.12"
NA,"spokane","United States","469",10,2013,11,"fest.lib.id1637","North America","spokane glbt film festival",NA
NA,"spokane","United States","507",10,2013,1,"fest.lib.id1637","North America","spokane glbt film festival",NA
NA,"springfield","United States","frnew717",5,2016,22,"imdbady01819","North America","lgbt film festival springfield","01.05.16"
NA,"st albans","United Kingdom","frnew717",4,2015,29,"imdbady01816","Europe","st albans film festival","01.04.15"
NA,"st geniгёs bellevue","France","1641",10,2013,10,"fest.lib.id.survey.na317","Europe","festival/rencontres assomption bellevue",NA
NA,"st petersburg","Russia","idfnew1378",9,2016,23,"fest.lib.id1141","Europe","message to man international film festival","01.09.16"
"Audience Award Best Fiction Short","st. george","United States","507",11,2012,13,"fest.lib.id6724","North America","red rock film festival of zion canyon",NA
NA,"st. louis","United States","87",11,NA,NA,"fest.lib.id1644","North America","st. louis international film festival",NA
NA,"st. louis","United States","1520",11,NA,NA,"fest.lib.id1644","North America","st. louis international film festival",NA
NA,"st. louis","United States","frnew383",6,2013,6,"fest.lib.id1433","North America","qfest st louis lgbtq film festival","01.06.13"
NA,"st. petersburg","Russia","416",8,2013,2,"fest.lib.id.survey.na413","Europe","isaff open cinema",NA
NA,"st. petersburg","Russia","1641",11,2013,19,"fest.lib.id7967","Europe","multivision festival saint petersburg",NA
"russian premiere","st. petersburg","Russia","idfnew1499",9,2017,15,"fest.lib.id1141","Europe","message to man international film festival","01.09.17"
"best animation embodiment of the script","st. petersburg","Russia","tffnew473",9,2009,18,"fest.lib.id.survey.na515","Europe","open st.petersburg student film festival","01.09.09"
NA,"stanford","United States","idfnew1378",10,2016,20,"fest.lib.id1792","North America","united nations association film festival scales of justice international documentary film festival","01.10.16"
"Winner Horizonte-Award","starnberg","Germany","763",7,2015,20,"fest.lib.id.na210","Europe","funf-seen-filmfestival",NA
NA,"stockholm","Sweden","140",11,2013,20,"fest.lib.id1648","Europe","stockholm international film festival",NA
"Best Short Film","stockholm","Sweden","205",11,2012,7,"fest.lib.id1648","Europe","stockholm international film festival",NA
NA,"stockholm","Sweden","998",3,2013,NA,"fest.lib.id348","Europe","cinemafrica film festival",NA
NA,"stockholm","Sweden","1051",3,NA,NA,"fest.lib.id7598","Europe","tempo documentary festival",NA
NA,"stockholm","Sweden","1335",11,2013,6,"fest.lib.id1648","Europe","stockholm international film festival",NA
NA,"stockholm","Sweden","frnew383",5,2013,10,"fest.lib.id342","Europe","cinema queer international film festival","01.05.13"
NA,"stockholm","Sweden","frnew700",11,2015,21,"imdbady01776","Europe","trans fest stockholm","01.11.15"
NA,"stockholm","Sweden","frnew823",11,2015,21,"imdbady01776","Europe","trans fest stockholm","01.11.15"
NA,"stockholm","Sweden","tffnew2042",3,2017,6,"fest.lib.id7598","Europe","tempo documentary festival","01.03.17"
NA,"stockholm","Sweden","tffnew2042",3,2017,5,"fest.lib.id7598","Europe","tempo documentary festival","01.03.17"
NA,"strasbourg","France","761",10,2014,10,"fest.lib.id.survey.na92","Europe","chacun son court",NA
NA,"strasbourg","France","1641",10,2012,23,"fest.lib.id.survey.na92","Europe","chacun son court",NA
"-99","strasbourg","France","f7963",9,2016,NA,"fest.lib.id1655","Europe","strasbourg european fantastic film festival","01.09.16"
"-99","strasbourg","France","N1700342",10,2017,NA,"fest.lib.id.survey.na92","Europe","chacun son court","01.10.17"
NA,"strasbourg","France","tffnew2054",12,2017,1,"imdbady00096","Europe","artekino festival","01.12.17"
NA,"stuttgart","Germany","45",4,2012,20,"fest.lib.id1891","Europe","itfs internationales trickfilm-festival stuttgart",NA
NA,"stuttgart","Germany","416",4,2012,8,"fest.lib.id1891","Europe","itfs internationales trickfilm-festival stuttgart",NA
NA,"stuttgart","Germany","663",1,2013,NA,"fest.lib.id1923","Europe","filmwinter stuttgart festival for expanded media",NA
NA,"stuttgart","Germany","763",5,2014,20,"imdbady00877","Europe","indian film festival",NA
NA,"stuttgart","Germany","763",7,2014,20,"fest.lib.id.survey.na383","Europe","indian film festival",NA
NA,"stuttgart","Germany","879",4,2013,20,"fest.lib.id1891","Europe","itfs internationales trickfilm-festival stuttgart",NA
NA,"stuttgart","Germany","879",4,2015,20,"fest.lib.id1891","Europe","itfs internationales trickfilm-festival stuttgart",NA
NA,"stuttgart","Germany","1162",7,2012,20,"fest.lib.id.survey.na383","Europe","indian film festival",NA
NA,"stuttgart","Germany","1184",4,2013,23,"fest.lib.id1891","Europe","itfs internationales trickfilm-festival stuttgart",NA
NA,"stuttgart","Germany","1537",4,NA,NA,"fest.lib.id1891","Europe","itfs internationales trickfilm-festival stuttgart",NA
"SPECIAL MENTION","stuttgart","Germany","f8093",7,2017,NA,"fest.lib.id.survey.na383","Europe","indian film festival","01.07.17"
"-99","stuttgart","Germany","f8166",1,2018,NA,"fest.lib.id1923","Europe","filmwinter stuttgart festival for expanded media","01.01.18"
"-99","stuttgart","Germany","N1701508",3,2017,NA,"fest.lib.id1923","Europe","filmwinter stuttgart festival for expanded media","01.03.17"
NA,"sudbury","Canada","1335",9,2013,14,"fest.lib.id326","North America","cinefest sudbury",NA
NA,"sudbury","Canada","frnew823",6,2016,NA,"imdbady01362","North America","queer north film festival","01.06.16"
"winner – best two-spirited film – audience choice award","sudbury","Canada","frnew962",6,2016,NA,"imdbady01362","North America","queer north film festival","01.06.16"
NA,"sudbury","Canada","frnew962",11,2016,13,"fest.lib.id.na240","North America","hot docs canadian international documentary festival","01.11.16"
NA,"suzdal","Russia","1184",2,2013,27,"fest.lib.id.survey.na514","Europe","open russian festival of animated film",NA
NA,"svetlogorsk","Russia","f17365",7,2015,25,"imdbady00145","Europe","baltic debuts","01.07.15"
NA,"swansea","United Kingdom","idfnew1252",5,2016,12,"imdbady02260","Europe","wales international documentary festival","01.05.16"
NA,"sydney","Australia","16",2,2014,13,"fest.lib.id1443","Oceania","queer screen mardi gras film festival",NA
NA,"sydney","Australia","45",9,2013,20,"fest.lib.id.survey.na625","Oceania","sydney latin american film festival",NA
NA,"sydney","Australia","140",9,2014,20,"fest.lib.id.survey.na625","Oceania","sydney latin american film festival",NA
NA,"sydney","Australia","469",8,2015,NA,"fest.lib.id1443","Oceania","queer screen mardi gras film festival",NA
NA,"sydney","Australia","1051",6,NA,NA,"fest.lib.id1664","Oceania","sydney film festival",NA
NA,"sydney","Australia","1335",6,2013,5,"fest.lib.id1664","Oceania","sydney film festival",NA
"-99","sydney","Australia","f8222",10,2016,NA,"fest.lib.id122","Oceania","antenna film festival","01.10.16"
"Horan Gross Animation Award winner","sydney","Australia","I1503509",6,2015,NA,"fest.lib.id1664","Oceania","sydney film festival","01.06.15"
NA,"sydney","Australia","tffnew2042",10,2017,10,"fest.lib.id122","Oceania","antenna film festival","01.10.17"
NA,"sydney","Australia","tffnew473",1,2011,23,"imdbady01848","Oceania","short soup international short film festival","01.01.11"
NA,"sydney","Australia","tffnew2042",10,2017,10,"fest.lib.id122","Oceania","antenna film festival","01.10.17"
NA,"syracuse, new york","United States","1051",9,NA,NA,"fest.lib.id.survey.na626","North America","syracuse university's human rights film festival",NA
NA,"syros","Greece","I1705285",9,2017,NA,"fest.lib.id102","Europe","animasyros international animation festival","01.09.17"
NA,"szczecin","Poland","763",NA,2014,20,"fest.lib.id7893","Europe","european film fest",NA
"Best director","szczecin","Poland","f16641",NA,2011,NA,"fest.lib.id7893","Europe","european film fest",NA
NA,"sгјo paulo","Brazil","45",8,2013,20,"fest.lib.id1541","Latin America and Caribbean","sao paulo international short film festival",NA
NA,"sгјo paulo","Brazil","507",11,2013,7,"fest.lib.id1166","Latin America and Caribbean","mix brasil festival of sexual diversity",NA
NA,"sгјo paulo","Brazil","763",3,2015,20,"fest.lib.id.survey.na187","Latin America and Caribbean","ecofalante",NA
NA,"sгјo paulo","Brazil","998",10,2013,10,"fest.lib.id1540","Latin America and Caribbean","sao paulo international film festival",NA
"-99","tabor","Croatia","N1700342",7,2017,NA,"fest.lib.id1667","Europe","tabor film festival","01.07.17"
NA,"tacoma","United States","507",10,2012,5,"fest.lib.id6123","North America","tacoma film festival",NA
"-99","tacoma","United States","I1701298",10,2016,NA,"fest.lib.id6123","North America","tacoma film festival","01.10.16"
NA,"tainan","China","1335",11,2013,15,"fest.lib.id.survey.na615","Asia","south taiwan film festival",NA
NA,"tainan","Taiwan","1641",4,2013,3,"fest.lib.id.survey.na203","Asia","eureka! tainan city international children's film festival",NA
"-99","taipei","Taiwan","f7950",10,2016,NA,"fest.lib.id1674","Asia","taiwan international documentary festival","01.10.16"
NA,"taipei","Taiwan","frnew754",10,2016,22,"fest.lib.id8543","Asia","taiwan international queer film festival","01.10.16"
NA,"taipei","Taiwan","tffnew2054",10,2017,13,"fest.lib.id1853","Asia","women make waves film festival","01.10.17"
NA,"taipei city","China","192",10,2012,20,"fest.lib.id1853","Asia","women make waves film festival",NA
NA,"tallin","Estonia","idfnew1890",1,2018,31,"fest.lib.id.survey.na167","Europe","docpoint tallinn","01.01.18"
NA,"tallin","Estonia","768",11,2013,NA,"fest.lib.id.survey.na610","Europe","sleepwalkers student and short film festival","01.11.13"
NA,"tallinn","Estonia","45",11,2013,20,"fest.lib.id7530","Europe","tallinn black nights film festival",NA
NA,"tallinn","Estonia","416",11,2012,14,"fest.lib.id7530","Europe","tallinn black nights film festival",NA
NA,"tallinn","Estonia","763",1,2015,20,"fest.lib.id.survey.na167","Europe","docpoint tallinn",NA
NA,"tallinn","Estonia","1051",11,NA,NA,"fest.lib.id7530","Europe","tallinn black nights film festival",NA
NA,"tallinn","Estonia","1335",11,2013,15,"fest.lib.id7530","Europe","tallinn black nights film festival",NA
NA,"tallinn","Estonia","1641",11,2012,14,"fest.lib.id7530","Europe","tallinn black nights film festival",NA
NA,"tallinn","Estonia","f16680",11,2011,16,"fest.lib.id.na14","Europe","animated dreams","01.11.11"
"grand prix","tallinn","Estonia","f17365",11,2015,13,"fest.lib.id7530","Europe","tallinn black nights film festival","01.11.15"
NA,"tallinn","Estonia","tffnew2054",11,2016,11,"fest.lib.id7530","Europe","tallinn black nights film festival","01.11.16"
NA,"tallinn","Estonia","tffnew561",11,2012,13,"fest.lib.id7530","Europe","tallinn black nights film festival","01.11.12"
NA,"tampa","United States","879",2,2015,20,"fest.lib.id646","North America","flexfest florida",NA
NA,"tampa","United States","frnew597",10,2014,3,"fest.lib.id1679","North America","tampa international gay lesbian film festival","01.10.14"
NA,"tampa","United States","frnew717",10,2015,2,"fest.lib.id1679","North America","tampa international gay lesbian film festival","01.10.15"
NA,"tampa","United States","frnew754",10,2015,2,"fest.lib.id1679","North America","tampa international gay lesbian film festival","01.10.15"
NA,"tampa bay","United States","frnew823",10,2015,2,"fest.lib.id1679","North America","tampa international gay lesbian film festival","01.10.15"
NA,"tampa, florida","United States","832",10,2013,20,"fest.lib.id1679","North America","tampa international gay lesbian film festival",NA
NA,"tampere","Finland","663",3,2013,NA,"fest.lib.id1680","Europe","tampere film festival",NA
NA,"tampere","Finland","761",3,2014,NA,"fest.lib.id1680","Europe","tampere film festival",NA
"-99","tampere","Finland","I1701298",3,2017,NA,"fest.lib.id1680","Europe","tampere film festival","01.03.17"
NA,"tartu","Estonia","278",3,2013,18,"fest.lib.id1862","Europe","maailmafilmi festival / world film festival",NA
NA,"tartu","Estonia","idfnew1285",3,2016,14,"fest.lib.id1862","Europe","maailmafilmi festival / world film festival","01.03.16"
"Best Animated Film ","tashkent","Uzbekistan","416",10,2013,19,"fest.lib.id.survey.na630","Asia","tashkent international film forum golden guepard",NA
"Best Short Film and Best Cinematography Award","tbilisi","Georgia","761",6,2014,NA,"fest.lib.id.survey.na631","Asia","tbilisi international student film festival ""amirani""",NA
NA,"tbilisi","Georgia","763",12,2014,20,"fest.lib.id1688","Asia","tbilisi international film festival",NA
NA,"tbilisi","Georgia","1051",12,NA,NA,"fest.lib.id1688","Asia","tbilisi international film festival",NA
"Special Jury Mention","tbilisi","Georgia","1400",10,2014,10,"fest.lib.id.survey.na110","Asia","cinédoc tbilisi",NA
NA,"tbilisi","Georgia","tffnew2042",5,2017,11,"fest.lib.id.survey.na110","Asia","cinédoc tbilisi","01.05.17"
NA,"tbilisi","Georgia","tffnew2042",10,NA,NA,"fest.lib.id.survey.na110","Asia","cinédoc tbilisi",NA
NA,"tblisi","Georgia","tffnew2054",11,2016,28,"fest.lib.id1688","Asia","tbilisi international film festival","01.11.16"
"CIFEJ Prize ","tehran","Iran","416",3,2013,3,"fest.lib.id1691","MENA","tehran international animation festival",NA
NA,"tehran","Iran","763",11,2014,20,"fest.lib.id345","MENA","cinema verite",NA
NA,"tehran","Iran","1051",11,NA,NA,"fest.lib.id345","MENA","cinema verite",NA
NA,"tel aviv","Israel","45",5,2013,20,"fest.lib.id437","MENA","director's cut doc aviv",NA
NA,"tel aviv","Israel","93",5,2013,20,"fest.lib.id437","MENA","director's cut doc aviv",NA
NA,"tel aviv","Israel","416",6,2013,8,"fest.lib.id113","MENA","animix animation festival",NA
NA,"tel aviv","Israel","469",6,2013,NA,"fest.lib.id6240","MENA","tel aviv lgbt film festival",NA
NA,"tel aviv","Israel","761",6,2013,NA,"fest.lib.id.survey.na633","MENA","telaviv international student film festival",NA
NA,"tel aviv","Israel","1051",5,NA,NA,"fest.lib.id437","MENA","director's cut doc aviv",NA
NA,"tel aviv","Israel","I1702104",6,2016,NA,"fest.lib.id.survey.na633","MENA","telaviv international student film festival","01.06.16"
NA,"tel aviv","Israel","frnew482",6,2014,7,"fest.lib.id6240","MENA","tel aviv lgbt film festival","01.06.14"
NA,"tel aviv","Israel","frnew700",6,2015,6,"fest.lib.id6240","MENA","tel aviv lgbt film festival","01.06.15"
NA,"tel aviv","Israel","idfnew356",2,2013,27,"imdbady00513","MENA","epos art film festival","01.02.13"
NA,"tel aviv","Israel","1031",4,2013,NA,"fest.lib.id6240","MENA","tel aviv lgbt film festival","01.04.13"
NA,"tel-aviv","Israel","frnew382",6,2012,9,"fest.lib.id6240","MENA","tel aviv lgbt film festival","01.06.12"
NA,"telluride","United States","87",8,NA,NA,"fest.lib.id1697","North America","telluride film festival",NA
NA,"telluride","United States","1051",8,2012,20,"fest.lib.id1697","North America","telluride film festival",NA
NA,"telluride","United States","1520",8,2013,20,"fest.lib.id1697","North America","telluride film festival",NA
NA,"tenerife","Spain","123",9,2013,20,"fest.lib.id1700","Europe","tenerife shorts",NA
NA,"teplice","Czechia","879",6,2013,20,"fest.lib.id132","Europe","art film fest international film festival trencianske teplice",NA
NA,"tetouan","Morocco","tffnew2054",3,2017,25,"fest.lib.id.na437","MENA","tetouan international festival","01.03.17"
"A Matter of Act Golden Butterfly","the hague","Netherlands","16",3,2014,22,"fest.lib.id1189","Europe","movies that matter festival",NA
NA,"the hague","Netherlands","1051",3,NA,NA,"fest.lib.id1189","Europe","movies that matter festival",NA
NA,"the hague","Netherlands","942",3,NA,NA,"fest.lib.id1189","Europe","movies that matter festival",NA
NA,"thessaloniki","Greece","278",3,2013,15,"fest.lib.id1722","Europe","thessaloniki documentary festival",NA
"Cinematic Achievement Award","thessaloniki","Greece","761",10,2014,10,"fest.lib.id1740","Europe","thess international short film festival",NA
NA,"thessaloniki","Greece","1051",3,NA,NA,"fest.lib.id1722","Europe","thessaloniki documentary festival",NA
NA,"thessaloniki","Greece","1335",11,2013,1,"fest.lib.id1732","Europe","tiff thessaloniki international film festival",NA
NA,"thessaloniki","Greece","frnew700",9,2015,NA,"fest.lib.id1732","Europe","tiff thessaloniki international film festival","01.09.15"
NA,"thessaloniki","Greece","idfnew1378",3,2017,3,"fest.lib.id1722","Europe","thessaloniki documentary festival","01.03.17"
NA,"thessaloniki","Greece","tffnew2054",11,2016,4,"fest.lib.id1722","Europe","thessaloniki documentary festival","01.11.16"
NA,"thessaloniki","Greece","tffnew561",3,2013,15,"fest.lib.id1722","Europe","thessaloniki documentary festival","01.03.13"
"-99","thessaloniki ","Greece","N1701508",12,2018,NA,"fest.lib.id1732","Europe","tiff thessaloniki international film festival","01.12.18"
"indian premiere","thiruvananthapuram","India","idfnew1499",12,2017,8,"fest.lib.id903","Asia","international film festival of kerala thiruvananthapuram","01.12.17"
NA,"thiruvananthapuramв (or trivandrum)","India","278",2,2013,10,"fest.lib.id.survey.na604","Asia","signs film festival",NA
NA,"tiburon","United States","123",4,2013,20,"fest.lib.id1729","North America","tiburon international film festival",NA
"Golden Reel Award (Best Documentary)","tiburon","United States","278",4,2013,11,"fest.lib.id1729","North America","tiburon international film festival",NA
NA,"tiburon","United States","frnew382",4,2013,11,"fest.lib.id1729","North America","tiburon international film festival","01.04.13"
NA,"tiburon","United States","tffnew473",10,2010,22,"fest.lib.id1381","North America","petaluma international film festival","01.10.10"
NA,"tijuana","Mexico","frnew962",8,2016,4,"imdbady01134","Latin America and Caribbean","micgenero","01.08.16"
"","tiradentes ","Brazil","I1605334",1,2017,NA,"fest.lib.id.survey.na.ch.470","Latin America and Caribbean","mostra de cinema de tiradentes - mostra foco","01.01.17"
NA,"todmorden","United Kingdom","frnew700",8,2015,NA,"imdbady01932","Europe","ladyfest todmorden","01.08.15"
NA,"tokyo","Japan","507",7,2013,5,"fest.lib.id.na443","Asia","tokyo international lesbian & gay film festival",NA
NA,"tokyo","Japan","1007",4,2014,20,"fest.lib.id.na157","Asia","festival del cinema italiano di tokyo",NA
NA,"tokyo","Japan","1143",11,2013,11,"fest.lib.id1748","Asia","tokyo filmex",NA
"-99","tokyo","Japan","I1405498",6,2014,NA,"fest.lib.id1587","Latin America and Caribbean","short shorts film festival & asia","01.06.14"
NA,"tokyo","Japan","tffnew473",6,2010,10,"fest.lib.id1587","Latin America and Caribbean","short shorts film festival & asia","01.06.10"
NA,"tokyo","Japan","frnew730",8,2015,11,"imdbady00977","Asia","kineko international children's film festival","01.08.15"
"-99","tolouse","France","f17466",3,2015,NA,"fest.lib.id.survey.na111","Europe","cinelatino rencontres de toulouse","01.03.15"
"-99","tolouse ","Turkey","I1605334",3,2016,NA,"fest.lib.id115","Asia","ankara international film festival","01.03.16"
"3rd Place Short Film Category","toluca lake","United States","507",12,2012,25,"fest.lib.id8570","North America","back in the box competition",NA
NA,"topanga","United States","278",7,2013,18,"fest.lib.id7897","North America","topanga film festival",NA
NA,"torino","Italy","123",4,2014,20,"fest.lib.id1084","Europe","lovers film festival torino lgbtqi visions",NA
NA,"torino","Italy","507",4,2013,23,"fest.lib.id1084","Europe","lovers film festival torino lgbtqi visions",NA
NA,"torino","Italy","frnew382",4,2012,19,"id201","Europe","torino lgbt film festival","01.04.12"
NA,"torino","Italy","tffnew2054",11,2016,18,"fest.lib.id1704","Europe","torino film festival","01.11.16"
NA,"torino","Italy","tffnew561",5,2013,16,"fest.lib.id6853","Europe","festival cinemambiente","01.05.13"
NA,"toronto","Canada","16",5,2019,26,"fest.lib.id859","North America","inside out toronto lgbt film and video festival",NA
NA,"toronto","Canada","140",9,2013,20,"fest.lib.id1736","North America","tiff toronto international film festival",NA
"Best Canadian Film","toronto","Canada","440",5,2013,20,"fest.lib.id859","North America","inside out toronto lgbt film and video festival",NA
"Blue Wave Award","toronto","Canada","507",5,2013,4,"fest.lib.id8116","North America","lakeshorts international short film festival",NA
NA,"toronto","Canada","507",5,2013,31,"fest.lib.id859","North America","inside out toronto lgbt film and video festival",NA
NA,"toronto","Canada","763",10,2015,20,"fest.lib.id7551","North America","planet in focus",NA
"Best Documentary","toronto","Canada","832",9,2013,20,"fest.lib.id.survey.na641","North America","toronto student film festival",NA
NA,"toronto","Canada","998",9,2013,NA,"fest.lib.id1736","North America","tiff toronto international film festival",NA
NA,"toronto","Canada","1007",9,2013,20,"fest.lib.id1736","North America","tiff toronto international film festival",NA
NA,"toronto","Canada","1051",9,2013,NA,"fest.lib.id1736","North America","tiff toronto international film festival",NA
NA,"toronto","Canada","1051",3,NA,NA,"fest.lib.id.survey.na448","North America","lightbox: human rights watch film festival",NA
"-99","toronto","Canada","f8309",10,2016,NA,"fest.lib.id1736","North America","tiff toronto international film festival","01.10.16"
NA,"toronto","Canada","frnew382",5,2012,17,"fest.lib.id859","North America","inside out toronto lgbt film and video festival","01.05.12"
NA,"toronto","Canada","frnew382",6,2012,5,"imdbady01246","North America","worldwide short film festival","01.06.12"
NA,"toronto","Canada","frnew383",5,2012,17,"fest.lib.id859","North America","inside out toronto lgbt film and video festival","01.05.12"
"winner: audience award","toronto","Canada","frnew383",6,2015,7,"imdbady01781","North America","revue cinema short shorts festival","01.06.15"
NA,"toronto","Canada","frnew700",8,2016,12,"imdbady01944","North America","queer west film festival toronto","01.08.16"
"winner, audience choice award (screenplay)","toronto","Canada","frnew823",6,2013,19,"imdbady00558","North America","female eye film festival","01.06.13"
NA,"toronto","Canada","frnew823",5,2015,21,"fest.lib.id859","North America","inside out toronto lgbt film and video festival","01.05.15"
"world premiere","toronto","Canada","frnew962",5,2016,26,"fest.lib.id859","North America","inside out toronto lgbt film and video festival","01.05.16"
NA,"toronto","Canada","idfnew1890",4,2018,26,"fest.lib.id.na240","North America","hot docs canadian international documentary festival","01.04.18"
NA,"toronto","Canada","tffnew1199",9,2014,4,"fest.lib.id1736","North America","tiff toronto international film festival","01.09.14"
NA,"toronto","Canada","tffnew2042",9,2016,8,"fest.lib.id1736","North America","tiff toronto international film festival","01.09.16"
NA,"toronto","Canada","tffnew2042",5,2017,4,"imdbady01639","North America","toronto jewish film festival","01.05.17"
NA,"toronto","Canada","tffnew473",4,2010,NA,"fest.lib.id.na424","North America","sprockets toronto international film festival for children","01.04.10"
NA,"toronto","Canada","tffnew473",11,2010,2,"imdbady01866","North America","diaspora film festival","01.11.10"
NA,"toronto","Canada","frnew730",4,2015,7,"fest.lib.id1731","North America","tiff kids international film festival","01.04.15"
NA,"toronto","Canada","1031",5,2013,NA,"fest.lib.id859","North America","inside out toronto lgbt film and video festival","01.05.13"
NA,"toronto","Canada","idfnew1378",4,2016,28,"fest.lib.id.na240","North America","hot docs canadian international documentary festival","01.04.16"
NA,"toronto","Canada","tffnew2042",5,2017,4,"imdbady01639","North America","toronto jewish film festival","01.05.17"
NA,"toronto","Canada","tffnew2054",9,2016,8,"fest.lib.id1736","North America","tiff toronto international film festival","01.09.16"
NA,"toronto","Canada","tffnew2054",11,2017,3,"fest.lib.id1483","North America","rendezvous with madness film festival","01.11.17"
NA,"toronto","Canada","tffnew561",9,2012,6,"fest.lib.id1736","North America","tiff toronto international film festival","01.09.12"
"faroe islands premiere","tórshavn","Denmark","frnew962",9,2017,7,"imdbady01918","Europe","faroe islands international minority film festival","01.09.17"
NA,"torun","Poland","tffnew2054",10,2016,15,"imdbady00905","Europe","international film festival tofifest","01.10.16"
NA,"toulouse","France","87",9,NA,NA,"fest.lib.id1569","Europe","festival international sequence court-metrage, toulouse",NA
NA,"toulouse","France","140",3,2014,20,"imdbady01643","Europe","toulouse cinelatino film festival",NA
NA,"toulouse","France","416",9,2012,16,"fest.lib.id1569","Europe","festival international sequence court-metrage, toulouse",NA
"Best Short Film, Prix Signs","toulouse","France","761",3,2014,NA,"fest.lib.id.survey.na111","Europe","cinelatino rencontres de toulouse",NA
NA,"toulouse","France","879",11,2013,20,"fest.lib.id.survey.na212","Europe","extreme cinema festival, toulouse",NA
NA,"toulouse","France","879",9,2015,20,"fest.lib.id1569","Europe","festival international sequence court-metrage, toulouse",NA
NA,"toulouse","France","1520",10,NA,NA,"fest.lib.id.na448","Europe","toulouse cinespana film festival",NA
NA,"toulouse","France","I1701992",9,2017,NA,"fest.lib.id1569","Europe","festival international sequence court-metrage, toulouse","01.09.17"
NA,"toulouse","France","idfnew1285",3,2016,11,"fest.lib.id.survey.na111","Europe","cinelatino rencontres de toulouse","01.03.16"
NA,"tours","France","1007",2,2015,20,"fest.lib.id.survey.na673","Europe","viva il cinema! journees du film italien a tours",NA
"-99","transylvania","Romania","f7963",5,2016,27,"fest.lib.id1737","Europe","transilvania international film festival","01.05.16"
"The Stanley Kubrick Award for Bold and Innovative Filmmaking","traverse city","United States","1051",7,2013,20,"fest.lib.id1766","North America","traverse city film festival",NA
NA,"traverse city","United States","frnew730",7,2015,28,"fest.lib.id1766","North America","traverse city film festival","01.07.15"
NA,"traverse city","United States","tffnew561",8,2013,2,"fest.lib.id1766","North America","traverse city film festival","01.08.13"
"Best Short Film Award ","trebon","Czechia","416",5,2013,3,"fest.lib.id885","Europe","anifilm international festival of animated films",NA
"-99","trencianske","Slovakia","I1505412",6,2015,NA,"fest.lib.id132","Europe","art film fest international film festival trencianske teplice","01.06.15"
NA,"trencianske teplice","Slovakia","frnew482",6,2014,21,"fest.lib.id132","Europe","art film fest international film festival trencianske teplice","01.06.14"
NA,"trento","Italy","45",4,2014,20,"fest.lib.id.na453","Europe","trento film festival",NA
"Winner Feature Length Award","trento","Italy","763",11,2014,20,"fest.lib.id.survey.na651","Europe","tutti nello stesso piatto",NA
NA,"trenдќianske teplice","Slovakia","1335",6,2013,21,"fest.lib.id132","Europe","art film fest international film festival trencianske teplice",NA
"Best Short Film","trenдќг­n","Slovakia","45",6,2013,20,"fest.lib.id132","Europe","art film fest international film festival trencianske teplice",NA
NA,"triest","Italy","507",1,2013,20,"fest.lib.id1770","Europe","trieste film festival",NA
NA,"trieste","Italy","1641",6,2013,30,"fest.lib.id.survey.na455","Europe","maremetraggio int'l short film and debut work festival",NA
NA,"trieste","Italy","idfnew356",1,2013,17,"fest.lib.id1770","Europe","trieste film festival","01.01.13"
NA,"tripoli","Lebanon","1143",11,2013,11,"fest.lib.id1772","MENA","tripoli international film festival",NA
"-99","tripoli","Lebanon","I1605397",11,NA,NA,"fest.lib.id1772","MENA","tripoli international film festival",NA
NA,"tromso","Norway","I1704092",1,2017,16,"fest.lib.id1774","Europe","tromsø international film festival","01.01.17"
NA,"tromso","Norway","tffnew2054",1,2017,16,"fest.lib.id1774","Europe","tromsø international film festival","01.01.17"
NA,"tromso","Norway","tffnew2042",1,2017,16,"fest.lib.id1774","Europe","tromsø international film festival","01.01.17"
NA,"trondheim","Norway","1335",4,2013,15,"fest.lib.id.na286","Europe","kosmorama trondheim",NA
NA,"trondheim","Norway","I1704092",1,2017,25,"fest.lib.id7733","Europe","minimalen short film festival","01.01.17"
NA,"trouville","France","1641",8,2012,31,"fest.lib.id1300","Europe","off courts ",NA
"-99","trouville","France","I1605397",8,NA,NA,"fest.lib.id1300","Europe","off courts ",NA
"-99","trouville-sur-mer","France","I1505412",8,2015,NA,"fest.lib.id1300","Europe","off courts ","01.08.15"
"Special Jury Prize","truskavets","Ukraine","I1200099",NA,2012,NA,"imdbady02482","Europe","truskavets international short film festival",NA
NA,"tubingen","Germany","f16571",4,2012,NA,"fest.lib.id1908","Europe","international women's film festival","01.04.12"
NA,"tubingen","Germany","f16571",4,2012,NA,"fest.lib.id1908","Europe","international women's film festival","01.04.12"
NA,"tucson (arizona)","United States","496",NA,2014,20,"fest.lib.id.survey.na32","North America","annual lesbian looks film festival",NA
NA,"tucson, arizona","United States","469",1,2013,NA,"fest.lib.id1335","North America","out in the desert film festival",NA
"-99","tuebingen","Germany","f17466",4,2015,NA,"imdbady00330","Europe","cine latino tübingen","01.04.15"
NA,"tuktoyaktuk","Canada","frnew962",2,2018,NA,"imdbady01924","North America","rainbow days","01.02.18"
"Winner","tulcea","Romania","763",7,2014,20,"fest.lib.id.survey.na533","Europe","pelicam documentary film festival",NA
NA,"tunis","Tunisia","1051",12,NA,NA,"fest.lib.id810","MENA","human screen festival",NA
NA,"tunisia","Tunisia","1692",11,2012,NA,"fest.lib.id955","MENA","carthage film festival","01.11.12"
"Documentary Jury Special Mention","turin","Italy","16",4,NA,NA,"fest.lib.id1084","Europe","lovers film festival torino lgbtqi visions",NA
NA,"turin","Italy","253",4,NA,NA,"fest.lib.id1084","Europe","lovers film festival torino lgbtqi visions",NA
"The Student Council Award","turin","Italy","278",6,2013,31,"fest.lib.id6853","Europe","festival cinemambiente",NA
"Best Short Film","turin","Italy","440",4,2014,20,"fest.lib.id1084","Europe","lovers film festival torino lgbtqi visions",NA
"Winner IREN Award","turin","Italy","763",6,2014,20,"fest.lib.id6853","Europe","festival cinemambiente",NA
NA,"turin","Italy","879",3,2014,20,"fest.lib.id5246","Europe","sotto18 film festival turin",NA
NA,"turin","Italy","1007",11,2013,20,"fest.lib.id1704","Europe","torino film festival",NA
NA,"turin","Italy","1143",6,2014,31,"fest.lib.id6853","Europe","festival cinemambiente",NA
"-","turkey","Turkey","f8278",9,2017,NA,"fest.lib.id30","Asia","golden boll international film festival","01.09.17"
"-99","turkey","Turkey","I1503509",4,2014,NA,"fest.lib.id942","Asia","istanbul film festival","01.04.14"
NA,"turnhout","Belgium","998",3,2013,NA,"fest.lib.id.na319","Europe","mooov filmfestival",NA
NA,"tuzla","Bosnia & Herzegovina","416",9,2013,18,"fest.lib.id9613","Europe","tuzla film festival",NA
NA,"tг©touan","Morocco","87",4,NA,NA,"fest.lib.id.na437","MENA","tetouan international festival",NA
NA,"tubingen","Germany","1335",11,2013,30,"fest.lib.id2009","Europe","festival international du film francophone tubingen stuttgart",NA
NA,"tubingen/ stuttgart","Germany","46",11,2013,10,"fest.lib.id2009","Europe","festival international du film francophone tubingen stuttgart",NA
"-99","u.k.","United Kingdom","I1101332",11,2010,NA,"fest.lib.id1039","Europe","leedsfilmfest","01.11.10"
NA,"uherské hradiště","Czechia","idfnew1890",7,2018,27,"imdbady01581","Europe","summer film school","01.07.18"
"-99","uk","United Kingdom","f17515",10,2015,NA,"fest.lib.id208","Europe","bfi london film festival","01.10.15"
"-99","uk","United Kingdom","f17515",11,2015,NA,"fest.lib.id7588","Europe","brighton film festival","01.11.15"
"","uk","United Kingdom","f8222",11,2017,NA,"fest.lib.id1787","Europe","uk jewish film festival","01.11.17"
NA,"uk","United Kingdom","942",3,NA,NA,"fest.lib.id809","North America","human rights watch london",NA
NA,"uk","United Kingdom","942",NA,NA,NA,"fest.lib.id9142","Europe","sheffield film festival",NA
"Winner Best Doc","ukraine","Ukraine","f9110",NA,2013,NA,"imdbady02396","Europe","kinolitopys international documentary film festival",NA
NA,"umbria","Italy","1641",7,2013,10,"fest.lib.id.survey.na654","Europe","umbria film festival",NA
NA,"umeгґ","Sweden","205",9,2013,20,"fest.lib.id.na255","Europe","umea international short film festival",NA
NA,"uppsala","Sweden","123",10,2013,20,"fest.lib.id1795","Europe","uppsala international short film festival",NA
NA,"uppsala","Sweden","205",10,2012,22,"fest.lib.id1795","Europe","uppsala international short film festival",NA
NA,"uppsala","Sweden","205",10,2014,20,"fest.lib.id1795","Europe","uppsala international short film festival",NA
NA,"uppsala","Sweden","663",10,2012,10,"fest.lib.id1795","Europe","uppsala international short film festival",NA
NA,"uppsala","Sweden","879",10,2014,20,"fest.lib.id1795","Europe","uppsala international short film festival",NA
NA,"uppsala","Sweden","I1704092",10,2016,24,"fest.lib.id1795","Europe","uppsala international short film festival","01.10.16"
"European Film Awards Nomination","uppsala","Sweden","f7893",10,NA,NA,"fest.lib.id1795","Europe","uppsala international short film festival",NA
"-99","uppsala ","Sweden","I1605334",6,2016,NA,"fest.lib.id1795","Europe","uppsala international short film festival","01.06.16"
NA,"urnieta","Spain","1520",1,NA,NA,"fest.lib.id.survey.na486","Europe","muestra de cortometrajes sobre la mujer de l'alcudia",NA
"-99","uruguay","Uruguay","f17515",4,2016,NA,"fest.lib.id907","Latin America and Caribbean","festival internacional de cine de uruguay","01.04.16"
"-99","us","United States","f8222",2,2017,NA,"fest.lib.id7521","North America","san diego jewish film festival","01.02.17"
"-99","us","United States","f8222",4,2017,NA,"imdbady01726","North America","westchester jewish film festival","01.04.17"
"-99","us","United States","f8222",7,2017,NA,"fest.lib.id5985","North America","san francisco jewish film festival","01.07.17"
"prize of the jury","usa","United States","f17200",2,2015,NA,"fest.lib.id646","North America","flexfest florida","01.02.15"
"-99","usa","United States","f17200",4,2015,NA,"imdbady00415","North America","crossroads film society","01.04.15"
"-","usa","United States","f8278",3,2017,NA,"imdbady00305","North America","chicago european union film festival","01.03.17"
"-99","usa","United States","I1503509",10,2014,NA,"fest.lib.id162","North America","austin film festival","01.10.14"
NA,"usa","United States","942",1,2013,NA,"fest.lib.id1658","North America","sundance film festival","01.01.13"
NA,"val de marne","France","1641",2,2013,NA,"fest.lib.id320","Europe","festival cine junior",NA
"-99","val-de-bièvre","France","I1605397",11,NA,NA,"imdbady00028","Europe","afrique sur bièvre film festival",NA
NA,"valencia","Spain","45",6,2013,20,"fest.lib.id338","Europe","cinema jove valencia international film festival",NA
NA,"valencia","Spain","123",6,2013,20,"fest.lib.id338","Europe","cinema jove valencia international film festival",NA
NA,"valencia","Spain","416",6,2013,21,"fest.lib.id338","Europe","cinema jove valencia international film festival",NA
NA,"valencia","Spain","879",6,2014,20,"fest.lib.id338","Europe","cinema jove valencia international film festival",NA
NA,"valencia","Spain","frnew597",6,2015,15,"imdbady01805","Europe","valencia lgbt film festival","01.06.15"
NA,"valencia","Spain","frnew754",4,2015,15,"imdbady01790","Europe","festival cortometrajes radio city","01.04.15"
NA,"valencia","Argentina","frnew860",6,2017,2,"imdbady01805","Europe","valencia lgbt film festival","01.06.17"
"Grand Prize, Special Mention - Critic's Jury","valenciennes","France","1051",3,2013,20,"fest.lib.id.na461","Europe","festival de cinema valenciennes",NA
"best film","valetta","Malta","I1704092",7,2017,28,"imdbady00978","Europe","kinemastik international short film festival","01.07.17"
"special mention","valetta","Malta","tffnew473",11,2009,NA,"imdbady01845","Europe","golden knight malta international short film festival","01.11.09"
NA,"valladolid","Spain","16",10,2015,13,"fest.lib.id1565","Europe","seminci valladolid international film festival",NA
"Audience Choice Award","valladolid","Spain","440",10,2014,20,"fest.lib.id1565","Europe","seminci valladolid international film festival",NA
NA,"valladolid","Spain","507",10,2012,20,"fest.lib.id1565","Europe","seminci valladolid international film festival",NA
NA,"valladolid","Spain","frnew382",4,NA,NA,"id023","Europe","cinhomo valladolid lgbt film festival",NA
"winner – best documentary (long) – jury award / spain premiere","valladolid","Spain","frnew962",3,2017,27,"id023","Europe","cinhomo valladolid lgbt film festival","01.03.17"
NA,"valladolid","Spain","frnew962",5,2018,NA,"id023","Europe","cinhomo valladolid lgbt film festival","01.05.18"
NA,"valladolid","Spain","idfnew1285",10,2015,24,"fest.lib.id1565","Europe","seminci valladolid international film festival","01.10.15"
NA,"valladolid","Spain","tffnew2054",10,2017,21,"fest.lib.id1565","Europe","seminci valladolid international film festival","01.10.17"
NA,"vancouver","Canada","87",10,NA,NA,"fest.lib.id1821","North America","vancouver international film festival",NA
NA,"vancouver","Canada","140",10,2013,20,"fest.lib.id1821","North America","vancouver international film festival",NA
NA,"vancouver","Canada","763",10,2014,20,"fest.lib.id1821","North America","vancouver international film festival",NA
NA,"vancouver","Canada","1143",10,2014,9,"fest.lib.id1821","North America","vancouver international film festival",NA
NA,"vancouver","Canada","1184",4,2014,NA,"fest.lib.id1461","North America","reel 2 real international film festival",NA
NA,"vancouver","Canada","1335",10,2013,26,"fest.lib.id1821","North America","vancouver international film festival",NA
"-99","vancouver","Canada","f8308",9,2017,NA,"fest.lib.id1821","North America","vancouver international film festival","01.09.17"
"Audience Award","vancouver","Canada","I1600833",4,2015,NA,"imdbady00358","North America","cinema spectacular, vancouver","01.04.15"
NA,"vancouver","Canada","frnew383",8,2012,16,"imdbady01276","North America","out on screen vancouver international film festival","01.08.12"
NA,"vancouver","Canada","frnew597",8,2014,14,"imdbady01276","North America","out on screen vancouver international film festival","01.08.14"
NA,"vancouver","Canada","frnew597",11,2015,4,"imdbady01276","North America","out on screen vancouver international film festival","01.11.15"
"nominee, best emerging bc filmmaker (maureen bradley)","vancouver","Canada","frnew823",10,2014,25,"fest.lib.id1821","North America","vancouver international film festival","01.10.14"
"nominee, best bc film","vancouver","Canada","frnew823",10,2014,25,"fest.lib.id1821","North America","vancouver international film festival","01.10.14"
"spotlight film / western canada premiere","vancouver","Canada","frnew962",8,2016,11,"imdbady01276","North America","out on screen vancouver international film festival","01.08.16"
NA,"vancouver","Canada","frnew962",3,2021,17,"imdbady01927","North America","globaleyes film festival","01.03.21"
"most inspirational short film","vancouver","Canada","frnew730",4,2015,8,"fest.lib.id1461","North America","reel 2 real international film festival","01.04.15"
NA,"vancouver","Canada","idfnew1285",8,2016,25,"imdbady01028","North America","vancouver latin american film festival","01.08.16"
NA,"vancouver","Canada","tffnew561",9,2012,27,"fest.lib.id1821","North America","vancouver international film festival","01.09.12"
NA,"varazdin","Croatia","416",4,2014,22,"fest.lib.id3166","Europe","vafi international children and youth festival",NA
"-99","various",NA,"I1503978",NA,2016,NA,"imdbady02486",NA,"future shorts",NA
NA,"various","Lithuania","tffnew2042",10,2017,12,"fest.lib.id29","Europe","inconvenient films lithuania","01.10.17"
NA,"various","Mexico","tffnew2042",1,NA,NA,"fest.lib.id83","Latin America and Caribbean","gira de documentales ambulante",NA
NA,"various",NA,"tffnew473",5,2010,7,"imdbady01850",NA,"très court international film festival","01.05.10"
NA,"various","Germany","idfnew1252",5,2016,10,"fest.lib.id.survey.na494","Europe","neisse filmfestival","01.05.16"
NA,"various","Colombia","idfnew1252",8,2016,19,"imdbady02250","Latin America and Caribbean","cordoba international film festival","01.08.16"
"Bulgarian FilmmakersвЂ™ Union Award ","varna","Bulgaria","416",9,2012,10,"imdbady01691","Europe","varna international film festival",NA
NA,"varna","Bulgaria","1184",9,2013,11,"fest.lib.id1860","Europe","varna world festival of animated film ",NA
NA,"vaulx-en-velin","France","1488",1,2013,20,"fest.lib.id.survey.na283","Europe","festival du film court francophone de vaulx-en-velin- un poing c'est court",NA
"-99","veliki tabor","Croatia","I1600833",7,2016,NA,"fest.lib.id1667","Europe","tabor film festival","01.07.16"
NA,"venlo","Netherlands","tffnew473",6,2010,17,"imdbady01853","Europe","international short film festival venlo","01.06.10"
NA,"verano","Italy","1641",3,2013,NA,"fest.lib.id.survey.na646","Europe","trick animation film festival verano",NA
NA,"verona","Italy","416",3,2012,11,"fest.lib.id.survey.na646","Europe","trick animation film festival verano",NA
NA,"verona","Italy","998",10,2013,11,"fest.lib.id1811","Europe","cinemaafricano",NA
NA,"verona","Italy","tffnew2042",10,2017,NA,"imdbady02012","Europe","mediorizzonti","01.10.17"
NA,"verona","Italy","tffnew2042",10,2017,9,"imdbady02012","Europe","mediorizzonti","01.10.17"
NA,"victoria","United States","507",4,2013,4,"fest.lib.id5226","North America","victoria tx independent film festival",NA
"-99","victoria","Canada","I1600833",2,2016,NA,"fest.lib.id.na467","North America","victoria independent film and video festival","01.02.16"
"Winner, Best Canadian Film ","victoria","Canada","frnew823",2,2015,6,"fest.lib.id.na467","North America","victoria independent film and video festival","01.02.15"
"Best of Fest","victoria, texas","United States","1051",4,2014,20,"fest.lib.id5226","North America","victoria tx independent film festival",NA
NA,"vienna","Austria","45",5,2013,20,"fest.lib.id2180","Europe","ethnocineca ethnographic and documentary filmfest vienna",NA
NA,"vienna","Austria","205",3,2013,20,"fest.lib.id1769","Europe","tricky women film festival",NA
NA,"vienna","Austria","496",10,2013,20,"fest.lib.id1818","Europe","viennale vienna international film festival",NA
NA,"vienna","Austria","729",10,2015,20,"fest.lib.id1818","Europe","viennale vienna international film festival",NA
NA,"vienna","Austria","729",7,2016,20,"fest.lib.id.survey.na39","Europe","architektur.film.sommer",NA
NA,"vienna","Austria","763",10,2014,20,"fest.lib.id1818","Europe","viennale vienna international film festival",NA
NA,"vienna","Austria","879",5,2013,20,"fest.lib.id.survey.na667","Europe","vienna independent shorts, animation avantgarde",NA
NA,"vienna","Austria","1184",3,2013,6,"fest.lib.id1769","Europe","tricky women film festival",NA
NA,"vienna","Austria","1335",10,2013,24,"fest.lib.id1818","Europe","viennale vienna international film festival",NA
NA,"vienna","Austria","frnew382",6,2013,6,"imdbady00861","Europe","identities queer film festival","01.06.13"
NA,"vienna","Austria","frnew860",12,2015,3,"fest.lib.id1725","Europe","this human world international human rights film festival","01.12.15"
"austria premiere","vienna","Austria","frnew962",11,2017,9,"imdbady01652","Europe","transition - international queer minorities film festival","01.11.17"
NA,"vienna","Austria","idfnew356",3,2012,21,"fest.lib.id.na164","Europe","festival du film francophone de vienne","01.03.12"
NA,"vienna","Austria","idfnew1285",12,2016,1,"fest.lib.id1725","Europe","this human world international human rights film festival","01.12.16"
NA,"vienna","Austria","idfnew1378",10,2016,20,"fest.lib.id1818","Europe","viennale vienna international film festival","01.10.16"
"-99","vienna ","Austria","I1605334",5,2016,NA,"fest.lib.id.survey.na667","Europe","vienna independent shorts, animation avantgarde","01.05.16"
"-99","vienna","Austria","f8327",3,2017,NA,"fest.lib.id1769","Europe","tricky women film festival","01.03.17"
NA,"vila do conde","Portugal","1184",7,2013,6,"fest.lib.id6352","Europe","curtas vila do conde",NA
"-99","vila do conde","Portugal","f17027",7,2018,NA,"fest.lib.id6352","Europe","curtas vila do conde","01.07.18"
"-99","vila do conde","Portugal","f8093",7,2017,NA,"fest.lib.id6352","Europe","curtas vila do conde","01.07.17"
NA,"villerupt","France","1007",10,2014,20,"fest.lib.id.na468","Europe","festival du film italien de villerupt",NA
NA,"villeurbanne","France","87",11,NA,NA,"fest.lib.id.na471","Europe","european international short film festival villeurbanne",NA
"Region RhГґne-Alpes Award","villeurbanne","France","1537",11,NA,NA,"fest.lib.id.na471","Europe","european international short film festival villeurbanne",NA
NA,"vilnius","Lithuania","416",10,2012,22,"fest.lib.id.na440","Europe","international animation film festival tindirindis",NA
NA,"vilnius","Lithuania","507",1,2013,10,"fest.lib.id2792","Europe","vilnius international short film festival",NA
NA,"vilnius","Lithuania","761",1,2014,10,"fest.lib.id2792","Europe","vilnius international short film festival",NA
NA,"vilnius","Lithuania","1051",11,NA,NA,"fest.lib.id.na401","Europe","european film forum scanorama",NA
NA,"vilnius","Lithuania","1184",10,2013,12,"fest.lib.id.na440","Europe","international animation film festival tindirindis",NA
NA,"vilnius","Lithuania","1335",1,2014,23,"fest.lib.id.survey.na349","Europe","french film festival les ecrans d'hiver",NA
NA,"vilnius","Lithuania","I1704092",1,2017,18,"fest.lib.id2792","Europe","vilnius international short film festival","01.01.17"
"-99","vilnius","Lithuania","I1503978",3,2015,NA,"fest.lib.id.na473","Europe","vilnius international film festival","01.03.15"
"-99","vilnius","Lithuania","I1701298",3,2017,NA,"fest.lib.id.na473","Europe","vilnius international film festival","01.03.17"
"-99","vilnius","Lithuania","I1701298",1,2018,NA,"fest.lib.id2792","Europe","vilnius international short film festival","01.01.18"
NA,"vilnius","Lithuania","frnew382",9,2012,6,"fest.lib.id2792","Europe","vilnius international short film festival","01.09.12"
NA,"vilnius","Lithuania","idfnew1252",10,2016,13,"fest.lib.id29","Europe","inconvenient films lithuania","01.10.16"
NA,"vilnius","Lithuania","tffnew2042",10,2017,26,"fest.lib.id29","Europe","inconvenient films lithuania","01.10.17"
NA,"vilnius","Lithuania","tffnew561",3,2013,14,"fest.lib.id.na473","Europe","vilnius international film festival","01.03.13"
"-99","vilnus","Lithuania","f9051",10,2011,NA,"fest.lib.id.na440","Europe","international animation film festival tindirindis","01.10.11"
NA,"vladivostok","Russia","45",9,2012,20,"fest.lib.id901","Europe","iff pacific meridian - international film festival of asian-pacific countries",NA
NA,"vladivostok","Russia","1335",9,2013,7,"fest.lib.id901","Europe","iff pacific meridian - international film festival of asian-pacific countries",NA
NA,"vladivostok","Russia","f17365",9,2015,12,"fest.lib.id901","Europe","iff pacific meridian - international film festival of asian-pacific countries","01.09.15"
NA,"vlissingen","Netherlands","f16428",9,2011,NA,"fest.lib.id895","Europe","film by the sea film festival","01.09.11"
NA,"volda","Norway","1400",4,2014,NA,"fest.lib.id.survey.na178","Europe","dokfilm norway - the norwegian documentary film festival",NA
NA,"volda","Norway","idfnew1378",4,2016,20,"imdbady00469","Europe","dok film festival","01.04.16"
"-",NA,"Taiwan","f8278",5,2017,NA,"fest.lib.id1796","Asia","urban nomad film festival","01.05.17"
NA,"waikoloa","United States","507",5,2013,25,"fest.lib.id8013","North America","big island film festival",NA
NA,"warsaw","Poland","46",10,2013,10,"fest.lib.id1832","Europe","warsaw international film festival",NA
NA,"warsaw","Mexico","123",10,2012,20,"fest.lib.id1182","Latin America and Caribbean","morelia international film festival",NA
NA,"warsaw","Poland","416",10,2012,12,"fest.lib.id1832","Europe","warsaw international film festival",NA
NA,"warsaw","Poland","663",7,2013,NA,"fest.lib.id.survey.na148","Europe","d.i.y. film fest",NA
NA,"warsaw","Poland","f16574",10,2011,NA,"fest.lib.id1832","Europe","warsaw international film festival","01.10.11"
NA,"warsaw","Poland","f16574",10,2011,NA,"fest.lib.id1832","Europe","warsaw international film festival","01.10.11"
"prize for creating a rooted and profound role of mother","warsaw","Poland","f17365",11,2015,5,"fest.lib.id.na425","Europe","sputnik russian film festival","01.11.15"
"-99","warsaw","Poland","I1701298",10,2016,NA,"fest.lib.id1832","Europe","warsaw international film festival","01.10.16"
NA,"warsaw","Poland","frnew754",4,2015,NA,"fest.lib.id1034","Europe","lgbt film festival warsaw","01.04.15"
NA,"warsaw","Poland","idfnew356",5,2012,11,"fest.lib.id.na375","Europe","planete+ doc film festival","01.05.12"
"nominee: watch docs award: best feature-length documentary","warsaw","Poland","tffnew2042",12,2016,9,"fest.lib.id1836","Europe","international film festival watch docs. human rights in film. warsaw.","01.12.16"
"best animated film","warsaw","Poland","tffnew473",11,2009,13,"fest.lib.id7449","Europe","euroshorts film festival","01.11.09"
NA,"warsaw","Poland","tffnew473",7,2010,31,"fest.lib.id7964","Europe","film and art festival two riversides","01.07.10"
NA,"warsaw","Poland","idfnew1252",12,2015,4,"imdbady02013","Europe","watch docs belarus","01.12.15"
NA,"warsaw","Poland","idfnew1252",5,2016,18,"fest.lib.id2123","Europe","jewish motifs film festival","01.05.16"
NA,"warsaw","Poland","idfnew1252",4,2017,NA,"imdbady02246","Europe","ethnographic films review eyes and lenses","01.04.17"
NA,"warsaw","Poland","idfnew1252",11,2017,18,"imdbady02245","Europe","documentary film festival cinema with a soul","01.11.17"
NA,"warsaw","Poland","tffnew2042",12,2016,9,"fest.lib.id1836","Europe","international film festival watch docs. human rights in film. warsaw.","01.12.16"
"fipresci award","warsaw","Poland","tffnew2054",10,2016,9,"fest.lib.id1832","Europe","warsaw international film festival","01.10.16"
NA,"warsaw ","Poland","tffnew561",5,2013,10,"fest.lib.id.na375","Europe","planete+ doc film festival","01.05.13"
NA,"warsaw; wroclaw, lublin","Poland","idfnew1378",5,2017,12,"fest.lib.id.na316","Europe","millenium international documentary film festival","01.05.17"
NA,"washington","United States","507",9,2012,6,"fest.lib.id410","North America","dc shorts",NA
"","washington","United States","I1200099",4,2012,NA,"fest.lib.id.na478","North America","washington dc film fesitval","01.04.12"
NA,"washington","United States","idfnew1252",2,2016,24,"imdbady02007","North America","washington jewish film festival","01.02.16"
NA,"washington d.c.","United States","frnew754",10,2016,13,"fest.lib.id1462","North America","reel affirmations washington docs lgbt int'l film festival","01.10.16"
NA,"washington d.c.","United States","tffnew1199",3,2016,15,"fest.lib.id7713","North America","dc environmental film festival","01.03.16"
NA,"washington d.c.","United States","tffnew2042",5,2017,17,"imdbady02007","North America","washington jewish film festival","01.05.17"
NA,"washington d.c.","United States","tffnew2042",5,2017,17,"imdbady02007","North America","washington jewish film festival","01.05.17"
NA,"washington d.c.","United States","tffnew561",3,2013,12,"fest.lib.id7713","North America","dc environmental film festival","01.03.13"
NA,"washington, d.c.","United States","1184",9,2013,NA,"fest.lib.id410","North America","dc shorts",NA
NA,"weimar","Germany","45",5,2013,20,"fest.lib.id1913","Europe","backup_festival",NA
NA,"weimar","Germany","879",5,2015,20,"fest.lib.id1913","Europe","backup_festival",NA
NA,"weiterstadt","Germany","45",8,2013,20,"fest.lib.id.survey.na509","Europe","open air filmfest weiterstadt",NA
NA,"weiterstadt","Germany","frnew382",11,NA,NA,"fest.lib.id1963","Europe","kommunales kino schwulelesbisches filmtage weiterstadt",NA
NA,"weiterstadt","Germany","frnew823",10,2015,21,"fest.lib.id1963","Europe","kommunales kino schwulelesbisches filmtage weiterstadt","01.10.15"
NA,"weiterstadt","Germany","tffnew473",8,2010,12,"fest.lib.id.survey.na509","Europe","open air filmfest weiterstadt","01.08.10"
NA,"wellington","New Zealand","frnew382",5,NA,NA,"fest.lib.id.survey.na496","Oceania","new zealand's 'out takes' reel queer film festival",NA
NA,"wellington/ auckland","New Zealand","469",6,2013,NA,"fest.lib.id.survey.na496","Oceania","new zealand's 'out takes' reel queer film festival",NA
"Best Drama","wells","Canada","I1600833",8,2015,NA,"imdbady01161","North America","moonrise film festival","01.08.15"
NA,"wels","Austria","663",11,2012,11,"fest.lib.id7781","Europe","youki international youth media festival",NA
"-99","wels","Austria","I1600833",11,2015,NA,"fest.lib.id7781","Europe","youki international youth media festival","01.11.15"
NA,"west hollywood","United States","frnew382",6,2013,15,"imdbady00391","North America","cmg short film festival","01.06.13"
"indiana premiere","west lafayette","United States","frnew962",9,2018,28,"imdbady01780","North America","purdue lgbtq film festival","01.09.18"
"LENZING AWARD IN GOLD","weyregg","Austria","1641",6,2013,NA,"fest.lib.id.survey.na275","Europe","festival des nations d'ebensee",NA
"closing film / yukon premiere","whitehorse","Canada","frnew962",4,2017,7,"imdbady01912","North America","out north queer film festival","01.04.17"
NA,"whitehorse, yukon","Canada","1051",2,NA,NA,"fest.lib.id169","North America","available light film festival",NA
"Winner, Audience Award: Best Canadian Fiction Film ","whitehorse, yukon","Canada","frnew823",2,2015,7,"fest.lib.id169","North America","available light film festival","01.02.15"
NA,"whitewater, wisconsin","United States","16",9,2013,13,"fest.lib.id.survey.na662","North America","university of wisconsin-whitewater lgbt series",NA
NA,"wichita","United States","507",10,2012,10,"fest.lib.id7034","North America","tallgrass film festival",NA
NA,"wichita","United States","1162",10,2012,20,"fest.lib.id7034","North America","tallgrass film festival",NA
NA,"wiesbaden","Germany","879",10,2013,20,"fest.lib.id1983","Europe","international weekend of animation wiesbaden",NA
NA,"wiesbaden","Germany","1335",11,2013,15,"fest.lib.id1914","Europe","exground filmfest",NA
NA,"wiesbaden","Germany","f17365",4,2016,20,"fest.lib.id.survey.na330","Europe","filmfest osnabrueck/goeast","01.04.16"
NA,"wiesbaden","Germany","334",11,2013,NA,"fest.lib.id1914","Europe","exground filmfest","01.11.13"
NA,"wilmington","United States","tffnew2042",11,2016,9,"fest.lib.id7523","North America","cucalorus film festival","01.11.16"
NA,"wilmington","United States","tffnew2042",11,2016,9,"fest.lib.id7523","North America","cucalorus film festival","01.11.16"
NA,"windsor","Canada","1335",11,2013,5,"fest.lib.id7674","North America","windsor international film festival",NA
NA,"winnipeg","Canada","1184",3,2014,NA,"fest.lib.id.survey.na346","North America","freeze frame film festival",NA
NA,"winnipeg","Canada","1335",10,2013,18,"fest.lib.id.survey.na118","North America","cinemental winnipeg",NA
NA,"winnipeg","Canada","1641",3,2013,1,"fest.lib.id.survey.na346","North America","freeze frame film festival",NA
"manitoba premiere","winnipeg","Canada","frnew962",10,2016,11,"id414","North America","reel pride winnipeg","01.10.16"
NA,"winston-salem","United States","tffnew2042",3,2017,30,"fest.lib.id1497","North America","riverrun international film festival","01.03.17"
NA,"winterthur","Switzerland","87",11,NA,NA,"fest.lib.id1848","Europe","internationale kurzfilmtage winterthur",NA
NA,"winterthur","Switzerland","879",11,2013,20,"fest.lib.id1848","Europe","internationale kurzfilmtage winterthur",NA
NA,"winterthur","Switzerland","frnew382",11,2012,6,"fest.lib.id1848","Europe","internationale kurzfilmtage winterthur","01.11.12"
NA,"wissembourg","France","416",11,2012,12,"fest.lib.id.survey.na681","Europe","wissembourg rencontres internationales du cinema d'animation (rica)",NA
"Premier prix du Jury LycГ©en","wissembourg","France","1641",11,2012,12,"fest.lib.id.survey.na681","Europe","wissembourg rencontres internationales du cinema d'animation (rica)",NA
NA,"woodstock","United States","507",9,2012,12,"fest.lib.id1858","North America","woodstock film festival",NA
"-","wroclaw","Poland","f8278",7,2017,NA,"fest.lib.id1258","Europe","new horizons international film festival","01.07.17"
NA,"wroclaw","Poland","idfnew356",7,2013,18,"fest.lib.id1258","Europe","new horizons international film festival","01.07.13"
NA,"wroclaw","Poland","tffnew473",4,2010,21,"imdbady01852","Europe","kan film festival","01.04.10"
"Best debut","wrocław","Poland","f16641",7,2011,NA,"fest.lib.id1258","Europe","new horizons international film festival","01.07.11"
NA,"wrocе‚aw","Poland","45",7,2013,20,"fest.lib.id1258","Europe","new horizons international film festival",NA
NA,"wrocе‚awв ","Poland","1335",7,2013,18,"fest.lib.id1258","Europe","new horizons international film festival",NA
NA,"wuerzburg","Germany","f17365",1,2016,28,"fest.lib.id.survey.na411","Europe","internationales filmwochenende wuerzburg","01.01.16"
NA,"yamagata","Japan","278",10,2013,10,"fest.lib.id1867","Asia","yamagata international documentary film festival",NA
"Mayor's Prize","yamagata","Japan","1051",10,2013,20,"fest.lib.id1867","Asia","yamagata international documentary film festival",NA
"-99","yamagata","Japan","f17466",10,2015,NA,"imdbady01750","Asia","yamagata international movie festival","01.10.15"
NA,"yangon","Myanmar (Burma)","frnew597",11,2014,14,"imdbady00001","Asia","&proud yangon lgbt festival","01.11.14"
NA,"yekaterinburg","Russia","1184",12,2012,1,"fest.lib.id.na281","Europe","kinoproba film festival",NA
NA,"yekaterinburg","Russia","idfnew1252",11,2016,20,"imdbady02251","Europe","yekaterinburg jewish film festival","01.11.16"
"northwest territories premiere","yellowknife","Canada","frnew962",9,2016,28,"imdbady01904","North America","yellowknife international film festival","01.09.16"
NA,"yerevan","Armenia","45",6,2013,20,"fest.lib.id1306","Europe","one shot international short film festival",NA
NA,"yerevan","Armenia","278",7,2013,13,"fest.lib.id726","Europe","golden apricot yerevan international film festival",NA
NA,"yerevan","Armenia","416",11,2012,3,"fest.lib.id1456","Europe","reanimania international animation film festival",NA
NA,"yerevan","Armenia","761",7,2014,NA,"fest.lib.id726","Europe","golden apricot yerevan international film festival",NA
NA,"yerevan","Armenia","763",11,2016,20,"fest.lib.id8310","Europe","sunchild yerevan",NA
NA,"yerevan","Armenia","879",11,2014,20,"fest.lib.id1456","Europe","reanimania international animation film festival",NA
NA,"yerevan","Armenia","1520",7,NA,NA,"fest.lib.id726","Europe","golden apricot yerevan international film festival",NA
NA,"yerevan","Armenia","I1705285",11,2017,NA,"fest.lib.id1456","Europe","reanimania international animation film festival","01.11.17"
NA,"yerevan","Armenia","idfnew1252",9,2016,23,"imdbady02253","Europe","sose international film festival","01.09.16"
NA,"yogyakarta","Indonesia","1051",NA,NA,NA,"fest.lib.id2532","Asia","yogyakarta documentary film festival",NA
"-99","york","United Kingdom","I1701298",11,2017,NA,"fest.lib.id7263","Europe","aesthetica short film festival","01.11.17"
NA,"york city","United States","123",6,2013,20,"fest.lib.id1264","North America","new york city international film festival",NA
NA,"yuzhno-sakhalinsk","Russia","f17365",8,2015,21,"fest.lib.id2379","Europe","sakhalin international film festival","01.08.15"
NA,"zagreb","Croatia","416",5,2012,29,"fest.lib.id100","Europe","croatian animated film festival ",NA
NA,"zagreb","Croatia","761",10,2013,10,"fest.lib.id1875","Europe","zagreb film festival",NA
"Special Mention - Student Competition - Animafest Zagreb","zagreb","Croatia","879",5,2014,20,"fest.lib.id100","Europe","croatian animated film festival ",NA
"Movies that Matter Award","zagreb","Croatia","1051",2,2013,20,"fest.lib.id1876","Europe","zagreb dox film festival",NA
"-99","zagreb","Croatia","I1600833",10,2016,NA,"imdbady01255","Europe","one take film festival","01.10.16"
NA,"zagreb","Croatia","frnew700",11,2015,3,"imdbady01937","Europe","vox feminae film festival","01.11.15"
NA,"zaragoza","Spain","763",5,2015,20,"fest.lib.id8023","Europe","ecozine",NA
NA,"zeleni otok - batina","Croatia","416",8,2013,23,"fest.lib.id.survey.na53","Europe","baranja animation festival",NA
NA,"zilina","Slovakia","416",6,2012,28,"fest.lib.id.na141","Europe","fest anca international animation festival",NA
"-99","zilina","Slovakia","I1701298",7,2017,NA,"fest.lib.id.na141","Europe","fest anca international animation festival","01.07.17"
"Prix Hermina Tyrlova (artistes moins de 35 ans","zlin","Czechia","1641",5,2013,27,"fest.lib.id1883","Europe","zlin international film festival for children and youth",NA
NA,"zlг­n","Czechia","1184",5,2013,27,"fest.lib.id1883","Europe","zlin international film festival for children and youth",NA
NA,"zurich","Switzerland","16",4,2015,29,"fest.lib.id1391","Europe","pink apple queer film festival",NA
NA,"zurich","Switzerland","123",9,2013,20,"fest.lib.id1887","Europe","zurich film festival",NA
"-99","zurich","Switzerland","f8222",3,2017,NA,"imdbady01753","Europe","yesh film festival","01.03.17"
NA,"zurich","Switzerland","frnew382",5,2012,2,"fest.lib.id1391","Europe","pink apple queer film festival","01.05.12"
"nominee golden eye: best international documentary film","zurich","Switzerland","tffnew2042",9,2016,22,"fest.lib.id1887","Europe","zurich film festival","01.09.16"
NA,"zurich","Switzerland","tffnew2042",3,2017,23,"imdbady01753","Europe","yesh film festival","01.03.17"
NA,"zurich","Switzerland","tffnew2042",9,2016,22,"fest.lib.id1887","Europe","zurich film festival","01.09.16"
NA,"zurich","Switzerland","tffnew2042",3,2017,23,"imdbady01753","Europe","yesh film festival","01.03.17"
NA,"zwierzyniec","Poland","idfnew1252",8,2015,NA,"imdbady02272","Europe","summer film academy","01.08.15"
NA,"zurich","Switzerland","879",11,2015,20,"fest.lib.id.survey.na544","Europe","porny days film art festival",NA
NA,"гѓvila","Spain","1520",5,NA,NA,"fest.lib.id1198","Europe","avilacine",NA
NA,"izmir","Turkey","87",11,NA,NA,"fest.lib.id.survey.na415","Asia","izmir mediterranean film festival",NA
"-99","","Russia","1225",10,NA,NA,"fest.lib.id1603","Europe","side by side lgbt international film festival",NA
"-99","","Spain","I1605397",1,NA,NA,"imdbady00639","Latin America and Caribbean","festival international cine en la isla",NA
"-99","","France","I1605397",3,NA,NA,"fest.lib.id.survey.na230","Europe","festival ""le court nous tient""",NA
"-99","","South Africa","I1605397",6,NA,NA,"fest.lib.id489","Subsaharan Africa","encounters international film festival",NA
"-99","","Spain","I1605397",10,NA,NA,"fest.lib.id.survey.na252","Europe","festival de cine africano de cordoba",NA
"-99","","Argentina","I1605397",NA,NA,NA,"fest.lib.id.survey.na102","Latin America and Caribbean","cine del sur",NA
