film.id,unique.id,title.mixed,information.festiv,imdb.enter,imdb.enter.other.txt,number.fest.estim,fest.data.cmpl.1,d.s.document,d.s.website,d.s.imdb,d.s.other,d.s.other.txt,part.data.expl,more.data.world.sales,more.data.distr,more.data.film.dir,more.data.other,more.data.other.txt,more.data.none,scr.f,subm.f,subm.lim,scr.f.amount,scr.f.cur,subm.f.amount,subm.f.cur,budg.ranges,budg.amount,budg.cur,markt.costs,markt.amount,markt.cur,fest.cnslt,fest.market,market_1,market_2,market_3,mrkt.date.origin_1,mrkt.date.origin_2,mrkt.date.origin_3,mrkt.location.origin_1,mrkt.location.city_1,mrkt.location.country_1,mrkt.location.origin_2,mrkt.location.city_2,mrkt.location.country_2,mrkt.location.origin_3,mrkt.location.city_3,mrkt.location.country_3,distr.tv,distr.th.r,distr.digit,distr.dvd,distr.other,distr.other.txt,distr.none,distr.vimeo,distr.youtube,distr.netflix,distr.amazon,distr.itunes,distr.mubi,distr.digit.other,distr.digit.other.txt,role.dir,role.prod,role.other,role.other.txt,qual.intrw,share.consent,scr.f.amount.euro,budg.amount.euro,subm.f.amount.euro,data.format
f1004,1335,Vic+Flo Saw a Bear,I have partial or complete information,Yes,NA,95,Yes,quoted,not quoted,not quoted,quoted,In contact with sales agent/distributor,-66,-77,-77,-77,-77,-66,-77,Yes,I do not have this information,I do not have this information,see with distributor Films Boutique,Euro,-66,-77,1.000.000 - 2.999.999 Euro,"2, 200 000",Canadian dollar,Yes,+ or - 30 000,Canadian dollar,Yes,Yes,Berlinale,Cannes,NA,2013,2013,NA,NA,NA,NA,NA,NA,NA,NA,NA,NA,quoted,quoted,quoted,quoted,not quoted,NA,not quoted,not quoted,not quoted,not quoted,not quoted,quoted,not quoted,not quoted,NA,quoted,not quoted,not quoted,NA,"Yes, contact me via this email:",I agree to make film-specific data accessible to research community,NA,-66,NA,send a document with festival information by email
f1029,1252,The Waiting,I have partial or complete information,Yes,NA,12,Yes,quoted,not quoted,not quoted,not quoted,NA,-66,-77,-77,-77,-77,-66,-77,No,Yes,No,-66,-77,"only the fee for Berlin Film Festival, I was invited to the other ones",NA,0 - 49.999 Euro,NA,NA,No,-66,-77,No,No,NA,NA,NA,NA,NA,NA,NA,NA,NA,NA,NA,NA,NA,NA,NA,not quoted,not quoted,not quoted,not quoted,quoted,"I am an artist, not a commercial filmmaker.  The Waiting  was exhibited in many Contemporary Art Museums around the world, from PS1 MoMA in New York to MAXXI Museum in Rome to Badischer Kunstverein in Karlsruhe.",not quoted,-77,-77,-77,-77,-77,-77,-77,-66,quoted,quoted,not quoted,NA,No,I agree to make film-specific data accessible to research community,-66,NA,NA,send a document with festival information by email
f1036,450,FORST,I have partial or complete information,No,NA,40,No,quoted,not quoted,not quoted,not quoted,NA,I just havent written every festival down and sometimes it was on festivals tours,not quoted,not quoted,not quoted,not quoted,NA,quoted,No,Yes,Yes,-66,-77,200,Euro,0 - 49.999 Euro,"€ 10000,00",Euro,No,-66,-77,No,No,NA,NA,NA,NA,NA,NA,NA,NA,NA,NA,NA,NA,NA,NA,NA,not quoted,not quoted,not quoted,not quoted,quoted,just privat elink with password and Torus like Berlinale and Deutscher Kurzfilmpreis,not quoted,-77,-77,-77,-77,-77,-77,-77,-66,quoted,quoted,not quoted,NA,No,I agree to make film-specific data accessible to research community,-66,NA,NA,send a document with festival information by email
f1043,768,Mystery,I have partial or complete information,Yes,NA,153,No,quoted,quoted,not quoted,quoted,https://www.facebook.com/pg/misterioshortfilm,NA,not quoted,not quoted,quoted,not quoted,NA,not quoted,Yes,Yes,Yes,800,Euro,1600,Euro,0 - 49.999 Euro,5000,Euro,No,-66,-77,No,Yes,Clermont Ferrand Market,NA,NA,2014,NA,NA,"Clermont Ferrand, France",clermont ferrand, france,NA,NA,NA,NA,NA,NA,quoted,not quoted,quoted,not quoted,not quoted,NA,not quoted,quoted,not quoted,not quoted,not quoted,not quoted,not quoted,not quoted,NA,quoted,quoted,not quoted,NA,No,I agree to make film-specific data accessible to research community,800,NA,NA,send a document with festival information by email
f1050,93,A City Within A City,I have no information,-77,-66,-66,-77,-77,-77,-77,-77,-66,-66,-77,-77,-77,-77,-66,-77,No,No,Yes,-66,-77,-66,-77,0 - 49.999 Euro,5000,Euro,No,-66,-77,No,No,NA,NA,NA,NA,NA,NA,NA,NA,NA,NA,NA,NA,NA,NA,NA,not quoted,not quoted,quoted,not quoted,not quoted,NA,not quoted,quoted,not quoted,not quoted,not quoted,not quoted,not quoted,not quoted,NA,quoted,quoted,quoted,"I made this film as a documentary filmmaker. I did everything, besides translation and music.","Yes, contact me via this email:",I agree to make film-specific data accessible to research community,-66,-66,NA,send a document with festival information by email
f1062,1231,The Spirit of '45,I have partial or complete information,No,NA,10,I do not know,quoted,not quoted,not quoted,not quoted,NA,The film certainly played at at least ten film festivals but I'm probably not aware of minor festivals where it played.  The information would be available from Dogwoof who distributed the film.,not quoted,quoted,not quoted,not quoted,NA,not quoted,I do not have this information,I do not have this information,-77,-66,-77,-66,-77,500.000 - 999.999 Euro,600,British pound,Yes,25,British pound,No,Yes,Cannes Film Festival,NA,NA,5.2016,NA,NA,"Cannes, France",cannes, france,NA,NA,NA,NA,NA,NA,quoted,quoted,not quoted,quoted,not quoted,NA,not quoted,-77,-77,-77,-77,-77,-77,-77,-66,not quoted,quoted,not quoted,NA,"Yes, contact me via this email:",I agree to make film-specific data accessible to research community,-66,-66,NA,send a document with festival information by email
f1073,16,Born This Way,I have partial or complete information,Yes,NA,80,No,quoted,not quoted,not quoted,quoted,Report from our festival agent. ,Most festivals appear on the list and were booked by The Film Collaborative. A few small festivals that don't pay screening fees reached out to us directly and my co-director and I managed the bookings ourselves. It was many years ago and I just don't remember which festivals those were--it was probably about 3-5 from a total of about 80 festivals.,not quoted,not quoted,not quoted,not quoted,NA,quoted,Yes,Yes,No,"15,000.00",United States dollar,150,United States dollar,200.000 - 499.999 Euro,"335,000.00",United States dollar,Yes,35000,United States dollar,Yes,Yes,Berlinale Media Market,NA,NA,2.2013,NA,NA,"Berlin, Germany",berlin, germany,NA,NA,NA,NA,NA,NA,quoted,not quoted,quoted,quoted,quoted,Educational screenings at universities and other institutions,not quoted,not quoted,not quoted,not quoted,quoted,not quoted,not quoted,quoted,Revry,quoted,quoted,not quoted,NA,"Yes, contact me via this email:",I agree to make film-specific data accessible to research community,11364,253788,114,send a document with festival information by email
f1074,29,It's All so Quiet,I have partial or complete information,No,NA,35,I do not know,quoted,not quoted,not quoted,not quoted,NA,We have not received a final update from the sales agent.,quoted,not quoted,not quoted,not quoted,NA,not quoted,Yes,No,No,festival receipts stay with sales agent,NA,-66,-77,1.000.000 - 2.999.999 Euro,"1,999.72",Euro,Yes,40.000 inside the budget excl world sales and local distributors,Euro,Yes,Yes,Berlinale,Cannes,NA,NA,NA,NA,NA,NA,NA,NA,NA,NA,NA,NA,NA,quoted,quoted,quoted,quoted,quoted,air planes etc,not quoted,not quoted,not quoted,not quoted,not quoted,not quoted,not quoted,quoted,"local in territories where it was sold to, this was before the big platforms mentioned",not quoted,quoted,not quoted,NA,"Yes, contact me via this email:",I agree to make film-specific data accessible to research community,NA,-66,NA,send a document with festival information by email
f1076,98,A Fold in My Blanket,I have partial or complete information,Yes,NA,19,I do not know,quoted,not quoted,not quoted,not quoted,NA,NA,not quoted,quoted,not quoted,not quoted,NA,not quoted,Yes,No,I do not have this information,no idea,Euro,-66,-77,200.000 - 499.999 Euro,350000,Euro,No,-66,-77,No,Yes,NA,NA,NA,NA,NA,NA,NA,NA,NA,NA,NA,NA,NA,NA,NA,not quoted,quoted,quoted,quoted,not quoted,NA,not quoted,not quoted,not quoted,not quoted,not quoted,not quoted,not quoted,quoted,https://www.pro-fun.de/php/detail.php?film_id=428&release_id=16,quoted,quoted,not quoted,NA,No,I agree to make film-specific data accessible to research community,NA,-66,NA,send a document with festival information by email
f1084,496,Gut Renovation,I do not know,other (please specify),it's already on IMDb,19,Yes,quoted,not quoted,not quoted,not quoted,NA,-66,-77,-77,-77,-77,-66,-77,I do not have this information,I do not have this information,No,-66,-77,-66,-77,0 - 49.999 Euro,"I'd guess about $6,000 USD",United States dollar,Yes,6000,United States dollar,No,No,NA,NA,NA,NA,NA,NA,NA,NA,NA,NA,NA,NA,NA,NA,NA,not quoted,quoted,quoted,quoted,not quoted,NA,not quoted,not quoted,not quoted,not quoted,not quoted,not quoted,not quoted,quoted,"Oucast-films.com, my distributor",quoted,quoted,quoted,"writer, camera, sound, editor",No,I agree to make film-specific data accessible to research community,-66,-66,NA,send a document with festival information by email
f1093,1241,The Swimming Pool,I have partial or complete information,Yes,NA,17,No,quoted,not quoted,not quoted,quoted,Sales Agent film festival report,NA,quoted,not quoted,not quoted,not quoted,NA,not quoted,Yes,I do not have this information,No,N/A,NA,-66,-77,0 - 49.999 Euro,35000,United States dollar,Yes,NA,Euro,Yes,Yes,European Film Market,NA,NA,2.2013,NA,NA,"Berlin, Germany",berlin, germany,NA,NA,NA,NA,NA,NA,quoted,not quoted,quoted,not quoted,not quoted,NA,not quoted,not quoted,not quoted,not quoted,not quoted,not quoted,not quoted,not quoted,NA,not quoted,quoted,not quoted,NA,"Yes, contact me via this email:",I agree to make film-specific data accessible to research community,NA,-66,NA,send a document with festival information by email
f1107,942,Salma,I have partial or complete information,Yes,NA,94,Yes,quoted,not quoted,not quoted,not quoted,NA,-66,-77,-77,-77,-77,-66,-77,Yes,No,No,£. 400,New Zealand dollar,-66,-77,50.000 - 199.999 Euro,175,British pound,No,-66,-77,No,I do not have this information,NA,NA,NA,NA,NA,NA,NA,NA,NA,NA,NA,NA,NA,NA,NA,quoted,quoted,quoted,quoted,not quoted,NA,not quoted,quoted,not quoted,not quoted,not quoted,not quoted,quoted,quoted,WOMEN MAKE MOVIES USA.   JOURNEYMAN PICURES UK,quoted,quoted,not quoted,NA,"Yes, contact me via this email:",I agree to make film-specific data accessible to research community,267,-66,NA,send a document with festival information by email
f1113,1051,The Act of Killing,I have partial or complete information,No,NA,200,Yes,quoted,not quoted,not quoted,not quoted,NA,-66,-77,-77,-77,-77,-66,-77,Yes,Yes,No,10000,Euro,1500,Euro,1.000.000 - 2.999.999 Euro,10000000,Danish krone,Yes,1200000,Danish krone,Yes,Yes,Tiff,Berlinale,NA,9.2012,2.2013,NA,Toronto,toronto,germany,Berlin,berlin,germany,NA,NA,NA,quoted,quoted,quoted,quoted,quoted,Community screenings,not quoted,quoted,quoted,quoted,quoted,quoted,quoted,not quoted,NA,not quoted,quoted,not quoted,NA,"Yes, contact me via this email:",I agree to make film-specific data accessible to research community,10000,1342282,NA,send a document with festival information by email
f1126,63,The Strange Little Cat,I have partial or complete information,Yes,NA,96,Yes,quoted,not quoted,not quoted,not quoted,NA,-66,-77,-77,-77,-77,-66,-77,I do not have this information,I do not have this information,I do not have this information,-66,-77,-66,-77,0 - 49.999 Euro,NA,NA,I do not have this information,-66,-77,No,I do not have this information,NA,NA,NA,NA,NA,NA,NA,NA,NA,NA,NA,NA,NA,NA,NA,quoted,not quoted,not quoted,quoted,not quoted,NA,not quoted,-77,-77,-77,-77,-77,-77,-77,-66,not quoted,quoted,not quoted,NA,No,I agree to make film-specific data accessible to research community,-66,-66,NA,send a document with festival information by email
f1133,391,Everyday Objects,I have partial or complete information,Yes,NA,6,Yes,quoted,not quoted,not quoted,not quoted,NA,-66,-77,-77,-77,-77,-66,-77,Yes,Yes,I do not have this information,3000,Euro,250,Euro,1.000.000 - 2.999.999 Euro,1500000,Euro,Yes,25000,Euro,Yes,I do not have this information,NA,NA,NA,NA,NA,NA,NA,NA,NA,NA,NA,NA,NA,NA,NA,quoted,quoted,quoted,quoted,not quoted,NA,not quoted,not quoted,not quoted,not quoted,quoted,quoted,not quoted,not quoted,NA,not quoted,quoted,not quoted,NA,"Yes, contact me via this email:",I agree to make film-specific data accessible to research community,3000,NA,NA,send a document with festival information by email
f1151,278,Char... the No Man's Island,I do not know,Yes,NA,50,Yes,not quoted,quoted,not quoted,not quoted,NA,-66,-77,-77,-77,-77,-66,-77,Yes,Yes,No,approx  1000,Euro,aprox 200,Euro,200.000 - 499.999 Euro,241158,Euro,I do not have this information,-66,-77,Yes,Yes,NA,NA,NA,NA,NA,NA,NA,NA,NA,NA,NA,NA,NA,NA,NA,quoted,not quoted,not quoted,quoted,not quoted,NA,not quoted,-77,-77,-77,-77,-77,-77,-77,-66,quoted,quoted,not quoted,NA,"Yes, contact me via this email:",I agree to make film-specific data accessible to research community,1000,NA,NA,send a document with festival information by email
f1156,43,Powerless,I have partial or complete information,Yes,NA,50,I do not know,quoted,not quoted,not quoted,quoted,Sales Agent Reports,Several specialist film festivals directly approach the world sales agents for screenings. ,quoted,not quoted,not quoted,not quoted,NA,not quoted,Yes,No,No,USD 5000,United States dollar,-66,-77,50.000 - 199.999 Euro,200000,United States dollar,Yes,100000,United States dollar,No,No,NA,NA,NA,NA,NA,NA,NA,NA,NA,NA,NA,NA,NA,NA,NA,quoted,quoted,quoted,quoted,not quoted,NA,not quoted,not quoted,not quoted,quoted,quoted,quoted,not quoted,not quoted,NA,not quoted,quoted,not quoted,NA,No,I agree to make film-specific data accessible to research community,3788,-66,NA,send a document with festival information by email
f1161,1412,Sieniawka,I have partial or complete information,Yes,NA,19,Yes,quoted,not quoted,not quoted,not quoted,NA,-66,-77,-77,-77,-77,-66,-77,I do not have this information,I do not have this information,I do not have this information,-66,-77,-66,-77,0 - 49.999 Euro,NA,NA,I do not have this information,-66,-77,No,I do not have this information,NA,NA,NA,NA,NA,NA,NA,NA,NA,NA,NA,NA,NA,NA,NA,not quoted,not quoted,not quoted,not quoted,not quoted,NA,quoted,-77,-77,-77,-77,-77,-77,-77,-66,not quoted,quoted,not quoted,NA,No,I agree to make film-specific data accessible to research community,-66,-66,NA,send a document with festival information by email
f1167,417,Father's Garden - The Love of My Parents,I have partial or complete information,Yes,NA,18,I do not know,quoted,not quoted,not quoted,not quoted,NA,"The list should be more or less complete, unless a missing information from our world sales Deckert Distribution.  ",quoted,not quoted,not quoted,not quoted,NA,not quoted,I do not have this information,I do not have this information,I do not have this information,-66,-77,-66,-77,500.000 - 999.999 Euro,800'000,Swiss franc,I do not have this information,-66,-77,Yes,I do not have this information,NA,NA,NA,NA,NA,NA,NA,NA,NA,NA,NA,NA,NA,NA,NA,quoted,not quoted,not quoted,quoted,not quoted,NA,not quoted,-77,-77,-77,-77,-77,-77,-77,-66,not quoted,quoted,not quoted,NA,"Yes, contact me via this email:",I agree to make film-specific data accessible to research community,-66,-66,NA,send a document with festival information by email
f1170,441,For Marx...,I have partial or complete information,Yes,NA,11,I do not know,not quoted,quoted,not quoted,quoted,http://baskova.com/kino_za_marksa,NA,not quoted,quoted,not quoted,not quoted,NA,not quoted,I do not have this information,No,I do not have this information,-66,-77,-66,-77,200.000 - 499.999 Euro,250 000 euro,Euro,I do not have this information,-66,-77,I do not have this information,I do not have this information,NA,NA,NA,NA,NA,NA,NA,NA,NA,NA,NA,NA,NA,NA,NA,not quoted,not quoted,quoted,quoted,not quoted,NA,not quoted,quoted,quoted,not quoted,not quoted,not quoted,not quoted,not quoted,NA,quoted,not quoted,not quoted,NA,"Yes, contact me via this email:",I agree to make film-specific data accessible to research community,-66,-66,NA,send a document with festival information by email
f1173,1414,Buehne,I have partial or complete information,Yes,NA,4,I do not know,quoted,not quoted,not quoted,not quoted,NA,Arsenal Distribution might have permitted screenings without informing me.  With some of the screenings of the film in bulgaria I am not sure if it was in the context of a festival or not.,not quoted,quoted,not quoted,not quoted,NA,not quoted,No,No,Yes,-66,-77,-66,-77,0 - 49.999 Euro,500,Euro,No,-66,-77,No,No,NA,NA,NA,NA,NA,NA,NA,NA,NA,NA,NA,NA,NA,NA,NA,not quoted,not quoted,not quoted,not quoted,quoted,"few screenings and installations in galleries, mainly in Bulgaria and Iran",not quoted,-77,-77,-77,-77,-77,-77,-77,-66,quoted,quoted,not quoted,NA,"Yes, contact me via this email:",I agree to make film-specific data accessible to research community,-66,-66,NA,send a document with festival information by email
f1181,460,frog spider hand horse house,I have partial or complete information,Yes,NA,4,I do not know,quoted,not quoted,not quoted,not quoted,NA,NA,not quoted,quoted,not quoted,not quoted,NA,not quoted,I do not have this information,Yes,Yes,-66,-77,100 USD,United States dollar,0 - 49.999 Euro,10,United States dollar,I do not have this information,-66,-77,No,No,NA,NA,NA,NA,NA,NA,NA,NA,NA,NA,NA,NA,NA,NA,NA,not quoted,not quoted,not quoted,quoted,quoted,"gallery, museum",not quoted,-77,-77,-77,-77,-77,-77,-77,-66,quoted,quoted,not quoted,NA,"Yes, contact me via this email:",I agree to make film-specific data accessible to research community,-66,7576,76,send a document with festival information by email
f1188,729,Microbrigades - Variations of a Story,I have partial or complete information,Yes,NA,12,I do not know,quoted,not quoted,not quoted,not quoted,NA,NA,not quoted,not quoted,not quoted,not quoted,NA,not quoted,Yes,No,No,100,Euro,-66,-77,0 - 49.999 Euro,15,Euro,No,-66,-77,No,No,NA,NA,NA,NA,NA,NA,NA,NA,NA,NA,NA,NA,NA,NA,NA,not quoted,not quoted,not quoted,not quoted,quoted,Arsenal Film Distribution,not quoted,-77,-77,-77,-77,-77,-77,-77,-66,quoted,not quoted,not quoted,NA,No,I agree to make film-specific data accessible to research community,100,-66,NA,send a document with festival information by email
f1226,1184,The Mole at the Sea,I do not know,Yes,NA,71,Yes,quoted,not quoted,not quoted,not quoted,NA,-66,-77,-77,-77,-77,-66,-77,Yes,Yes,Yes,NA,NA,n/a,United States dollar,0 - 49.999 Euro,1500000,Russian ruble,No,-66,-77,No,Yes,NA,NA,NA,NA,NA,NA,NA,NA,NA,NA,NA,NA,NA,NA,NA,quoted,quoted,not quoted,not quoted,not quoted,NA,not quoted,-77,-77,-77,-77,-77,-77,-77,-66,not quoted,not quoted,quoted,festival distributor,"Yes, contact me via this email:",I agree to make film-specific data accessible to research community,NA,34325,NA,send a document with festival information by email
f1229,1420,MARUSSIA,I have partial or complete information,Yes,NA,15,I do not know,not quoted,not quoted,not quoted,quoted,sales,Please cotnact our sales agent NEFS (Poland) ,quoted,not quoted,not quoted,not quoted,NA,not quoted,Yes,Yes,I do not have this information,please contact our sales,NA,XX,Euro,50.000 - 199.999 Euro,100000,Euro,Yes,NA,Euro,No,Yes,berlin,NA,NA,2013,NA,NA,berlin,berlin,germany,NA,NA,NA,NA,NA,NA,quoted,quoted,quoted,quoted,not quoted,NA,not quoted,quoted,quoted,not quoted,not quoted,quoted,not quoted,not quoted,NA,not quoted,quoted,not quoted,NA,No,I agree to make film-specific data accessible to research community,NA,NA,NA,send a document with festival information by email
f1258,761,My Father's Truck,I have partial or complete information,Yes,NA,100,No,quoted,not quoted,not quoted,not quoted,NA,"Since it's a short film, and I personally controlled the festival circuit submission, I might have missed to take note of some special screenings or festivals that are not very popular but asked to screen the film. ",not quoted,not quoted,not quoted,not quoted,NA,quoted,No,Yes,Yes,-66,-77,300,United States dollar,0 - 49.999 Euro,8000,United States dollar,Yes,3000,United States dollar,Yes,Yes,Clermont Ferrand,NA,NA,2014,NA,NA,France,clermont ferrand,france,NA,NA,NA,NA,NA,NA,quoted,not quoted,quoted,quoted,not quoted,NA,not quoted,quoted,not quoted,not quoted,not quoted,not quoted,not quoted,not quoted,NA,quoted,quoted,not quoted,NA,"Yes, contact me via this email:",I agree to make film-specific data accessible to research community,-66,6061,227,send a document with festival information by email
f1263,1426,Chiralia,I have partial or complete information,Yes,NA,19,Yes,quoted,not quoted,not quoted,not quoted,NA,-66,-77,-77,-77,-77,-66,-77,I do not have this information,I do not have this information,I do not have this information,-66,-77,-66,-77,0 - 49.999 Euro,NA,NA,I do not have this information,-66,-77,No,I do not have this information,NA,NA,NA,NA,NA,NA,NA,NA,NA,NA,NA,NA,NA,NA,NA,not quoted,not quoted,not quoted,not quoted,not quoted,NA,quoted,-77,-77,-77,-77,-77,-77,-77,-66,not quoted,quoted,not quoted,NA,No,I agree to make film-specific data accessible to research community,-66,-66,NA,send a document with festival information by email
f1264,334,DeAD,I have partial or complete information,Yes,NA,10,Yes,quoted,not quoted,not quoted,not quoted,NA,-66,-77,-77,-77,-77,-66,-77,Yes,Yes,Yes,500,Euro,200,Euro,50.000 - 199.999 Euro,85000,Euro,Yes,6000,Euro,No,No,NA,NA,NA,NA,NA,NA,NA,NA,NA,NA,NA,NA,NA,NA,NA,not quoted,quoted,quoted,quoted,not quoted,NA,not quoted,not quoted,not quoted,not quoted,not quoted,not quoted,not quoted,quoted,alleskino.de,not quoted,quoted,not quoted,NA,No,I agree to make film-specific data accessible to research community,500,NA,NA,send a document with festival information by email
f1267,1208,The Revenants,I have partial or complete information,other (please specify),"Worldpremiere: Berlinale 2013 Perspektive Deutsches Kino, FIDBA BUENOS AIRES 2013, DUISBURGER FILMWOCHE 2013, Museum of Modern Art( MoMa) New York for their 35th annual exhibition: Kino! 2013: New Films from Germany. April 18–24",5,I do not know,quoted,quoted,not quoted,not quoted,NA,"I don't remember exactly, we applied for many festivals, but these ones I included I'm sure.",not quoted,not quoted,quoted,not quoted,NA,not quoted,No,Yes,Yes,-66,-77,400,Euro,0 - 49.999 Euro,48000,Euro,Yes,1200,Euro,No,No,NA,NA,NA,NA,NA,NA,NA,NA,NA,NA,NA,NA,NA,NA,NA,not quoted,quoted,quoted,quoted,not quoted,NA,not quoted,quoted,not quoted,not quoted,not quoted,not quoted,not quoted,not quoted,NA,not quoted,quoted,not quoted,NA,No,I agree to make film-specific data accessible to research community,-66,NA,NA,send a document with festival information by email
f1360,1126,The Fruit Hunters,I have partial or complete information,Yes,NA,20,I do not know,quoted,quoted,quoted,not quoted,NA,These are old films and we don't have the files with the festival screenings listed anymore. The people who worked on distributing these documentaries are no longer part of the company for the most part (as far as the distribution branch is concerned). However the websites and Imdb pages have a lot of informations. ,not quoted,not quoted,not quoted,not quoted,NA,quoted,Yes,Yes,I do not have this information,NA,NA,1500,Canadian dollar,200.000 - 499.999 Euro,NA,NA,I do not have this information,-66,-77,I do not have this information,Yes,NA,NA,NA,NA,NA,NA,NA,NA,NA,NA,NA,NA,NA,NA,NA,quoted,quoted,quoted,quoted,not quoted,NA,not quoted,quoted,not quoted,not quoted,not quoted,not quoted,not quoted,not quoted,NA,not quoted,quoted,not quoted,NA,No,I agree to make film-specific data accessible to research community,NA,NA,1103,send a document with festival information by email
f2035,46,Sarah Prefers to Run,I have partial or complete information,No,NA,60,I do not know,quoted,not quoted,not quoted,not quoted,NA,"The list was provided by our international sales agent, but it is not up-to-date. Since the film was released in 2013, we do not receive updates regularly.",quoted,quoted,not quoted,not quoted,NA,not quoted,Yes,I do not have this information,I do not have this information,"56,5",Canadian dollar,-66,-77,500.000 - 999.999 Euro,950,Canadian dollar,Yes,80,Canadian dollar,I do not have this information,I do not have this information,NA,NA,NA,NA,NA,NA,NA,NA,NA,NA,NA,NA,NA,NA,NA,quoted,quoted,quoted,quoted,not quoted,NA,not quoted,not quoted,not quoted,not quoted,not quoted,quoted,quoted,not quoted,NA,not quoted,quoted,not quoted,NA,No,I agree to make film-specific data accessible to research community,42,-66,NA,send a document with festival information by email
f3005,704,Mandela: Long Walk to Freedom,I have no information,-77,-66,-66,-77,-77,-77,-77,-77,-66,-66,-77,-77,-77,-77,-66,-77,I do not have this information,No,No,-66,-77,-66,-77,10.000.000 - 29.999.999 Euro,"35,000,000",United States dollar,Yes,NA,NA,No,No,NA,NA,NA,NA,NA,NA,NA,NA,NA,NA,NA,NA,NA,NA,NA,quoted,quoted,quoted,quoted,not quoted,NA,not quoted,not quoted,not quoted,not quoted,not quoted,not quoted,not quoted,not quoted,NA,not quoted,quoted,not quoted,NA,No,I agree to make film-specific data accessible to research community,-66,-66,NA,send a document with festival information by email
f3129,140,All About the Feathers,I have partial or complete information,Yes,NA,25,I do not know,quoted,not quoted,not quoted,not quoted,NA,"That's the list of the festivals that I know so far, but I could be missing a few ones",not quoted,not quoted,quoted,not quoted,NA,not quoted,Yes,Yes,I do not have this information,7000,United States dollar,500,United States dollar,50.000 - 199.999 Euro,150000,United States dollar,Yes,5000,United States dollar,Yes,Yes,BAL goes to Cannes,NA,NA,5.2012,NA,NA,"Cannes, Frances",cannes, frances,NA,NA,NA,NA,NA,NA,quoted,quoted,quoted,quoted,quoted,,not quoted,quoted,not quoted,not quoted,not quoted,not quoted,not quoted,quoted,HBO Go,quoted,quoted,not quoted,NA,No,I agree to make film-specific data accessible to research community,5303,113636,379,send a document with festival information by email
f3132,1183,The Militant,I have no information,-77,-66,-66,-77,-77,-77,-77,-77,-66,-66,-77,-77,-77,-77,-66,-77,Yes,No,No,10,United States dollar,-66,-77,500.000 - 999.999 Euro,650,United States dollar,Yes,35,United States dollar,Yes,Yes,TIFF 2013,IFFR 2014,NA,9.2013,2.2014,NA,Toronto,toronto,canada,Rotterdam,rotterdam,netherlands,NA,NA,NA,not quoted,quoted,quoted,quoted,not quoted,NA,not quoted,quoted,not quoted,not quoted,not quoted,not quoted,not quoted,quoted,"Retina Latina, IFFR Unleashed, Cinear",quoted,quoted,not quoted,NA,"Yes, contact me via this email:",I agree to make film-specific data accessible to research community,10,-66,NA,send a document with festival information by email
f3138,1007,South is Nothing,I have partial or complete information,Yes,NA,9,Yes,not quoted,quoted,not quoted,not quoted,NA,-66,-77,-77,-77,-77,-66,-77,Yes,No,No,10000,Euro,-66,-77,500.000 - 999.999 Euro,950,Euro,Yes,80000,Euro,Yes,Yes,Berlinale,TIFF,Rome,2.2014,9.2013,11.2013,"Berlin, Germany",berlin, germany,"Toronto, Canada",toronto, canada,"Rome, Italy",rome, italy,quoted,quoted,quoted,quoted,not quoted,NA,not quoted,not quoted,not quoted,not quoted,not quoted,not quoted,not quoted,quoted,"Univers ciné, Rai ",not quoted,quoted,not quoted,NA,"Yes, contact me via this email:",I agree to make film-specific data accessible to research community,10000,-66,NA,send a document with festival information by email
f3191,998,Something Necessary,I have partial or complete information,Yes,NA,29,Yes,quoted,quoted,not quoted,not quoted,NA,-66,-77,-77,-77,-77,-66,-77,NA,NA,NA,-66,-77,-66,-77,NA,NA,NA,NA,-66,-77,Yes,NA,NA,NA,NA,NA,NA,NA,NA,NA,NA,NA,NA,NA,NA,NA,NA,not quoted,not quoted,not quoted,not quoted,not quoted,NA,not quoted,-77,-77,-77,-77,-77,-77,-77,-66,not quoted,not quoted,not quoted,NA,NA,I agree to make film-specific data accessible to research community,-66,-66,NA,send a document with festival information by email
f3194,1070,The Bit Player,I have partial or complete information,Yes,NA,5,I do not know,quoted,not quoted,not quoted,not quoted,NA,Failed memory,not quoted,not quoted,not quoted,quoted,Producer (Ferdy Lapuz),not quoted,No,I do not have this information,No,-66,-77,-66,-77,200.000 - 499.999 Euro,"200,000.00 euros",Euro,Yes,NA,NA,Yes,I do not have this information,NA,NA,NA,NA,NA,NA,NA,NA,NA,NA,NA,NA,NA,NA,NA,quoted,quoted,not quoted,quoted,not quoted,NA,not quoted,-77,-77,-77,-77,-77,-77,-77,-66,quoted,not quoted,not quoted,NA,"Yes, contact me via this email:",I agree to make film-specific data accessible to research community,-66,-66,NA,send a document with festival information by email
f3223,1379,Wild Duck,I have partial or complete information,Yes,NA,30,Yes,quoted,not quoted,not quoted,not quoted,NA,-66,-77,-77,-77,-77,-66,-77,Yes,Yes,Yes,4000,Euro,NA,NA,50.000 - 199.999 Euro,130000,Euro,Yes,3000,Euro,No,Yes,TIFF,BIFF,NA,2013,2013,NA,Toronto,toronto,NA,Busan,busan,NA,NA,NA,NA,quoted,quoted,quoted,quoted,not quoted,NA,not quoted,quoted,not quoted,not quoted,not quoted,not quoted,not quoted,not quoted,NA,quoted,quoted,not quoted,NA,"Yes, contact me via this email:",I agree to make film-specific data accessible to research community,4000,NA,NA,send a document with festival information by email
f3224,591,J.A.C.E. - Just Another Confused Elephant,I have partial or complete information,Yes,NA,35,No,quoted,quoted,not quoted,not quoted,NA,"There might be some gaps on the names of the Festivals the film participated, on the exact information of date as this info came mostly out of personal data and the website of the production house Pausilypon Films enlists very specific prizes and awards.",not quoted,not quoted,not quoted,quoted,ImDB,not quoted,Yes,No,No,5000,Euro,-66,-77,1.000.000 - 2.999.999 Euro,2.000.000,Euro,Yes,25,Euro,Yes,Yes,Berlin Film Festival Market,NA,NA,2012,NA,NA,Berlin,berlin,NA,NA,NA,NA,NA,NA,NA,quoted,quoted,quoted,quoted,not quoted,NA,not quoted,not quoted,not quoted,not quoted,not quoted,not quoted,not quoted,not quoted,NA,quoted,quoted,not quoted,NA,"Yes, contact me via this email:",I agree to make film-specific data accessible to research community,5000,-66,NA,send a document with festival information by email
f3275,549,"I'm the Same, I'm Another",I have partial or complete information,Yes,NA,12,I do not know,quoted,not quoted,not quoted,quoted,feedback from the sales agent ,not full list form sales agent ,quoted,quoted,not quoted,not quoted,NA,not quoted,Yes,Yes,Yes,1000,NA,800,Euro,500.000 - 999.999 Euro,1032500,Euro,Yes,35,Euro,Yes,I do not have this information,NA,NA,NA,NA,NA,NA,NA,NA,NA,NA,NA,NA,NA,NA,NA,quoted,quoted,quoted,not quoted,not quoted,NA,not quoted,quoted,not quoted,not quoted,not quoted,not quoted,quoted,not quoted,NA,not quoted,quoted,not quoted,NA,"Yes, contact me via this email:",I agree to make film-specific data accessible to research community,1000,NA,NA,send a document with festival information by email
f3317,643,Lay over,I do not know,Yes,NA,3,Yes,quoted,not quoted,not quoted,not quoted,NA,-66,-77,-77,-77,-77,-66,-77,No,Yes,No,-66,-77,250$,Canadian dollar,50.000 - 199.999 Euro,300$,United States dollar,No,-66,-77,No,No,NA,NA,NA,NA,NA,NA,NA,NA,NA,NA,NA,NA,NA,NA,NA,not quoted,not quoted,not quoted,not quoted,not quoted,NA,quoted,-77,-77,-77,-77,-77,-77,-77,-66,quoted,not quoted,not quoted,NA,"Yes, contact me via this email:",I agree to make film-specific data accessible to research community,-66,227,184,send a document with festival information by email
f4025,1488,Helmut,I have partial or complete information,Yes,NA,30,No,quoted,not quoted,not quoted,not quoted,NA,This film got his own life. Difficult to get information about every screenning  in festival,not quoted,not quoted,not quoted,quoted,"Association  Sauve qui peu le court métrage  Clermond-Ferrand, Agence du court métrage Paris",not quoted,No,No,Yes,-66,-77,-66,-77,0 - 49.999 Euro,1500,Euro,No,-66,-77,No,Yes,Clermont-Ferrand,NA,NA,2.2013,NA,NA,"Clermont-Ferrand, France",clermont ferrand, france,NA,NA,NA,NA,NA,NA,quoted,quoted,quoted,not quoted,not quoted,NA,not quoted,not quoted,not quoted,not quoted,not quoted,not quoted,not quoted,quoted,Pantaflix,quoted,quoted,quoted,Director of photography,"Yes, contact me via this email:",I agree to make film-specific data accessible to research community,-66,-66,NA,send a document with festival information by email
f4045,1503,"Nos jours, absolument, doivent être illuminés",I have partial or complete information,Yes,NA,70,No,quoted,not quoted,not quoted,quoted,the filmmaker website : http://www.jgperiot.net/1%20COURTS/NosJours/NosJours.htm,NA,quoted,not quoted,not quoted,not quoted,NA,not quoted,I do not have this information,Yes,I do not have this information,-66,-77,NA,NA,50.000 - 199.999 Euro,NA,NA,I do not have this information,-66,-77,No,I do not have this information,NA,NA,NA,NA,NA,NA,NA,NA,NA,NA,NA,NA,NA,NA,NA,quoted,not quoted,not quoted,quoted,not quoted,NA,not quoted,-77,-77,-77,-77,-77,-77,-77,-66,not quoted,quoted,not quoted,NA,No,I agree to make film-specific data accessible to research community,-66,NA,NA,send a document with festival information by email
f4055,1511,Le Sens de l'orientation,I have partial or complete information,No,NA,20,I do not know,quoted,not quoted,not quoted,not quoted,NA,"The film is now part of the french Agence du court métrage, which aims to help share the short films in different ways. This is why the list provided may be incomplete as we may not have all the information concerning the screenings played.",not quoted,not quoted,not quoted,quoted,Agence du court métrage,not quoted,Yes,I do not have this information,No,about 300 euros,Euro,-66,-77,50.000 - 199.999 Euro,130 000,Euro,Yes,2500,NA,Yes,No,NA,NA,NA,NA,NA,NA,NA,NA,NA,NA,NA,NA,NA,NA,NA,quoted,not quoted,quoted,not quoted,not quoted,NA,not quoted,not quoted,not quoted,not quoted,not quoted,not quoted,not quoted,quoted,Univers Ciné,not quoted,quoted,not quoted,NA,No,I agree to make film-specific data accessible to research community,NA,-66,NA,send a document with festival information by email
f4061,1045,Tennis Elbow,I have partial or complete information,Yes,NA,40,Yes,quoted,not quoted,not quoted,not quoted,NA,-66,-77,-77,-77,-77,-66,-77,I do not have this information,Yes,Yes,-66,-77,NA,NA,0 - 49.999 Euro,NA,NA,No,-66,-77,No,No,NA,NA,NA,NA,NA,NA,NA,NA,NA,NA,NA,NA,NA,NA,NA,quoted,quoted,quoted,not quoted,not quoted,NA,not quoted,quoted,not quoted,not quoted,not quoted,not quoted,not quoted,quoted,Magnet film,not quoted,quoted,not quoted,NA,No,I agree to make film-specific data accessible to research community,-66,NA,NA,send a document with festival information by email
f4064,87,45 Degrees,I have partial or complete information,Yes,NA,50,Yes,quoted,not quoted,not quoted,not quoted,NA,-66,-77,-77,-77,-77,-66,-77,No,No,No,-66,-77,-66,-77,0 - 49.999 Euro,15.000 Euros,Euro,No,-66,-77,Yes,Yes,NA,NA,NA,NA,NA,NA,NA,NA,NA,NA,NA,NA,NA,NA,NA,quoted,not quoted,not quoted,not quoted,not quoted,NA,not quoted,-77,-77,-77,-77,-77,-77,-77,-66,quoted,quoted,not quoted,NA,No,I agree to make film-specific data accessible to research community,-66,-66,NA,send a document with festival information by email
f4071,1519,Ana,I have partial or complete information,other (please specify),The film has an IMDB page. It has one film festival added. ,15,I do not know,quoted,not quoted,not quoted,not quoted,NA,"I believe some festivals had only 1 edition and may not be found on the internet, Like  toamna de Aur  that took place in Chisinau, Moldova.",not quoted,not quoted,not quoted,not quoted,NA,quoted,I do not have this information,Yes,Yes,-66,-77,500,United States dollar,0 - 49.999 Euro,2000,United States dollar,No,-66,-77,No,No,NA,NA,NA,NA,NA,NA,NA,NA,NA,NA,NA,NA,NA,NA,NA,not quoted,not quoted,not quoted,not quoted,quoted,"I am not sure. I signed a contract with a company for 3 years, it was available online.",not quoted,-77,-77,-77,-77,-77,-77,-77,-66,quoted,quoted,quoted,"editor, screenwriter.","Yes, contact me via this email:",I agree to make film-specific data accessible to research community,-66,1515,379,send a document with festival information by email
f4072,1520,Anacos,I have partial or complete information,Yes,NA,100,Yes,quoted,not quoted,not quoted,not quoted,NA,-66,-77,-77,-77,-77,-66,-77,Yes,Yes,Yes,100,Euro,100,Euro,0 - 49.999 Euro,6000,Euro,Yes,1200,Euro,Yes,Yes,Clermont Ferrand,Curtocircuito Film Festival,NA,1.2013,10.2012,NA,"Clermont Ferrand, France",clermont ferrand, france,Santiago de COmpostela - Spain,santiago de compostela,spain,NA,NA,NA,quoted,not quoted,quoted,quoted,not quoted,NA,not quoted,quoted,not quoted,not quoted,not quoted,not quoted,not quoted,quoted,"Filmin, feelmakers",quoted,quoted,not quoted,NA,No,I agree to make film-specific data accessible to research community,100,NA,NA,send a document with festival information by email
f4081,1526,Canção para minha irmã,I have partial or complete information,Yes,NA,20,Yes,not quoted,not quoted,not quoted,quoted,Our own record of the film's circulation in festivals.,-66,-77,-77,-77,-77,-66,-77,No,Yes,Yes,-66,-77,300,United States dollar,0 - 49.999 Euro,20,United States dollar,No,-66,-77,Yes,Yes,Clermont-Ferrand Short Film Market,NA,NA,2.2013,NA,NA,"Clermont-Ferrand, France",clermont ferrand, france,NA,NA,NA,NA,NA,NA,quoted,not quoted,quoted,not quoted,not quoted,NA,not quoted,quoted,quoted,not quoted,not quoted,not quoted,not quoted,not quoted,NA,quoted,quoted,not quoted,NA,"Yes, contact me via this email:",I agree to make film-specific data accessible to research community,-66,15152,227,send a document with festival information by email
f4087,416,Father,I have partial or complete information,Yes,NA,108,Yes,quoted,not quoted,not quoted,not quoted,NA,-66,-77,-77,-77,-77,-66,-77,Yes,Yes,Yes,880,Euro,46,Euro,50.000 - 199.999 Euro,125000,Euro,Yes,300,Euro,No,Yes,3D Wire Animation Market,NA,NA,10.2012,NA,NA,"Segovia, Spain",segovia, spain,NA,NA,NA,NA,NA,NA,quoted,not quoted,quoted,not quoted,not quoted,NA,not quoted,quoted,not quoted,not quoted,not quoted,not quoted,not quoted,not quoted,NA,not quoted,not quoted,quoted,co-producer and distributor,"Yes, contact me via this email:",I agree to make film-specific data accessible to research community,880,NA,NA,send a document with festival information by email
f4089,438,Flytopia,I have partial or complete information,Yes,NA,20,I do not know,quoted,not quoted,not quoted,not quoted,NA,"More than one person has submitted to festival:  producer, sales agent, Film4, and the filmmakers.",quoted,not quoted,quoted,not quoted,NA,not quoted,I do not have this information,I do not have this information,No,-66,-77,-66,-77,50.000 - 199.999 Euro,80,British pound,No,-66,-77,No,Yes,Clermont Ferrand,NA,NA,NA,NA,NA,NA,NA,NA,NA,NA,NA,NA,NA,NA,quoted,not quoted,quoted,not quoted,not quoted,NA,not quoted,quoted,quoted,not quoted,quoted,quoted,not quoted,not quoted,NA,not quoted,quoted,not quoted,NA,"Yes, contact me via this email:",I agree to make film-specific data accessible to research community,-66,-66,NA,send a document with festival information by email
f4095,1531,Kendo Monogatari,I have partial or complete information,No,NA,25,Yes,quoted,not quoted,not quoted,not quoted,NA,-66,-77,-77,-77,-77,-66,-77,No,Yes,Yes,-66,-77,10,Euro,0 - 49.999 Euro,NA,NA,Yes,NA,NA,Yes,No,NA,NA,NA,NA,NA,NA,NA,NA,NA,NA,NA,NA,NA,NA,NA,quoted,not quoted,quoted,not quoted,not quoted,NA,not quoted,quoted,not quoted,not quoted,not quoted,not quoted,not quoted,not quoted,NA,not quoted,quoted,not quoted,NA,"Yes, contact me via this email:",I agree to make film-specific data accessible to research community,-66,NA,NA,send a document with festival information by email
f4096,1532,The Triangle Affair,I have partial or complete information,NA,NA,98,Yes,quoted,not quoted,not quoted,quoted,festivals platforms,-66,-77,-77,-77,-77,-66,-77,I do not have this information,No,Yes,-66,-77,-66,-77,50.000 - 199.999 Euro,134 000,Euro,Yes,2000,Euro,No,No,NA,NA,NA,NA,NA,NA,NA,NA,NA,NA,NA,NA,NA,NA,NA,quoted,not quoted,not quoted,not quoted,not quoted,NA,not quoted,-77,-77,-77,-77,-77,-77,-77,-66,not quoted,not quoted,quoted,production manager,"Yes, contact me via this email:",I agree to make film-specific data accessible to research community,-66,-66,NA,send a document with festival information by email
f4097,1533,Kong Peh Tshat,I have partial or complete information,Yes,NA,11,Yes,not quoted,quoted,not quoted,not quoted,NA,-66,-77,-77,-77,-77,-66,-77,No,Yes,Yes,-66,-77,320,United States dollar,0 - 49.999 Euro,34000,Euro,Yes,8000,Euro,No,Yes,Clermont-Ferrand Short Film Market,NA,NA,2.2013,NA,NA,"Clermont-Ferrand, FRANCE",clermont ferrand, france,NA,NA,NA,NA,NA,NA,not quoted,not quoted,quoted,not quoted,not quoted,NA,not quoted,not quoted,not quoted,not quoted,not quoted,not quoted,not quoted,quoted,"DramaFever, inmovie.com.tw",quoted,not quoted,not quoted,NA,"Yes, contact me via this email:",I agree to make film-specific data accessible to research community,-66,NA,242,send a document with festival information by email
f4103,1537,Miniyamba,I have partial or complete information,Yes,NA,25,I do not know,quoted,quoted,not quoted,not quoted,NA,NA,not quoted,not quoted,not quoted,quoted,danish film institute ,not quoted,I do not have this information,No,Yes,-66,-77,-66,-77,50.000 - 199.999 Euro,NA,NA,No,-66,-77,Yes,Yes,NA,NA,NA,NA,NA,NA,NA,NA,NA,NA,NA,NA,NA,NA,NA,not quoted,not quoted,quoted,quoted,not quoted,NA,not quoted,quoted,not quoted,not quoted,not quoted,not quoted,not quoted,not quoted,NA,quoted,not quoted,not quoted,NA,No,I agree to make film-specific data accessible to research community,-66,-66,NA,send a document with festival information by email
f4112,833,Orange,I have partial or complete information,other (please specify),https://www.imdb.com/title/tt2503252/?ref_=nm_knf_i3,7,Yes,not quoted,not quoted,not quoted,quoted,withoutabox,-66,-77,-77,-77,-77,-66,-77,No,Yes,Yes,-66,-77,300,United States dollar,0 - 49.999 Euro,50000,United States dollar,No,-66,-77,No,Yes,Clermont-Ferrand International Short Film market,NA,NA,2.2013,NA,NA,france,france,NA,NA,NA,NA,NA,NA,NA,not quoted,quoted,quoted,not quoted,not quoted,NA,not quoted,quoted,not quoted,not quoted,not quoted,not quoted,not quoted,quoted,theaterical screening,quoted,quoted,not quoted,NA,"Yes, contact me via this email:",I agree to make film-specific data accessible to research community,-66,37879,227,send a document with festival information by email
f4120,1546,Qurban,I have partial or complete information,Yes,NA,NA,Yes,quoted,not quoted,not quoted,not quoted,NA,-66,-77,-77,-77,-77,-66,-77,No,Yes,Yes,-66,-77,500,United States dollar,0 - 49.999 Euro,8000,United States dollar,No,-66,-77,Yes,I do not have this information,NA,NA,NA,NA,NA,NA,NA,NA,NA,NA,NA,NA,NA,NA,NA,not quoted,not quoted,quoted,not quoted,quoted,NA,not quoted,-77,-77,-77,-77,-77,-77,-77,-66,quoted,not quoted,not quoted,NA,"Yes, contact me via this email:",I agree to make film-specific data accessible to research community,-66,6061,379,send a document with festival information by email
f4129,1553,La Terra,I have partial or complete information,Yes,NA,20,No,quoted,not quoted,not quoted,not quoted,NA,Sometimes film projections are terrible,not quoted,not quoted,not quoted,not quoted,NA,quoted,No,No,Yes,-66,-77,-66,-77,0 - 49.999 Euro,500,Euro,No,-66,-77,No,No,NA,NA,NA,NA,NA,NA,NA,NA,NA,NA,NA,NA,NA,NA,NA,not quoted,not quoted,quoted,not quoted,not quoted,NA,not quoted,quoted,not quoted,not quoted,not quoted,not quoted,not quoted,not quoted,NA,quoted,quoted,not quoted,NA,"Yes, contact me via this email:",I agree to make film-specific data accessible to research community,-66,-66,NA,send a document with festival information by email
f4147,1095,The Devil,I have partial or complete information,Yes,NA,110,Yes,quoted,not quoted,not quoted,not quoted,NA,-66,-77,-77,-77,-77,-66,-77,No,No,Yes,-66,-77,-66,-77,0 - 49.999 Euro,NA,NA,No,-66,-77,No,No,NA,NA,NA,NA,NA,NA,NA,NA,NA,NA,NA,NA,NA,NA,NA,quoted,not quoted,quoted,not quoted,not quoted,NA,not quoted,quoted,not quoted,not quoted,not quoted,not quoted,not quoted,not quoted,NA,not quoted,quoted,not quoted,NA,No,I agree to make film-specific data accessible to research community,-66,-66,NA,send a document with festival information by email
f4152,638,Lady and the Tooth,I have partial or complete information,Yes,NA,68,Yes,quoted,quoted,not quoted,not quoted,NA,-66,-77,-77,-77,-77,-66,-77,No,Yes,Yes,-66,-77,"£ 600,00",British pound,0 - 49.999 Euro,0,British pound,No,-66,-77,No,Yes,Clermont Ferrand,NA,NA,2.2013,NA,NA,Clermont Ferrand,clermont ferrand,NA,NA,NA,NA,NA,NA,NA,quoted,not quoted,not quoted,not quoted,not quoted,NA,not quoted,-77,-77,-77,-77,-77,-77,-77,-66,quoted,quoted,not quoted,NA,"Yes, contact me via this email:",I agree to make film-specific data accessible to research community,-66,0,NA,send a document with festival information by email
f4163,879,Plug & Play,I have partial or complete information,Yes,NA,143,No,quoted,not quoted,not quoted,not quoted,NA,I lost the overview at some point. aug&ohr medien handled the festival distribution in the second year of the festival run.,quoted,quoted,quoted,not quoted,NA,not quoted,Yes,No,Yes,"€ 500,00",Euro,-66,-77,0 - 49.999 Euro,20'000,Swiss franc,Yes,12000,Swiss franc,Yes,Yes,Please ask Swissfilms,NA,NA,NA,NA,NA,NA,NA,NA,NA,NA,NA,NA,NA,NA,quoted,not quoted,quoted,not quoted,not quoted,NA,not quoted,quoted,not quoted,not quoted,not quoted,not quoted,not quoted,not quoted,NA,quoted,quoted,not quoted,NA,No,I agree to make film-specific data accessible to research community,500,-66,NA,send a document with festival information by email
f4165,45,Reality 2.0,I have partial or complete information,Yes,NA,147,Yes,quoted,not quoted,not quoted,quoted,Internet,-66,-77,-77,-77,-77,-66,-77,Yes,No,Yes,400,Euro,-66,-77,0 - 49.999 Euro,1000,Euro,Yes,1000,Euro,No,I do not have this information,NA,NA,NA,NA,NA,NA,NA,NA,NA,NA,NA,NA,NA,NA,NA,not quoted,not quoted,quoted,not quoted,not quoted,NA,not quoted,quoted,not quoted,not quoted,not quoted,not quoted,not quoted,not quoted,NA,quoted,quoted,not quoted,NA,"Yes, contact me via this email:",I agree to make film-specific data accessible to research community,400,-66,NA,send a document with festival information by email
f4173,97,A Fistful Of Rupies,I have partial or complete information,Yes,NA,15,I do not know,quoted,not quoted,not quoted,quoted,Google ,"Fehlende Dokumentation von mir und Screening ohne Rückmeldung, insbesondere bei kleineren Festivals ",not quoted,not quoted,not quoted,not quoted,NA,quoted,No,Yes,Yes,-66,-77,30-50,Euro,0 - 49.999 Euro,1000,Euro,Yes,100,Euro,Yes,I do not have this information,NA,NA,NA,NA,NA,NA,NA,NA,NA,NA,NA,NA,NA,NA,NA,not quoted,not quoted,quoted,not quoted,not quoted,NA,not quoted,quoted,not quoted,not quoted,not quoted,not quoted,not quoted,not quoted,NA,quoted,quoted,quoted,"DoP, Editor ",No,I agree to make film-specific data accessible to research community,-66,NA,NA,send a document with festival information by email
f4282,1162,The Last Marble,I have partial or complete information,Yes,NA,31,Yes,quoted,quoted,not quoted,quoted,facebook,-66,-77,-77,-77,-77,-66,-77,Yes,Yes,No,100,United States dollar,3500,United States dollar,0 - 49.999 Euro,NA,NA,Yes,3000,United States dollar,No,No,NA,NA,NA,NA,NA,NA,NA,NA,NA,NA,NA,NA,NA,NA,NA,quoted,not quoted,quoted,quoted,quoted,"Alaskan Airlines, Educational Programs in Australia and Europe. PBS, Australia.",not quoted,not quoted,not quoted,not quoted,not quoted,not quoted,not quoted,quoted,"PBS, Alaskan Airlines- in flight entertainment",quoted,quoted,quoted,Writer,"Yes, contact me via this email:",I agree to make film-specific data accessible to research community,100,NA,2652,send a document with festival information by email
f4287,1641,Merci mon chien,I have partial or complete information,Yes,NA,75,Yes,quoted,quoted,not quoted,not quoted,NA,-66,-77,-77,-77,-77,-66,-77,Yes,Yes,Yes,confidential,Euro,0,Euro,50.000 - 199.999 Euro,NA,NA,Yes,4000,Euro,Yes,Yes,Short film Festival of Clermont Ferrand,Internation Animation Film Festival,NA,2.2013,6.2013,NA,"Clermont-Ferrand, France",clermont ferrand, france,"Annecy, France",annecy, france,NA,NA,NA,quoted,quoted,quoted,quoted,not quoted,NA,not quoted,quoted,not quoted,not quoted,not quoted,not quoted,not quoted,not quoted,NA,not quoted,not quoted,quoted,Distributor (depending on the main production company : Folimage),No,I agree to make film-specific data accessible to research community,NA,NA,NA,send a document with festival information by email
f4313,1658,Hsu Ji derriere l'ecran,I do not know,No,NA,51,Yes,quoted,not quoted,not quoted,not quoted,NA,-66,-77,-77,-77,-77,-66,-77,No,Yes,Yes,-66,-77,NA,NA,0 - 49.999 Euro,NA,NA,No,-66,-77,No,No,NA,NA,NA,NA,NA,NA,NA,NA,NA,NA,NA,NA,NA,NA,NA,not quoted,not quoted,quoted,quoted,not quoted,NA,not quoted,quoted,not quoted,not quoted,not quoted,not quoted,not quoted,not quoted,NA,not quoted,quoted,not quoted,NA,No,I agree to make film-specific data accessible to research community,-66,NA,NA,send a document with festival information by email
f4331,1673,Hiro! Fuji-Hiro!,I have no information,-77,-66,-66,-77,-77,-77,-77,-77,-66,-66,-77,-77,-77,-77,-66,-77,No,No,Yes,-66,-77,-66,-77,50.000 - 199.999 Euro,"€ 82000,00",Euro,Yes,"€ 950,00",Euro,No,Yes,Clermont-Ferrand,NA,NA,2.2013,NA,NA,France,france,NA,NA,NA,NA,NA,NA,NA,quoted,not quoted,quoted,not quoted,quoted,Ponctual free screaning (cinémathèque),not quoted,quoted,not quoted,not quoted,not quoted,not quoted,quoted,quoted,Arte,not quoted,quoted,not quoted,NA,No,I agree to make film-specific data accessible to research community,-66,-66,NA,send a document with festival information by email
f4364,1692,La Rencontre,I do not know,Yes,NA,8,Yes,quoted,not quoted,not quoted,not quoted,NA,-66,-77,-77,-77,-77,-66,-77,No,Yes,Yes,-66,-77,NA,NA,0 - 49.999 Euro,2500,Euro,No,-66,-77,No,Yes,"Kugoma, Short Film Market of Mozambique",NA,NA,11.2012,NA,NA,Mozambique,NA,mozambique,NA,NA,NA,NA,NA,NA,quoted,not quoted,quoted,quoted,not quoted,NA,not quoted,not quoted,not quoted,not quoted,not quoted,not quoted,not quoted,quoted,"Filmbox, Vidsee",quoted,quoted,quoted,"Writer, Editor",No,I agree to make film-specific data accessible to research community,-66,NA,NA,send a document with festival information by email
f4377,134,Afterglow,I do not know,Yes,NA,15,I do not know,quoted,not quoted,not quoted,not quoted,NA,Some festivals do not communiacte they are screening films. Or they may communicate with only the producer.,not quoted,not quoted,not quoted,quoted,The Producers - Film and Television Institute of India,not quoted,No,Yes,Yes,-66,-77,50000,Indian rupee,0 - 49.999 Euro,1000000,Indian rupee,No,-66,-77,No,Yes,NA,NA,NA,NA,NA,NA,NA,NA,NA,NA,NA,NA,NA,NA,NA,not quoted,not quoted,not quoted,not quoted,not quoted,NA,not quoted,-77,-77,-77,-77,-77,-77,-77,-66,quoted,not quoted,not quoted,NA,"Yes, contact me via this email:",I agree to make film-specific data accessible to research community,-66,16540,827,send a document with festival information by email
f4380,192,Beauty,I have partial or complete information,Yes,NA,11,Yes,quoted,not quoted,not quoted,not quoted,NA,-66,-77,-77,-77,-77,-66,-77,No,Yes,Yes,-66,-77,120,Euro,0 - 49.999 Euro,18000,Euro,No,-66,-77,No,No,NA,NA,NA,NA,NA,NA,NA,NA,NA,NA,NA,NA,NA,NA,NA,not quoted,not quoted,not quoted,not quoted,not quoted,NA,quoted,-77,-77,-77,-77,-77,-77,-77,-66,quoted,not quoted,not quoted,NA,"Yes, contact me via this email:",I agree to make film-specific data accessible to research community,-66,NA,NA,send a document with festival information by email
f4382,1078,The Cabin Man,I have partial or complete information,Yes,NA,15,Yes,quoted,not quoted,not quoted,not quoted,NA,-66,-77,-77,-77,-77,-66,-77,No,I do not have this information,Yes,-66,-77,-66,-77,0 - 49.999 Euro,6000,Euro,No,-66,-77,No,Yes,Clermont Ferrand short film festival,NA,NA,2013,NA,NA,"Clermont ferrand, France",clermont ferrand, france,NA,NA,NA,NA,NA,NA,quoted,not quoted,not quoted,not quoted,not quoted,NA,not quoted,-77,-77,-77,-77,-77,-77,-77,-66,quoted,quoted,not quoted,NA,"Yes, contact me via this email:",I agree to make film-specific data accessible to research community,-66,-66,NA,send a document with festival information by email
f4383,1696,Darshan,I do not know,Yes,NA,15,I do not know,quoted,not quoted,not quoted,not quoted,NA,Some festivals do not communiacte they are screening films. Or they may communicate with only the producer.,not quoted,not quoted,not quoted,quoted,The Producers - Film and Television Institute of India,not quoted,NA,NA,NA,-66,-77,NA,Indian rupee,NA,NA,Indian rupee,NA,-66,-77,NA,Yes,NA,NA,NA,NA,NA,NA,NA,NA,NA,NA,NA,NA,NA,NA,NA,not quoted,not quoted,not quoted,not quoted,not quoted,NA,not quoted,-77,-77,-77,-77,-77,-77,-77,-66,quoted,not quoted,not quoted,NA,"Yes, contact me via this email:",I agree to make film-specific data accessible to research community,-66,NA,NA,send a document with festival information by email
f4386,1698,Gaarud,I do not know,Yes,NA,NA,I do not know,quoted,not quoted,not quoted,not quoted,NA,Some festivals do not communiacte they are screening films. Or they may communicate with only the producer.,not quoted,not quoted,not quoted,quoted,The Producers - Film and Television Institute of India,not quoted,NA,NA,NA,-66,-77,NA,Indian rupee,NA,NA,Indian rupee,NA,-66,-77,NA,Yes,NA,NA,NA,NA,NA,NA,NA,NA,NA,NA,NA,NA,NA,NA,NA,not quoted,not quoted,not quoted,not quoted,not quoted,NA,not quoted,-77,-77,-77,-77,-77,-77,-77,-66,quoted,not quoted,not quoted,NA,"Yes, contact me via this email:",I agree to make film-specific data accessible to research community,-66,NA,NA,send a document with festival information by email
f4392,1703,Kaun Kamleshwar?,I do not know,Yes,NA,NA,I do not know,quoted,not quoted,not quoted,not quoted,NA,Some festivals do not communiacte they are screening films. Or they may communicate with only the producer.,not quoted,not quoted,not quoted,quoted,The Producers - Film and Television Institute of India,not quoted,NA,NA,NA,-66,-77,NA,Indian rupee,NA,NA,Indian rupee,NA,-66,-77,NA,Yes,NA,NA,NA,NA,NA,NA,NA,NA,NA,NA,NA,NA,NA,NA,NA,not quoted,not quoted,not quoted,quoted,not quoted,NA,not quoted,-77,-77,-77,-77,-77,-77,-77,-66,quoted,not quoted,not quoted,NA,"Yes, contact me via this email:",I agree to make film-specific data accessible to research community,-66,NA,NA,send a document with festival information by email
f4395,1706,Kshitij,I do not know,Yes,NA,NA,I do not know,quoted,not quoted,not quoted,not quoted,NA,Some festivals do not communiacte they are screening films. Or they may communicate with only the producer.,not quoted,not quoted,not quoted,quoted,The Producers - Film and Television Institute of India,not quoted,NA,NA,NA,-66,-77,NA,Indian rupee,NA,NA,Indian rupee,NA,-66,-77,NA,Yes,NA,NA,NA,NA,NA,NA,NA,NA,NA,NA,NA,NA,NA,NA,NA,not quoted,not quoted,not quoted,not quoted,not quoted,NA,not quoted,-77,-77,-77,-77,-77,-77,-77,-66,quoted,not quoted,not quoted,NA,"Yes, contact me via this email:",I agree to make film-specific data accessible to research community,-66,NA,NA,send a document with festival information by email
f4408,1715,Sita Haran Aur Anya Kahaniyan,I have partial or complete information,Yes,NA,4,I do not know,quoted,not quoted,not quoted,quoted,Google,These are the known Film festivals where the film was officially invited for. ,not quoted,not quoted,not quoted,not quoted,NA,quoted,No,No,Yes,-66,-77,-66,-77,0 - 49.999 Euro,10000,Indian rupee,No,-66,-77,No,No,NA,NA,NA,NA,NA,NA,NA,NA,NA,NA,NA,NA,NA,NA,NA,not quoted,not quoted,not quoted,not quoted,not quoted,NA,quoted,-77,-77,-77,-77,-77,-77,-77,-66,quoted,not quoted,not quoted,NA,No,I agree to make film-specific data accessible to research community,-66,-66,NA,send a document with festival information by email
f4410,1271,Three of Us,I do not know,Yes,NA,NA,I do not know,quoted,not quoted,not quoted,not quoted,NA,Some festivals do not communiacte they are screening films. Or they may communicate with only the producer.,not quoted,not quoted,not quoted,quoted,The Producers - Film and Television Institute of India,not quoted,NA,NA,NA,-66,-77,NA,Indian rupee,NA,NA,Indian rupee,NA,-66,-77,NA,Yes,NA,NA,NA,NA,NA,NA,NA,NA,NA,NA,NA,NA,NA,NA,NA,not quoted,not quoted,not quoted,not quoted,not quoted,NA,not quoted,-77,-77,-77,-77,-77,-77,-77,-66,quoted,not quoted,not quoted,NA,"Yes, contact me via this email:",I agree to make film-specific data accessible to research community,-66,NA,NA,send a document with festival information by email
f4413,1718,Vilay,I do not know,Yes,NA,NA,I do not know,quoted,not quoted,not quoted,not quoted,NA,Some festivals do not communiacte they are screening films. Or they may communicate with only the producer.,not quoted,not quoted,not quoted,quoted,The Producers - Film and Television Institute of India,not quoted,NA,NA,NA,-66,-77,NA,Indian rupee,NA,NA,Indian rupee,NA,-66,-77,NA,Yes,NA,NA,NA,NA,NA,NA,NA,NA,NA,NA,NA,NA,NA,NA,NA,not quoted,not quoted,not quoted,not quoted,not quoted,NA,not quoted,-77,-77,-77,-77,-77,-77,-77,-66,quoted,not quoted,not quoted,NA,"Yes, contact me via this email:",I agree to make film-specific data accessible to research community,-66,NA,NA,send a document with festival information by email
f4416,1401,Zero by Zero,I have no information,-77,-66,-66,-77,-77,-77,-77,-77,-66,-66,-77,-77,-77,-77,-66,-77,No,No,Yes,-66,-77,-66,-77,0 - 49.999 Euro,USD 100,United States dollar,No,-66,-77,I do not have this information,No,NA,NA,NA,NA,NA,NA,NA,NA,NA,NA,NA,NA,NA,NA,NA,not quoted,not quoted,not quoted,not quoted,not quoted,NA,quoted,-77,-77,-77,-77,-77,-77,-77,-66,quoted,quoted,not quoted,NA,No,I agree to make film-specific data accessible to research community,-66,-66,NA,send a document with festival information by email
f5005,156,Angie & Jackie Final Cut,I have partial or complete information,Yes,NA,15,Yes,not quoted,quoted,not quoted,quoted,the info is given on our company website http://www.lookingatyouproductions.com/category/films/,-66,-77,-77,-77,-77,-66,-77,No,Yes,No,-66,-77,under $150,United States dollar,0 - 49.999 Euro,"£ 10,00",British pound,Yes,"£ 1000,00",British pound,No,No,NA,NA,NA,NA,NA,NA,NA,NA,NA,NA,NA,NA,NA,NA,NA,not quoted,not quoted,quoted,not quoted,not quoted,NA,not quoted,quoted,not quoted,not quoted,not quoted,not quoted,not quoted,not quoted,NA,quoted,quoted,not quoted,NA,"Yes, contact me via this email:",I agree to make film-specific data accessible to research community,-66,8700,114,send a document with festival information by email
f5010,205,Benjamin's Flowers,I have partial or complete information,Yes,NA,65,I do not know,quoted,quoted,not quoted,not quoted,NA,"There may be festival screenings I do not know about in cases when I was not informed about the screening. I know the film has been shown at events and festivals to which I have not myself sent the film. One example of this is: the film has been shown as part of a promotion package (for Swedish film) for example, sent out by the Swedish Film Institute etc. I do not know exactly where these films were shown. There are more cases like this.",not quoted,not quoted,not quoted,not quoted,NA,quoted,No,Yes,No,-66,-77,500,Euro,0 - 49.999 Euro,35000,Euro,Yes,3500,Euro,No,I do not have this information,NA,NA,NA,NA,NA,NA,NA,NA,NA,NA,NA,NA,NA,NA,NA,not quoted,quoted,quoted,quoted,not quoted,NA,not quoted,quoted,not quoted,not quoted,not quoted,not quoted,not quoted,quoted,"www.folketsbio.se, www.benjaminsflowers.com, www.ganzanderes.com",quoted,quoted,quoted,"Animator, editor, designer, script writer",No,I agree to make film-specific data accessible to research community,-66,NA,NA,send a document with festival information by email
f5013,214,Beyoutiful,I have partial or complete information,Yes,NA,30,Yes,quoted,not quoted,quoted,quoted,withoutabox,-66,-77,-77,-77,-77,-66,-77,No,Yes,Yes,-66,-77,$200,United States dollar,0 - 49.999 Euro,0,United States dollar,No,-66,-77,No,I do not have this information,NA,NA,NA,NA,NA,NA,NA,NA,NA,NA,NA,NA,NA,NA,NA,not quoted,not quoted,quoted,not quoted,not quoted,NA,not quoted,not quoted,not quoted,not quoted,not quoted,not quoted,not quoted,quoted,vimeo,quoted,not quoted,quoted,"designer, animator, editor, sound designer, story","Yes, contact me via this email:",I agree to make film-specific data accessible to research community,-66,0,152,send a document with festival information by email
f5019,235,Born to Dance this Way,I have partial or complete information,Yes,NA,27,Yes,quoted,not quoted,not quoted,not quoted,NA,-66,-77,-77,-77,-77,-66,-77,No,Yes,No,-66,-77,$2000,United States dollar,0 - 49.999 Euro,5,United States dollar,No,-66,-77,No,No,NA,NA,NA,NA,NA,NA,NA,NA,NA,NA,NA,NA,NA,NA,NA,quoted,not quoted,quoted,not quoted,not quoted,NA,not quoted,quoted,quoted,not quoted,not quoted,not quoted,not quoted,not quoted,NA,quoted,quoted,not quoted,NA,"Yes, contact me via this email:",I agree to make film-specific data accessible to research community,-66,3788,1515,send a document with festival information by email
f5025,253,But I'm A Cheerleader,I have partial or complete information,other (please specify),We are a film archive and this film is on deposit with us from the filmmaker. Filmmaker should be approached about including such information. ,16,No,not quoted,not quoted,not quoted,quoted,"We can only provide information for the time period the title was at UCLA; as previously noted, you'll need to contact the filmmaker for all of the original bookings.",Film was not always at UCLA. ,not quoted,not quoted,quoted,not quoted,NA,not quoted,I do not have this information,I do not have this information,I do not have this information,-66,-77,-66,-77,NA,NA,NA,NA,-66,-77,NA,NA,NA,NA,NA,NA,NA,NA,NA,NA,NA,NA,NA,NA,NA,NA,NA,not quoted,quoted,not quoted,quoted,not quoted,NA,not quoted,-77,-77,-77,-77,-77,-77,-77,-66,not quoted,not quoted,quoted,Currently handling print bookings at the filmmakers request,"Yes, contact me via this email:",I agree to make film-specific data accessible to research community,-66,-66,NA,send a document with festival information by email
f5030,262,Camp Beaverton: Meet the Beavers,I have partial or complete information,other (please specify),Not sure what you mean?,40,Yes,quoted,not quoted,not quoted,not quoted,NA,-66,-77,-77,-77,-77,-66,-77,Yes,Yes,No,Will have to go back & look.,NA,50,United States dollar,0 - 49.999 Euro,9000,United States dollar,Yes,2000,United States dollar,No,Yes,Hot Docs,NA,NA,NA,NA,NA,Toronto,toronto,canada,NA,NA,NA,NA,NA,NA,not quoted,not quoted,quoted,not quoted,not quoted,NA,not quoted,not quoted,quoted,not quoted,quoted,not quoted,not quoted,quoted,Hulu,quoted,quoted,quoted,"Director, producer, Editor, writer","Yes, contact me via this email:",I agree to make film-specific data accessible to research community,NA,6818,38,send a document with festival information by email
f5035,289,Climax,I have partial or complete information,No,NA,1,Yes,quoted,not quoted,not quoted,not quoted,NA,-66,-77,-77,-77,-77,-66,-77,No,Yes,Yes,-66,-77,$1000,United States dollar,0 - 49.999 Euro,6,United States dollar,No,-66,-77,No,No,NA,NA,NA,NA,NA,NA,NA,NA,NA,NA,NA,NA,NA,NA,NA,not quoted,not quoted,quoted,not quoted,not quoted,NA,not quoted,not quoted,quoted,not quoted,not quoted,not quoted,not quoted,not quoted,NA,quoted,quoted,quoted,"editor, sound design","Yes, contact me via this email:",I agree to make film-specific data accessible to research community,-66,4545,758,send a document with festival information by email
f5042,317,Cross Your Fingers,I have partial or complete information,No,NA,5,I do not know,quoted,not quoted,not quoted,not quoted,NA,Our distribution is non-exclusive. Our filmmakers often have a second distributor or they submit to festivals on their own. We do not have information on whether the film was screened at any festivals that we were not directly involved in the submission process.,not quoted,quoted,quoted,not quoted,NA,not quoted,Yes,No,Yes,Private Information,Canadian dollar,-66,-77,50.000 - 199.999 Euro,n/a,NA,I do not have this information,-66,-77,Yes,I do not have this information,NA,NA,NA,NA,NA,NA,NA,NA,NA,NA,NA,NA,NA,NA,NA,not quoted,not quoted,not quoted,not quoted,not quoted,NA,quoted,-77,-77,-77,-77,-77,-77,-77,-66,not quoted,not quoted,quoted,Distributor,No,I agree to make film-specific data accessible to research community,NA,-66,NA,send a document with festival information by email
f5044,323,Cuki Colorinchi Evolution,I have partial or complete information,No,NA,5,I do not know,quoted,not quoted,not quoted,not quoted,NA,Our distribution is non-exclusive. Our filmmakers often have a second distributor or they submit to festivals on their own. We do not have information on whether the film was screened at any festivals that we were not directly involved in the submission process.,not quoted,quoted,quoted,not quoted,NA,not quoted,Yes,No,Yes,Private Information,Canadian dollar,-66,-77,50.000 - 199.999 Euro,n/a,NA,I do not have this information,-66,-77,Yes,I do not have this information,NA,NA,NA,NA,NA,NA,NA,NA,NA,NA,NA,NA,NA,NA,NA,not quoted,not quoted,not quoted,not quoted,not quoted,NA,quoted,-77,-77,-77,-77,-77,-77,-77,-66,not quoted,not quoted,quoted,Distributor,No,I agree to make film-specific data accessible to research community,NA,-66,NA,send a document with festival information by email
f5056,356,Dos Almas,I have partial or complete information,Yes,NA,20,I do not know,quoted,not quoted,not quoted,quoted,my email records,there may have been a couple more screenings that i lost correspondence or that provided insufficient correspondence. ,not quoted,not quoted,not quoted,quoted,"my FB page had possibly  an indian (searchlight  online)festival, Argentina, Sardinia, and maybe I missed qwocmap sf 2014? or Moondance sept. 2013",not quoted,No,I do not have this information,Yes,-66,-77,-66,-77,0 - 49.999 Euro,"$10,000",United States dollar,No,-66,-77,No,No,NA,NA,NA,NA,NA,NA,NA,NA,NA,NA,NA,NA,NA,NA,NA,not quoted,not quoted,not quoted,not quoted,not quoted,NA,quoted,-77,-77,-77,-77,-77,-77,-77,-66,quoted,not quoted,quoted,Sole  real  producer. I mostly approached festivals directly by email asking to waive fees. i utilized festival platforms but only paid full price a couple of times. i had little luck with submitting directly and exclusively via submission platforms. i ms,"Yes, contact me via this email:",I agree to make film-specific data accessible to research community,-66,-66,NA,send a document with festival information by email
f5058,386,Entry Denied,I have partial or complete information,Yes,NA,15,I do not know,quoted,not quoted,not quoted,quoted,laurels,Old emails lost,not quoted,not quoted,quoted,not quoted,NA,not quoted,No,Yes,Yes,-66,-77,"$3,000",United States dollar,0 - 49.999 Euro,60,United States dollar,Yes,25000,United States dollar,No,No,NA,NA,NA,NA,NA,NA,NA,NA,NA,NA,NA,NA,NA,NA,NA,not quoted,not quoted,quoted,not quoted,quoted,educational,not quoted,quoted,not quoted,not quoted,not quoted,not quoted,not quoted,not quoted,NA,quoted,quoted,not quoted,NA,"Yes, contact me via this email:",I agree to make film-specific data accessible to research community,-66,45455,2273,send a document with festival information by email
f5072,440,For Dorian,I have partial or complete information,No,NA,37,Yes,quoted,not quoted,not quoted,not quoted,NA,-66,-77,-77,-77,-77,-66,-77,No,Yes,No,-66,-77,$500,Canadian dollar,50.000 - 199.999 Euro,NA,NA,No,-66,-77,No,No,NA,NA,NA,NA,NA,NA,NA,NA,NA,NA,NA,NA,NA,NA,NA,not quoted,not quoted,not quoted,quoted,not quoted,NA,not quoted,-77,-77,-77,-77,-77,-77,-77,-66,quoted,quoted,quoted,Writer,"Yes, contact me via this email:",I agree to make film-specific data accessible to research community,-66,NA,368,send a document with festival information by email
f5077,456,Fresh Fruit,I have partial or complete information,No,NA,5,I do not know,quoted,not quoted,not quoted,not quoted,NA,Our distribution is non-exclusive. Our filmmakers often have a second distributor or they submit to festivals on their own. We do not have information on whether the film was screened at any festivals that we were not directly involved in the submission process.,not quoted,quoted,quoted,not quoted,NA,not quoted,Yes,No,Yes,Private Information,Canadian dollar,-66,-77,50.000 - 199.999 Euro,n/a,NA,I do not have this information,-66,-77,Yes,I do not have this information,NA,NA,NA,NA,NA,NA,NA,NA,NA,NA,NA,NA,NA,NA,NA,not quoted,not quoted,not quoted,not quoted,not quoted,NA,quoted,-77,-77,-77,-77,-77,-77,-77,-66,not quoted,not quoted,quoted,Distributor,No,I agree to make film-specific data accessible to research community,NA,-66,NA,send a document with festival information by email
f5082,1127,The Gayanator,I have partial or complete information,Yes,NA,1,Yes,quoted,quoted,not quoted,not quoted,NA,-66,-77,-77,-77,-77,-66,-77,No,Yes,No,-66,-77,40 USD,United States dollar,50.000 - 199.999 Euro,150,United States dollar,No,-66,-77,No,I do not have this information,NA,NA,NA,NA,NA,NA,NA,NA,NA,NA,NA,NA,NA,NA,NA,not quoted,not quoted,quoted,not quoted,not quoted,NA,not quoted,quoted,not quoted,not quoted,not quoted,not quoted,not quoted,not quoted,NA,quoted,quoted,not quoted,NA,No,I agree to make film-specific data accessible to research community,-66,114,30,send a document with festival information by email
f5083,469,Genderfreak,I do not know,other (please specify),"The film is already on IMDB, however I don't know if we ever entered festival information in. Assistance with it would be useful.",32,Yes,quoted,not quoted,not quoted,not quoted,NA,-66,-77,-77,-77,-77,-66,-77,Yes,Yes,Yes,60,United States dollar,2000,United States dollar,0 - 49.999 Euro,28000,United States dollar,Yes,1000,United States dollar,No,Yes,Palm Springs ShortsFest,Newport Beach Film Festival,NA,6.2012,4.2013,NA,"Palm Springs, CA United States",palm springs,united states,"Newport Beach, CA United States",newport beach,united states,NA,NA,NA,quoted,not quoted,quoted,quoted,quoted,Through educational distribution,not quoted,quoted,quoted,not quoted,quoted,quoted,not quoted,quoted,"Indieflix, Seed & Spark's streaming platform, there might have been one other",quoted,not quoted,quoted,Film writer,"Yes, contact me via this email:",I agree to make film-specific data accessible to research community,4545,21212,1515,send a document with festival information by email
f5087,504,Happy Birthday,I have partial or complete information,Yes,NA,10,I do not know,quoted,not quoted,not quoted,not quoted,NA,  Possible missing festivals.,not quoted,not quoted,not quoted,not quoted,NA,quoted,No,Yes,No,-66,-77,400,United States dollar,0 - 49.999 Euro,32000,United States dollar,No,-66,-77,No,No,NA,NA,NA,NA,NA,NA,NA,NA,NA,NA,NA,NA,NA,NA,NA,not quoted,not quoted,not quoted,quoted,not quoted,NA,not quoted,-77,-77,-77,-77,-77,-77,-77,-66,not quoted,quoted,not quoted,NA,No,I agree to make film-specific data accessible to research community,-66,24242,303,send a document with festival information by email
f5090,507,Hatch,I have partial or complete information,Yes,NA,120,No,quoted,not quoted,not quoted,not quoted,NA,I probably stopped archiving all festival dates sometime in 2012,not quoted,not quoted,not quoted,not quoted,NA,quoted,No,Yes,Yes,-66,-77,2500,United States dollar,0 - 49.999 Euro,9000,Euro,Yes,1100,Euro,No,Yes,NA,NA,NA,NA,NA,NA,NA,NA,NA,NA,NA,NA,NA,NA,NA,quoted,not quoted,quoted,not quoted,not quoted,NA,not quoted,quoted,not quoted,not quoted,not quoted,quoted,not quoted,not quoted,NA,quoted,not quoted,not quoted,NA,No,I agree to make film-specific data accessible to research community,-66,NA,1894,send a document with festival information by email
f5091,509,Hawker,I have partial or complete information,No,NA,11,I do not know,quoted,not quoted,not quoted,not quoted,NA,Our distribution is non-exclusive. Our filmmakers often have a second distributor or they submit to festivals on their own. We do not have information on whether the film was screened at any festivals that we were not directly involved in the submission process.,not quoted,quoted,quoted,not quoted,NA,not quoted,Yes,No,Yes,Private Information,Canadian dollar,-66,-77,50.000 - 199.999 Euro,n/a,NA,I do not have this information,-66,-77,Yes,I do not have this information,NA,NA,NA,NA,NA,NA,NA,NA,NA,NA,NA,NA,NA,NA,NA,not quoted,not quoted,not quoted,not quoted,not quoted,NA,quoted,-77,-77,-77,-77,-77,-77,-77,-66,not quoted,not quoted,quoted,Distributor,No,I agree to make film-specific data accessible to research community,NA,-66,NA,send a document with festival information by email
f5095,535,Hot Guys with Guns,I have no information,-77,-66,-66,-77,-77,-77,-77,-77,-66,-66,-77,-77,-77,-77,-66,-77,Yes,No,No,500,United States dollar,-66,-77,50.000 - 199.999 Euro,"200,000.00",United States dollar,Yes,1200,United States dollar,Yes,Yes,Outfest,NA,NA,7.2013,NA,NA,"Los Angeles, USA",los angeles,united states,NA,NA,NA,NA,NA,NA,quoted,quoted,quoted,quoted,not quoted,NA,not quoted,quoted,not quoted,quoted,quoted,quoted,not quoted,not quoted,NA,quoted,quoted,quoted,Writer,"Yes, contact me via this email:",I agree to make film-specific data accessible to research community,37879,-66,NA,send a document with festival information by email
f5108,579,Ink Deep,I have partial or complete information,other (please specify),Already on IMDB,30,Yes,not quoted,quoted,not quoted,quoted,https://vimeo.com/42042582,-66,-77,-77,-77,-77,-66,-77,Yes,Yes,Yes,50,Canadian dollar,60,Canadian dollar,0 - 49.999 Euro,1000,Canadian dollar,No,-66,-77,No,No,NA,NA,NA,NA,NA,NA,NA,NA,NA,NA,NA,NA,NA,NA,NA,not quoted,not quoted,not quoted,not quoted,not quoted,NA,quoted,-77,-77,-77,-77,-77,-77,-77,-66,quoted,quoted,not quoted,NA,No,I agree to make film-specific data accessible to research community,37,735,44,send a document with festival information by email
f5115,593,Jackpot,I have partial or complete information,No,NA,15,I do not know,quoted,not quoted,quoted,not quoted,NA,i have absolutely no idea.,not quoted,not quoted,not quoted,quoted,i am baffled by this completely. i am the director. i have as much info as I have.,not quoted,Yes,Yes,No,150,United States dollar,no idea honestly,United States dollar,0 - 49.999 Euro,$25K,United States dollar,I do not have this information,-66,-77,No,No,NA,NA,NA,NA,NA,NA,NA,NA,NA,NA,NA,NA,NA,NA,NA,not quoted,not quoted,quoted,not quoted,not quoted,NA,not quoted,quoted,quoted,not quoted,not quoted,not quoted,not quoted,not quoted,NA,quoted,not quoted,not quoted,NA,"Yes, contact me via this email:",I agree to make film-specific data accessible to research community,114,18939,NA,send a document with festival information by email
f5117,602,Joan in the Rain,I have partial or complete information,Yes,NA,7,Yes,not quoted,quoted,not quoted,not quoted,NA,-66,-77,-77,-77,-77,-66,-77,No,I do not have this information,I do not have this information,-66,-77,-66,-77,0 - 49.999 Euro,500,Euro,I do not have this information,-66,-77,I do not have this information,No,NA,NA,NA,NA,NA,NA,NA,NA,NA,NA,NA,NA,NA,NA,NA,not quoted,not quoted,quoted,not quoted,quoted,,not quoted,-77,-77,-77,-77,-77,-77,-77,-66,quoted,quoted,quoted,"Concept, editing, sound montage, all...",No,I agree to make film-specific data accessible to research community,-66,-66,NA,send a document with festival information by email
f5132,663,Like rats leaving a sinking ship,I have partial or complete information,No,NA,43,Yes,quoted,not quoted,not quoted,not quoted,NA,-66,-77,-77,-77,-77,-66,-77,Yes,Yes,Yes,600,Euro,850,Euro,0 - 49.999 Euro,2000,Euro,No,-66,-77,No,No,NA,NA,NA,NA,NA,NA,NA,NA,NA,NA,NA,NA,NA,NA,NA,not quoted,not quoted,not quoted,quoted,not quoted,NA,not quoted,-77,-77,-77,-77,-77,-77,-77,-66,quoted,quoted,not quoted,NA,No,I agree to make film-specific data accessible to research community,NA,NA,NA,send a document with festival information by email
f5141,699,Mama Rainbow,I have partial or complete information,Yes,NA,15,No,quoted,quoted,not quoted,quoted,emails from festivals.,"Too many festivals, so hard to remember everything.",not quoted,not quoted,quoted,quoted,don't really understand this question.,not quoted,Yes,Yes,Yes,800?,United States dollar,150?,United States dollar,0 - 49.999 Euro,7000,United States dollar,No,-66,-77,No,No,NA,NA,NA,NA,NA,NA,NA,NA,NA,NA,NA,NA,NA,NA,NA,not quoted,not quoted,quoted,quoted,not quoted,NA,not quoted,not quoted,not quoted,not quoted,quoted,not quoted,not quoted,quoted,revry.tv indieflex outtv gagaoolala,quoted,not quoted,not quoted,NA,"Yes, contact me via this email:",I agree to make film-specific data accessible to research community,606,5303,114,send a document with festival information by email
f5142,706,Mark Bunyan: Very Nearly Almost Famous,I have partial or complete information,Yes,NA,7,Yes,not quoted,quoted,not quoted,not quoted,NA,-66,-77,-77,-77,-77,-66,-77,No,Yes,NA,-66,-77,under $150,British pound,0 - 49.999 Euro,"£ 15,00",British pound,Yes,"£ 1,00",British pound,No,No,NA,NA,NA,NA,NA,NA,NA,NA,NA,NA,NA,NA,NA,NA,NA,not quoted,not quoted,quoted,not quoted,not quoted,NA,not quoted,quoted,not quoted,not quoted,not quoted,not quoted,not quoted,not quoted,NA,quoted,quoted,not quoted,NA,"Yes, contact me via this email:",I agree to make film-specific data accessible to research community,-66,13050,NA,send a document with festival information by email
f5143,708,Martindale,I have partial or complete information,Yes,NA,3,Yes,quoted,not quoted,quoted,not quoted,NA,-66,-77,-77,-77,-77,-66,-77,No,No,Yes,-66,-77,-66,-77,0 - 49.999 Euro,300 dollars,United States dollar,No,-66,-77,No,No,NA,NA,NA,NA,NA,NA,NA,NA,NA,NA,NA,NA,NA,NA,NA,not quoted,not quoted,quoted,not quoted,quoted,this was an experimental film that also exists as a gallery installation. was shown in many galleries. ,not quoted,quoted,not quoted,not quoted,not quoted,not quoted,not quoted,not quoted,NA,quoted,quoted,not quoted,NA,"Yes, contact me via this email:",I agree to make film-specific data accessible to research community,-66,-66,NA,send a document with festival information by email
f5151,758,My Best Dress,I have partial or complete information,No,NA,8,I do not know,quoted,not quoted,not quoted,not quoted,NA,Our distribution is non-exclusive. Our filmmakers often have a second distributor or they submit to festivals on their own. We do not have information on whether the film was screened at any festivals that we were not directly involved in the submission process.,not quoted,quoted,quoted,not quoted,NA,not quoted,Yes,No,Yes,Private Information,Canadian dollar,-66,-77,50.000 - 199.999 Euro,n/a,NA,I do not have this information,-66,-77,Yes,I do not have this information,NA,NA,NA,NA,NA,NA,NA,NA,NA,NA,NA,NA,NA,NA,NA,not quoted,not quoted,not quoted,not quoted,not quoted,NA,quoted,-77,-77,-77,-77,-77,-77,-77,-66,not quoted,not quoted,quoted,Distributor,No,I agree to make film-specific data accessible to research community,NA,-66,NA,send a document with festival information by email
f5159,802,Nothing,I have partial or complete information,Yes,NA,1,I do not know,quoted,not quoted,not quoted,not quoted,NA,The film may be screening without my permission or knowledge.,not quoted,not quoted,not quoted,quoted,I don't know.,not quoted,Yes,Yes,Yes,40,United States dollar,40,United States dollar,0 - 49.999 Euro,350,United States dollar,No,-66,-77,No,No,NA,NA,NA,NA,NA,NA,NA,NA,NA,NA,NA,NA,NA,NA,NA,not quoted,not quoted,not quoted,not quoted,not quoted,NA,quoted,-77,-77,-77,-77,-77,-77,-77,-66,quoted,quoted,not quoted,NA,"Yes, contact me via this email:",I agree to make film-specific data accessible to research community,30,265,30,send a document with festival information by email
f5163,832,Open Letter,I have partial or complete information,Yes,NA,6,I do not know,quoted,not quoted,not quoted,not quoted,NA,It is possible that the film played elsewhere without my knowledge (it's publicly available online),not quoted,not quoted,not quoted,not quoted,NA,quoted,No,Yes,Yes,-66,-77,Can't remember,United States dollar,0 - 49.999 Euro,$0,United States dollar,No,-66,-77,No,No,NA,NA,NA,NA,NA,NA,NA,NA,NA,NA,NA,NA,NA,NA,NA,quoted,not quoted,not quoted,not quoted,not quoted,NA,not quoted,-77,-77,-77,-77,-77,-77,-77,-66,quoted,not quoted,not quoted,NA,"Yes, contact me via this email:",I agree to make film-specific data accessible to research community,-66,0,NA,send a document with festival information by email
f5198,988,Sleeping Beauties,I have partial or complete information,other (please specify),filmmaker is the current distributor and should approve/decline ,NA,I do not know,not quoted,not quoted,not quoted,quoted,filmmaker,NA,not quoted,not quoted,not quoted,not quoted,NA,not quoted,NA,NA,NA,-66,-77,-66,-77,NA,NA,NA,NA,-66,-77,NA,NA,NA,NA,NA,NA,NA,NA,NA,NA,NA,NA,NA,NA,NA,NA,NA,not quoted,not quoted,not quoted,not quoted,not quoted,NA,not quoted,-77,-77,-77,-77,-77,-77,-77,-66,not quoted,not quoted,quoted,Currently handling print bookings at the filmmakers request,"Yes, contact me via this email:",I agree to make film-specific data accessible to research community,-66,-66,NA,send a document with festival information by email
f5206,1031,Submerge,I have partial or complete information,Yes,NA,35,Yes,quoted,not quoted,not quoted,not quoted,NA,-66,-77,-77,-77,-77,-66,-77,Yes,Yes,Yes,8,Australian dollar,2000,Australian dollar,200.000 - 499.999 Euro,250000,Australian dollar,Yes,25000,Australian dollar,Yes,No,NA,NA,NA,NA,NA,NA,NA,NA,NA,NA,NA,NA,NA,NA,NA,not quoted,not quoted,quoted,quoted,not quoted,NA,not quoted,not quoted,quoted,not quoted,quoted,quoted,not quoted,quoted,Google,not quoted,quoted,not quoted,NA,"Yes, contact me via this email:",I agree to make film-specific data accessible to research community,7143,223214,1786,send a document with festival information by email
f5230,123,A World for Raul,I have partial or complete information,Yes,NA,100,Yes,quoted,not quoted,not quoted,not quoted,NA,-66,-77,-77,-77,-77,-66,-77,Yes,Yes,Yes,6oo,United States dollar,2000,United States dollar,0 - 49.999 Euro,15000,United States dollar,Yes,1500,United States dollar,Yes,No,NA,NA,NA,NA,NA,NA,NA,NA,NA,NA,NA,NA,NA,NA,NA,quoted,not quoted,quoted,quoted,not quoted,NA,not quoted,quoted,quoted,not quoted,quoted,not quoted,not quoted,not quoted,NA,quoted,quoted,quoted,Writer,No,I agree to make film-specific data accessible to research community,455,11364,1515,send a document with festival information by email
f5232,1390,Yeah Kowalski!,I have no information,-77,-66,-66,-77,-77,-77,-77,-77,-66,-66,-77,-77,-77,-77,-66,-77,I do not have this information,I do not have this information,I do not have this information,-66,-77,-66,-77,0 - 49.999 Euro,"$5,000",United States dollar,Yes,$500,United States dollar,Yes,I do not have this information,NA,NA,NA,NA,NA,NA,NA,NA,NA,NA,NA,NA,NA,NA,NA,quoted,not quoted,quoted,not quoted,not quoted,NA,not quoted,not quoted,not quoted,not quoted,not quoted,not quoted,not quoted,quoted,"Dekko, KQED Film School Shorts, Frameline Distribution",quoted,quoted,quoted,co-writer,No,I agree to make film-specific data accessible to research community,-66,-66,NA,send a document with festival information by email
f5235,1177,The Man That Got Away,I have partial or complete information,No,NA,8,I do not know,quoted,not quoted,not quoted,not quoted,NA,Our distribution is non-exclusive. Our filmmakers often have a second distributor or they submit to festivals on their own. We do not have information on whether the film was screened at any festivals that we were not directly involved in the submission process.,not quoted,quoted,quoted,not quoted,NA,not quoted,Yes,No,Yes,Private Information,Canadian dollar,-66,-77,50.000 - 199.999 Euro,n/a,NA,I do not have this information,-66,-77,Yes,I do not have this information,NA,NA,NA,NA,NA,NA,NA,NA,NA,NA,NA,NA,NA,NA,NA,not quoted,not quoted,not quoted,quoted,not quoted,NA,not quoted,-77,-77,-77,-77,-77,-77,-77,-66,not quoted,not quoted,quoted,Distributor,No,I agree to make film-specific data accessible to research community,NA,-66,NA,send a document with festival information by email
f6001,135,Ai Weiwei The Fake Case,I have partial or complete information,Yes,NA,50,I do not know,quoted,not quoted,not quoted,not quoted,NA,the danish film institute is doing the festival distribution of this film  also my US distributors; BOND and internationalfilmcircuit.com should have all the info,quoted,quoted,not quoted,not quoted,NA,not quoted,Yes,No,No,call me,Euro,-66,-77,200.000 - 499.999 Euro,400000,Euro,Yes,50000,Euro,Yes,Yes,NA,NA,NA,NA,NA,NA,NA,NA,NA,NA,NA,NA,NA,NA,NA,quoted,quoted,quoted,quoted,not quoted,NA,not quoted,not quoted,not quoted,not quoted,quoted,quoted,quoted,not quoted,NA,quoted,not quoted,not quoted,NA,"Yes, contact me via this email:",I agree to make film-specific data accessible to research community,NA,-66,NA,send a document with festival information by email
f6005,147,Alphabet,I have partial or complete information,Yes,NA,10,Yes,not quoted,not quoted,not quoted,quoted,World Sales Report,-66,-77,-77,-77,-77,-66,-77,I do not have this information,Yes,No,-66,-77,5540,Euro,500.000 - 999.999 Euro,853555,Euro,I do not have this information,-66,-77,Yes,Yes,I don't know WHICH markets.,NA,NA,NA,NA,NA,NA,NA,NA,NA,NA,NA,NA,NA,NA,quoted,quoted,quoted,quoted,not quoted,NA,not quoted,not quoted,not quoted,not quoted,not quoted,quoted,not quoted,not quoted,NA,not quoted,quoted,not quoted,NA,No,I agree to make film-specific data accessible to research community,-66,NA,NA,send a document with festival information by email
f6006,148,American Arab,I have partial or complete information,Yes,NA,13,Yes,quoted,quoted,not quoted,not quoted,NA,-66,-77,-77,-77,-77,-66,-77,Yes,Yes,Yes,1000,United States dollar,600,United States dollar,200.000 - 499.999 Euro,300000,United States dollar,Yes,50000,United States dollar,No,Yes,IDFA,NA,NA,11.2013,NA,NA,"Amsterdam, Netherlands",amsterdam, netherlands,NA,NA,NA,NA,NA,NA,quoted,quoted,quoted,quoted,not quoted,NA,not quoted,not quoted,not quoted,not quoted,quoted,quoted,not quoted,not quoted,NA,not quoted,not quoted,quoted,Distribution and marketing,"Yes, contact me via this email:",I agree to make film-specific data accessible to research community,758,227273,455,send a document with festival information by email
f6026,1064,The Bed is Broken,I have partial or complete information,Yes,NA,14,I do not know,quoted,not quoted,not quoted,not quoted,NA,"We were focused too much to have our film screened in type A Film Festivals, and skipped other smaller festivals, that were also good. As a result, we missed more opportunities to show our work that we gained visibility from the big festivals. ",not quoted,quoted,not quoted,quoted,Cinematographer and Producer,not quoted,I do not have this information,Yes,Yes,-66,-77,1000,Euro,0 - 49.999 Euro,<20.000,Euro,Yes,<5000,Euro,Yes,Yes,East Silver Market,NA,NA,2013,NA,NA,"Jihlava, Czech Republic",jihlava, czech republic,NA,NA,NA,NA,NA,NA,not quoted,not quoted,quoted,quoted,quoted,special screenings events ,not quoted,not quoted,not quoted,not quoted,not quoted,not quoted,not quoted,quoted,"CinePub, Dafilms",quoted,not quoted,not quoted,NA,"Yes, contact me via this email:",I agree to make film-specific data accessible to research community,-66,NA,NA,send a document with festival information by email
f6084,411,Farewell to Hollywood,I have partial or complete information,other (please specify),yes - it's currently up but we don't have festival info,15,Yes,quoted,not quoted,not quoted,not quoted,NA,-66,-77,-77,-77,-77,-66,-77,No,Yes,Yes,-66,-77,$1000,United States dollar,500.000 - 999.999 Euro,750000,United States dollar,Yes,100000,United States dollar,Yes,Yes,IDFA,NA,NA,11.2013,NA,NA,Amsterdam,amsterdam,netherlands,NA,NA,NA,NA,NA,NA,not quoted,quoted,not quoted,not quoted,not quoted,NA,not quoted,-77,-77,-77,-77,-77,-77,-77,-66,not quoted,quoted,not quoted,NA,"Yes, contact me via this email:",I agree to make film-specific data accessible to research community,-66,568182,758,send a document with festival information by email
f6091,448,Forest of the Dancing Spirits,I have partial or complete information,Yes,NA,17,I do not know,quoted,quoted,quoted,not quoted,NA,These are old films and we don't have the files with the festival screenings listed anymore. The people who worked on distributing these documentaries are no longer part of the company for the most part (as far as the distribution branch is concerned). However the websites and Imdb pages have a lot of informations. ,not quoted,not quoted,not quoted,not quoted,NA,quoted,Yes,Yes,I do not have this information,NA,NA,1500,Canadian dollar,200.000 - 499.999 Euro,NA,NA,I do not have this information,-66,-77,I do not have this information,Yes,NA,NA,NA,NA,NA,NA,NA,NA,NA,NA,NA,NA,NA,NA,NA,quoted,quoted,quoted,quoted,not quoted,NA,not quoted,quoted,not quoted,not quoted,not quoted,not quoted,not quoted,not quoted,NA,not quoted,quoted,not quoted,NA,No,I agree to make film-specific data accessible to research community,NA,NA,1103,send a document with festival information by email
f6095,467,Gaddafi,I have partial or complete information,Yes,NA,5,Yes,not quoted,quoted,not quoted,not quoted,NA,-66,-77,-77,-77,-77,-66,-77,No,No,No,-66,-77,-66,-77,0 - 49.999 Euro,50,Thai baht,No,-66,-77,No,No,NA,NA,NA,NA,NA,NA,NA,NA,NA,NA,NA,NA,NA,NA,NA,quoted,not quoted,not quoted,not quoted,not quoted,NA,not quoted,-77,-77,-77,-77,-77,-77,-77,-66,quoted,quoted,not quoted,NA,"Yes, contact me via this email:",I agree to make film-specific data accessible to research community,-66,-66,NA,send a document with festival information by email
f6114,1143,The Horses of Fukushima,I have partial or complete information,Yes,NA,15,Yes,quoted,not quoted,not quoted,not quoted,NA,-66,-77,-77,-77,-77,-66,-77,Yes,Yes,Yes,150 USD,United States dollar,150,United States dollar,50.000 - 199.999 Euro,"15,000,000",Japanese yen,Yes,"5,000,000",Japanese yen,No,No,NA,NA,NA,NA,NA,NA,NA,NA,NA,NA,NA,NA,NA,NA,NA,not quoted,quoted,not quoted,not quoted,not quoted,NA,not quoted,-77,-77,-77,-77,-77,-77,-77,-66,not quoted,not quoted,quoted,international contact,No,I agree to make film-specific data accessible to research community,114,114242,114,send a document with festival information by email
f6131,601,Jingle Bell Rocks!,I have partial or complete information,Yes,NA,17,I do not know,quoted,quoted,quoted,not quoted,NA,These are old films and we don't have the files with the festival screenings listed anymore. The people who worked on distributing these documentaries are no longer part of the company for the most part (as far as the distribution branch is concerned). However the websites and Imdb pages have a lot of informations. ,not quoted,not quoted,not quoted,not quoted,NA,quoted,Yes,Yes,I do not have this information,NA,NA,1500,Canadian dollar,200.000 - 499.999 Euro,NA,NA,I do not have this information,-66,-77,I do not have this information,Yes,NA,NA,NA,NA,NA,NA,NA,NA,NA,NA,NA,NA,NA,NA,NA,quoted,quoted,quoted,quoted,not quoted,NA,not quoted,quoted,not quoted,not quoted,not quoted,not quoted,not quoted,not quoted,NA,not quoted,quoted,not quoted,NA,No,I agree to make film-specific data accessible to research community,NA,NA,1103,send a document with festival information by email
f6148,657,Life Almost Wonderful,I have no information,-77,-66,-66,-77,-77,-77,-77,-77,-66,-66,-77,-77,-77,-77,-66,-77,Yes,No,Yes,700,Euro,-66,-77,50.000 - 199.999 Euro,NA,NA,Yes,NA,NA,Yes,I do not have this information,NA,NA,NA,NA,NA,NA,NA,NA,NA,NA,NA,NA,NA,NA,NA,quoted,quoted,quoted,quoted,not quoted,NA,not quoted,not quoted,not quoted,not quoted,not quoted,not quoted,not quoted,quoted,Yle Finnish Public TV,quoted,quoted,not quoted,NA,"Yes, contact me via this email:",I agree to make film-specific data accessible to research community,700,-66,NA,send a document with festival information by email
f6170,735,Misha and So On,I have no information,-77,-66,-66,-77,-77,-77,-77,-77,-66,-66,-77,-77,-77,-77,-66,-77,No,No,No,-66,-77,-66,-77,50.000 - 199.999 Euro,129,Euro,No,-66,-77,No,No,NA,NA,NA,NA,NA,NA,NA,NA,NA,NA,NA,NA,NA,NA,NA,quoted,not quoted,not quoted,quoted,not quoted,NA,not quoted,-77,-77,-77,-77,-77,-77,-77,-66,not quoted,quoted,not quoted,NA,No,I agree to make film-specific data accessible to research community,-66,-66,NA,send a document with festival information by email
f6181,763,My Name is Salt,I have partial or complete information,Yes,NA,80,Yes,quoted,not quoted,not quoted,not quoted,NA,-66,-77,-77,-77,-77,-66,-77,No,Yes,No,-66,-77,500,United States dollar,200.000 - 499.999 Euro,300000,Swiss franc,Yes,10000,Swiss franc,No,Yes,IDFA,NA,NA,11.2013,NA,NA,"Amsterdam, Netherlands",amsterdam, netherlands,NA,NA,NA,NA,NA,NA,not quoted,quoted,quoted,quoted,not quoted,NA,not quoted,quoted,not quoted,not quoted,quoted,not quoted,not quoted,quoted,"trigon-film.ch, kanopy.com, der.org",not quoted,quoted,quoted,cinematographer,"Yes, contact me via this email:",I agree to make film-specific data accessible to research community,-66,241935,379,send a document with festival information by email
f6198,857,Patio,I do not know,Yes,NA,30,Yes,quoted,not quoted,not quoted,not quoted,NA,-66,-77,-77,-77,-77,-66,-77,I do not have this information,I do not have this information,I do not have this information,-66,-77,-66,-77,0 - 49.999 Euro,NA,NA,I do not have this information,-66,-77,No,I do not have this information,NA,NA,NA,NA,NA,NA,NA,NA,NA,NA,NA,NA,NA,NA,NA,quoted,not quoted,not quoted,quoted,not quoted,NA,not quoted,not quoted,not quoted,not quoted,not quoted,not quoted,not quoted,not quoted,NA,not quoted,not quoted,quoted,Production Intern of the company,No,I agree to make film-specific data accessible to research community,-66,-66,NA,send a document with festival information by email
f6217,1212,The River,I have no information,-77,-66,-66,-77,-77,-77,-77,-77,-66,-66,-77,-77,-77,-77,-66,-77,No,No,Yes,-66,-77,-66,-77,50.000 - 199.999 Euro,9 000 000 DZN,Algerian dinar,Yes,7500,Euro,No,No,NA,NA,NA,NA,NA,NA,NA,NA,NA,NA,NA,NA,NA,NA,NA,not quoted,not quoted,not quoted,quoted,not quoted,NA,not quoted,-77,-77,-77,-77,-77,-77,-77,-66,quoted,quoted,not quoted,NA,No,I agree to make film-specific data accessible to research community,-66,-66,NA,send a document with festival information by email
f6233,1005,Soul Food Stories,I have no information,-77,-66,-66,-77,-77,-77,-77,-77,-66,-66,-77,-77,-77,-77,-66,-77,No,Yes,Yes,-66,-77,250 - 350,Euro,50.000 - 199.999 Euro,80 000,Euro,Yes,8000,Euro,Yes,Yes,IDFA Forum,Nordisk Panorama Forum,NA,2013,2012,NA,"Amsterdam, Netherlands",amsterdam, netherlands,NA,NA,NA,NA,NA,NA,quoted,not quoted,quoted,not quoted,not quoted,NA,not quoted,quoted,quoted,not quoted,quoted,not quoted,not quoted,not quoted,NA,not quoted,quoted,not quoted,NA,"Yes, contact me via this email:",I agree to make film-specific data accessible to research community,-66,NA,NA,send a document with festival information by email
f6257,1244,The Trial of Muhammed Ali,I have partial or complete information,Yes,NA,18,Yes,quoted,quoted,not quoted,not quoted,NA,-66,-77,-77,-77,-77,-66,-77,I do not have this information,I do not have this information,Yes,-66,-77,-66,-77,500.000 - 999.999 Euro,800000,United States dollar,Yes,50000,United States dollar,No,Yes,IDFA,American Documentary Film Festival,Tribeca Film Festival,11.2013,3.2012,4.2013,"Amsterdam, Netherlands",amsterdam, netherlands,"Palm springs, USA",palm springs,united states,"New York, USA",new york,united stated,quoted,quoted,quoted,quoted,not quoted,NA,not quoted,quoted,quoted,quoted,quoted,quoted,not quoted,not quoted,NA,not quoted,not quoted,quoted,Distribution and marketing,"Yes, contact me via this email:",I agree to make film-specific data accessible to research community,-66,-66,NA,send a document with festival information by email
f6259,1246,The Tunnel,I have partial or complete information,Yes,NA,5,Yes,quoted,not quoted,not quoted,not quoted,NA,-66,-77,-77,-77,-77,-66,-77,No,Yes,Yes,-66,-77,200,British pound,0 - 49.999 Euro,7000,British pound,Yes,1000,British pound,No,Yes,Cannes Short Film Corner,NA,NA,5.2012,NA,NA,"Cannes, France",cannes, france,NA,NA,NA,NA,NA,NA,not quoted,not quoted,quoted,not quoted,not quoted,NA,not quoted,quoted,not quoted,not quoted,not quoted,not quoted,not quoted,not quoted,NA,quoted,quoted,quoted,researcher,"Yes, contact me via this email:",I agree to make film-specific data accessible to research community,-66,6090,NA,send a document with festival information by email
f6280,1400,Zelim's Confession,I have partial or complete information,Yes,NA,15,Yes,quoted,not quoted,not quoted,not quoted,NA,-66,-77,-77,-77,-77,-66,-77,Yes,Yes,Yes,50,Euro,100,Euro,0 - 49.999 Euro,45000,Euro,No,-66,-77,No,Yes,East Silver Market,NA,NA,5.2014,NA,NA,Jihlava,jihlava, czech republic,NA,NA,NA,NA,NA,NA,not quoted,not quoted,not quoted,quoted,not quoted,NA,not quoted,-77,-77,-77,-77,-77,-77,-77,-66,quoted,quoted,not quoted,NA,"Yes, contact me via this email:",I agree to make film-specific data accessible to research community,50,NA,NA,send a document with festival information by email
f9659,I1200099,lost springs 2,I have partial or complete information,Yes,NA,20,I do not know,quoted,not quoted,not quoted,quoted,invitations from films festivals,"This short film was made as a graduation project at  UNATC  I.L.Caragiale  Bucharest. The film school, as producer, could have send it to other film festivals, in or off competition. ",not quoted,not quoted,not quoted,quoted,,not quoted,No,Yes,Yes,-66,-77,aprox. 300,Euro,0 - 49.999 Euro,4000,Euro,No,-66,-77,No,Yes,Cannes ,CLERMONT-FERRAND,,2012,2012,NA,NA,NA,NA,NA,NA,NA,NA,NA,NA,not quoted,not quoted,not quoted,not quoted,not quoted,NA,quoted,-77,-77,-77,-77,-77,-77,-77,-66,quoted,not quoted,not quoted,NA,"Yes, contact me via this email:",I agree to make film-specific data accessible to research community,-66,"4000,00",300,enter data manually within this survey
f8166,f8166,heliopolis heliopolis,I have partial or complete information,No,NA,10,Yes,quoted,quoted,not quoted,not quoted,NA,-66,-77,-77,-77,-77,-66,-77,Yes,No,Yes,100,Canadian dollar,-66,-77,0 - 49.999 Euro,4000,Euro,No,-66,-77,No,No,-66,-66,-66,-66,-66,-66,-66,-66,-66,-66,-66,-66,-66,-66,-66,not quoted,not quoted,not quoted,not quoted,quoted,16mm print distribution through Light Cone and Arsenal Institut für film und videokunst e.V.,not quoted,-77,-77,-77,-77,-77,-77,-77,-66,quoted,quoted,not quoted,NA,No,I agree to make film-specific data accessible to research community,68,"4000,00",-66,enter data manually within this survey
f10400,N1700987,le petit,I have partial or complete information,Yes,NA,16,Yes,quoted,not quoted,not quoted,not quoted,NA,-66,-77,-77,-77,-77,-66,-77,Yes,Yes,Yes,100 dollars,Canadian dollar,1200,Euro,0 - 49.999 Euro,54000,Euro,No,-66,-77,No,No,-66,-66,-66,-66,-66,-66,-66,-66,-66,-66,-66,-66,-66,-66,-66,not quoted,not quoted,not quoted,not quoted,quoted,"online festival on Facebook (Pleins écrans, Canada)",not quoted,-77,-77,-77,-77,-77,-77,-77,-66,quoted,quoted,not quoted,NA,"Yes, contact me via this email:",I agree to make film-specific data accessible to research community,68,"54000,00",1200,fill in an offline or paper-based form
f10274,I1701298,squirrel island,I have partial or complete information,Yes,NA,50,No,not quoted,quoted,not quoted,not quoted,NA,"I kept careful records at the beginning of the film's festival run, but after about a year I stopped keeping notes. So the smaller festivals it played in the second year of its festival run went unrecorded.",not quoted,not quoted,not quoted,not quoted,NA,quoted,Yes,Yes,Yes,40,Euro,1200,British pound,0 - 49.999 Euro,15000,British pound,Yes,200,British pound,No,Yes,Clermont-Ferrand International Short Film Festival,NA,NA,02/2017,NA,NA,NA,NA,NA,NA,NA,NA,NA,NA,NA,not quoted,not quoted,quoted,quoted,not quoted,NA,not quoted,quoted,not quoted,not quoted,not quoted,not quoted,not quoted,quoted,Labocine.com,quoted,quoted,quoted,"writer, animator, model maker",No,I agree to make film-specific data accessible to research community,40,"18026,00",1442,enter data manually within this survey
f9841,I1405498,that afternoon we went to see the pandas,I have partial or complete information,Yes,NA,5,Yes,quoted,quoted,not quoted,not quoted,NA,-66,-77,-77,-77,-77,-66,-77,Yes,Yes,Yes,$800.00,United States dollar,10,United States dollar,0 - 49.999 Euro,30000,United States dollar,Yes,500,United States dollar,No,Yes,Clermont-Ferrand International Short Film Festival,NA,NA,NA,NA,NA,NA,NA,NA,NA,NA,NA,NA,NA,NA,not quoted,not quoted,quoted,not quoted,not quoted,NA,not quoted,not quoted,not quoted,not quoted,not quoted,not quoted,not quoted,quoted,Viddsee,quoted,not quoted,not quoted,NA,"Yes, contact me via this email:",I agree to make film-specific data accessible to research community,590,"21765,00",7,enter data manually within this survey
f7832,f7832,10 meter tower,I have no information,-77,-66,-66,-77,-77,-77,-77,-77,-66,-66,-77,-77,-77,-77,-66,-77,Yes,No,No,"€ 1000,00",Euro,-66,-77,0 - 49.999 Euro,53000,Euro,Yes,10000,Euro,Yes,I do not have this information,-66,-66,-66,-66,-66,-66,-66,-66,-66,-66,-66,-66,-66,-66,-66,quoted,quoted,quoted,not quoted,not quoted,NA,not quoted,quoted,quoted,not quoted,quoted,not quoted,not quoted,quoted,The New York times ,quoted,quoted,not quoted,NA,"Yes, contact me via this email:",I agree to make film-specific data accessible to research community,1000,"53000,00",-66,-77
f17391,f17391,so be it,I have partial or complete information,NA,NA,3,Yes,quoted,not quoted,not quoted,not quoted,NA,-66,-77,-77,-77,-77,-66,-77,No,No,No,-66,-77,-66,-77,50.000 - 199.999 Euro,"around 120,000 Euro",NA,No,-66,-77,No,Yes,Hong Kong FIlm Market / Hong Kong International Film Festival,NA,NA,"March, 2014",NA,NA,NA,NA,NA,NA,NA,NA,NA,NA,NA,quoted,quoted,not quoted,not quoted,not quoted,NA,not quoted,-77,-77,-77,-77,-77,-77,-77,-66,not quoted,quoted,not quoted,NA,No,I agree to make film-specific data accessible to research community,-66,120000,-66,enter data manually within this survey
f9960,I1501578,the beaten path,I have partial or complete information,Yes,NA,9,Yes,not quoted,quoted,not quoted,quoted,Emails,-66,-77,-77,-77,-77,-66,-77,No,Yes,Yes,-66,-77,3000 (approximate),Indian rupee,0 - 49.999 Euro,70000,Indian rupee,No,-66,-77,No,I do not have this information,-66,-66,-66,-66,-66,-66,-66,-66,-66,-66,-66,-66,-66,-66,-66,not quoted,not quoted,not quoted,not quoted,not quoted,NA,quoted,-77,-77,-77,-77,-77,-77,-77,-66,quoted,quoted,not quoted,NA,"Yes, contact me via this email:",I agree to make film-specific data accessible to research community,-66,"826,00",35,send a document with festival information by email
f9110,f9110,trashed,I have partial or complete information,Yes,NA,20,No,quoted,not quoted,not quoted,not quoted,NA,Can't remember all of the festivals as the lady who ran them has left the company.,not quoted,not quoted,not quoted,quoted,Internet search - we may be able to find more data from old spreadsheets,not quoted,No,Yes,No,-66,-77,No idea too long ago,British pound,200.000 - 499.999 Euro,"Estimate £180,000",British pound,Yes,Estimate 100k,British pound,No,No,-66,-66,-66,-66,-66,-66,-66,-66,-66,-66,-66,-66,-66,-66,-66,quoted,quoted,quoted,quoted,not quoted,NA,not quoted,quoted,not quoted,not quoted,quoted,quoted,not quoted,not quoted,NA,not quoted,not quoted,quoted,Work for company ,No,I agree to make film-specific data accessible to research community,-66,"216320,00",NA,enter data manually within this survey
f10411,N1701294,koropa,I have no information,-77,-66,-66,-77,-77,-77,-77,-77,-66,-66,-77,-77,-77,-77,-66,-77,No,Yes,Yes,-66,-77,"€ 2000,00",Euro,0 - 49.999 Euro,35000,Euro,No,-66,-77,No,Yes,CLERMONT FERRAND FILM FESTIVAL,NA,NA,02/02/2016,NA,NA,NA,NA,NA,NA,NA,NA,NA,NA,NA,quoted,quoted,quoted,not quoted,not quoted,NA,not quoted,not quoted,not quoted,not quoted,not quoted,not quoted,quoted,quoted,TENK,not quoted,quoted,not quoted,NA,"Yes, contact me via this email:",I agree to make film-specific data accessible to research community,-66,"35000,00",2000,-77
f10002,I1504431,rabie chetwy,I have partial or complete information,Yes,NA,218,Yes,quoted,quoted,not quoted,quoted,notifications via email,-66,-77,-77,-77,-77,-66,-77,Yes,Yes,Yes,around 100,United States dollar,100,United States dollar,3.000.000 - 9.999.999 Euro,around 9000,United States dollar,No,-66,-77,No,Yes,Clermont Short Film Festival,NA,NA,2.2015,NA,NA,NA,NA,NA,NA,NA,NA,NA,NA,NA,quoted,not quoted,quoted,not quoted,quoted,The film has been broadcasted via TV and V.O.D,not quoted,not quoted,not quoted,not quoted,not quoted,not quoted,not quoted,quoted,a Japanese vod platform ,quoted,quoted,quoted,and co-writer,"Yes, contact me via this email:",I agree to make film-specific data accessible to research community,73,"6530,00",73,send a document with festival information by email
f9979,I1503061,somewhere down the line,I have partial or complete information,Yes,NA,40,No,quoted,not quoted,not quoted,not quoted,NA,We stopped keeping a record at the end of 2015.  It has screened at several minor festivals since then.,not quoted,quoted,quoted,not quoted,NA,not quoted,Yes,Yes,Yes,3000,Euro,600,Euro,0 - 49.999 Euro,46,Euro,No,-66,-77,Yes,I do not have this information,NA,NA,NA,NA,NA,NA,NA,NA,NA,NA,NA,NA,NA,NA,NA,quoted,not quoted,quoted,not quoted,not quoted,NA,not quoted,quoted,quoted,not quoted,not quoted,not quoted,not quoted,not quoted,NA,not quoted,quoted,not quoted,NA,"Yes, contact me via this email:",I agree to make film-specific data accessible to research community,3000,"46,00",600,send a document with festival information by email
f10168,I1605100,har gaf sayfan,I have partial or complete information,Yes,NA,37,Yes,quoted,quoted,not quoted,not quoted,NA,-66,-77,-77,-77,-77,-66,-77,Yes,Yes,Yes,2800,Euro,200,Euro,50.000 - 199.999 Euro,NA,NA,Yes,500,Euro,Yes,No,-66,-66,-66,-66,-66,-66,-66,-66,-66,-66,-66,-66,-66,-66,-66,quoted,not quoted,quoted,not quoted,not quoted,NA,not quoted,not quoted,not quoted,not quoted,not quoted,not quoted,not quoted,quoted,realeyz,not quoted,not quoted,quoted,distributor,No,I agree to make film-specific data accessible to research community,2800,"-99,00",200,send a document with festival information by email
f8183,f8183,jokinen,I have partial or complete information,Yes,NA,5,Yes,quoted,not quoted,not quoted,not quoted,NA,-66,-77,-77,-77,-77,-66,-77,No,No,No,-66,-77,-66,-77,0 - 49.999 Euro,20000,United States dollar,No,-66,-77,No,No,-66,-66,-66,-66,-66,-66,-66,-66,-66,-66,-66,-66,-66,-66,-66,not quoted,not quoted,not quoted,not quoted,quoted,Exhibitions and screenings,not quoted,-77,-77,-77,-77,-77,-77,-77,-66,quoted,quoted,not quoted,NA,"Yes, contact me via this email:",I agree to make film-specific data accessible to research community,-66,"14510,00",-66,enter data manually within this survey
f10193,I1602228,camrex,I have partial or complete information,No,NA,45,Yes,quoted,not quoted,not quoted,quoted,Online festival portals,-66,-77,-77,-77,-77,-66,-77,Yes,Yes,Yes,"£ 1000,00",British pound,"£ 2000,00",British pound,0 - 49.999 Euro,"£ 3000,00",British pound,Yes,"£ 250,00",British pound,No,Yes,Clermont Ferrand Short Film Festival,NA,NA,2016,NA,NA,NA,NA,NA,NA,NA,NA,NA,NA,NA,not quoted,not quoted,quoted,not quoted,not quoted,NA,not quoted,quoted,not quoted,not quoted,not quoted,not quoted,not quoted,quoted,Yahoo Japan,quoted,quoted,quoted,Writer/Cinematographer/Editor,"Yes, contact me via this email:",I agree to make film-specific data accessible to research community,-66,"3605,00",2404,send a document with festival information by email
f9168,f9168,of men and war,I have partial or complete information,Yes,NA,44,I do not know,quoted,not quoted,not quoted,not quoted,NA,Vendors that didn't tell us.,quoted,quoted,not quoted,not quoted,NA,not quoted,Yes,No,No,5000,Euro,-66,-77,500.000 - 999.999 Euro,750000,Euro,I do not have this information,-66,-77,No,Yes,Cannes Film Market,NA,NA,05.2014,NA,NA,NA,NA,NA,NA,NA,NA,NA,NA,NA,quoted,quoted,quoted,not quoted,not quoted,NA,not quoted,not quoted,not quoted,quoted,not quoted,not quoted,not quoted,not quoted,NA,quoted,quoted,not quoted,NA,"Yes, contact me via this email:",I agree to make film-specific data accessible to research community,5000,"750000,00",-66,send a document with festival information by email
f9675,I1202420,a fabrica,I have partial or complete information,Yes,NA,77,Yes,quoted,not quoted,not quoted,not quoted,NA,-66,-77,-77,-77,-77,-66,-77,I do not have this information,Yes,I do not have this information,-66,-77,$ 600,United States dollar,0 - 49.999 Euro,44.000,Brazilian real,I do not have this information,-66,-77,I do not have this information,I do not have this information,NA,NA,NA,NA,NA,NA,NA,NA,NA,NA,NA,NA,NA,NA,NA,quoted,not quoted,quoted,quoted,not quoted,NA,not quoted,quoted,quoted,not quoted,not quoted,not quoted,not quoted,not quoted,NA,not quoted,not quoted,quoted,company intern,No,I agree to make film-specific data accessible to research community,-66,"13523,00",435,send a document with festival information by email
f7747,f7747,bunker drama,I have partial or complete information,No,NA,2,Yes,quoted,not quoted,not quoted,not quoted,NA,-66,-77,-77,-77,-77,-66,-77,Yes,No,No,800,United States dollar,-66,-77,0 - 49.999 Euro,1,United States dollar,No,-66,-77,No,No,-66,-66,-66,-66,-66,-66,-66,-66,-66,-66,-66,-66,-66,-66,-66,not quoted,not quoted,not quoted,not quoted,not quoted,NA,quoted,not quoted,not quoted,not quoted,not quoted,not quoted,not quoted,not quoted,NA,quoted,quoted,not quoted,NA,"Yes, contact me via this email:",I agree to make film-specific data accessible to research community,-66,"1,00",-66,enter data manually within this survey
f10170,I1605334,ainda sangro por dentro,I have partial or complete information,Yes,NA,29,Yes,quoted,not quoted,not quoted,not quoted,NA,-66,-77,-77,-77,-77,-66,-77,No,Yes,Yes,-66,-77,300,United States dollar,0 - 49.999 Euro,3000,Euro,No,-66,-77,No,No,-66,-66,-66,-66,-66,-66,-66,-66,-66,-66,-66,-66,-66,-66,-66,quoted,not quoted,not quoted,not quoted,not quoted,NA,not quoted,-77,-77,-77,-77,-77,-77,-77,-66,quoted,not quoted,not quoted,NA,"Yes, contact me via this email:",I agree to make film-specific data accessible to research community,-66,"3000,00",218,enter data manually within this survey
f17281,f17281,on stopping the rain,I have partial or complete information,Yes,NA,15,Yes,quoted,not quoted,not quoted,not quoted,NA,-66,-77,-77,-77,-77,-66,-77,No,No,No,-66,-77,-66,-77,0 - 49.999 Euro,1000,Euro,No,-66,-77,No,No,-66,-66,-66,-66,-66,-66,-66,-66,-66,-66,-66,-66,-66,-66,-66,not quoted,not quoted,not quoted,not quoted,not quoted,NA,quoted,-77,-77,-77,-77,-77,-77,-77,-66,quoted,quoted,not quoted,NA,No,I agree to make film-specific data accessible to research community,-66,"1000,00",-66,enter data manually within this survey
f10171,I1605397,anay ny lalana,I have partial or complete information,Yes,NA,20,I do not know,quoted,not quoted,not quoted,not quoted,NA,The list is not up to date.,not quoted,not quoted,not quoted,not quoted,NA,not quoted,Yes,Yes,Yes,NA,NA,NA,NA,0 - 49.999 Euro,NA,NA,No,-66,-77,No,Yes,Short film market,NA,NA,NA,NA,NA,NA,NA,NA,NA,NA,NA,NA,NA,NA,not quoted,not quoted,not quoted,not quoted,not quoted,NA,quoted,-77,-77,-77,-77,-77,-77,-77,-66,not quoted,not quoted,quoted,distributor,No,I agree to make film-specific data accessible to research community,-66,"-99,00",NA,enter data manually within this survey
f9671,I1201844,los crimenes,I have no information,-77,-66,-66,-77,-77,-77,-77,-77,-66,-66,-77,-77,-77,-77,-66,-77,No,No,Yes,-66,-77,-66,-77,0 - 49.999 Euro,10.000,Euro,No,-66,-77,Yes,No,-66,-66,-66,-66,-66,-66,-66,-66,-66,-66,-66,-66,-66,-66,-66,not quoted,not quoted,not quoted,not quoted,not quoted,NA,quoted,-77,-77,-77,-77,-77,-77,-77,-66,quoted,quoted,quoted,"co-scriptwritter, editor","Yes, contact me via this email:",I agree to make film-specific data accessible to research community,-66,"10000,00",-66,-77
f10320,I1704948,the absence of eddy table,I have partial or complete information,Yes,NA,66,Yes,not quoted,not quoted,not quoted,quoted,"Many sources: festivals themselves, the Norwegian film institute, distributor Autour de Minuit, several individuals connected to the film (director, writer especially)",-66,-77,-77,-77,-77,-66,-77,I do not have this information,I do not have this information,I do not have this information,-66,-77,-66,-77,50.000 - 199.999 Euro,180000,Euro,Yes,5000,Euro,Yes,I do not have this information,-66,-66,-66,-66,-66,-66,-66,-66,-66,-66,-66,-66,-66,-66,-66,quoted,not quoted,quoted,quoted,quoted,Non-commercial cinema distribution (outside of festivals),not quoted,quoted,quoted,not quoted,not quoted,not quoted,not quoted,not quoted,NA,not quoted,quoted,not quoted,NA,No,I agree to make film-specific data accessible to research community,-66,"180000,00",-66,send a document with festival information by email
f9573,I1100450,strips,I have partial or complete information,Yes,NA,65,No,quoted,not quoted,not quoted,not quoted,NA,MIssing entries  Not updated since 2013,not quoted,quoted,not quoted,not quoted,NA,not quoted,Yes,Yes,Yes,1000,Canadian dollar,300,Canadian dollar,0 - 49.999 Euro,3000,Canadian dollar,No,-66,-77,No,No,-66,-66,-66,-66,-66,-66,-66,-66,-66,-66,-66,-66,-66,-66,-66,quoted,not quoted,quoted,not quoted,not quoted,NA,not quoted,quoted,not quoted,not quoted,not quoted,not quoted,quoted,quoted,Arte Creative,quoted,quoted,quoted,"editor, animator","Yes, contact me via this email:",I agree to make film-specific data accessible to research community,1000,"2047,00",205,send a document with festival information by email
f8266,f8266,"ride like lightning, crash like thunder",I have partial or complete information,Yes,NA,30,I do not know,quoted,not quoted,not quoted,not quoted,NA,NA,not quoted,quoted,not quoted,not quoted,NA,not quoted,I do not have this information,No,Yes,-66,-77,-66,-77,1.000.000 - 2.999.999 Euro,$2500,United States dollar,No,-66,-77,No,I do not have this information,-66,-66,-66,-66,-66,-66,-66,-66,-66,-66,-66,-66,-66,-66,-66,not quoted,not quoted,not quoted,not quoted,quoted,film distributor,not quoted,-77,-77,-77,-77,-77,-77,-77,-66,quoted,quoted,not quoted,NA,No,I agree to make film-specific data accessible to research community,-66,"1813,00",-66,send a document with festival information by email
f9051,f9051,befetach beity (on my doorstep),I have partial or complete information,Yes,NA,20,I do not know,quoted,not quoted,not quoted,not quoted,NA,"I have kept track of the film's distribution for almost 2 years following its release,   I know there are a few screenings I was not aware of so I do not know if all the relevant festivals are listed.   Also I did not keep record of the exact date of screenings.",not quoted,not quoted,not quoted,not quoted,NA,quoted,Yes,I do not have this information,No,30$,Canadian dollar,-66,-77,50.000 - 199.999 Euro,5000,Israeli new shekel,No,-66,-77,No,Yes,Short Film Corner,NA,NA,05.2011,NA,NA,NA,NA,NA,NA,NA,NA,NA,NA,NA,not quoted,not quoted,quoted,not quoted,not quoted,NA,not quoted,quoted,quoted,not quoted,not quoted,not quoted,not quoted,not quoted,NA,quoted,quoted,not quoted,NA,"Yes, contact me via this email:",I agree to make film-specific data accessible to research community,22,"1046,00",-66,enter data manually within this survey
f10114,I1600460,in the distance,I have partial or complete information,Yes,NA,130,I do not know,quoted,not quoted,not quoted,not quoted,NA,Toward the end of the festival run i did not enter myself anymore but still received some requests from festivals. As i had already moved on to other projects and all the bigger and 'important' festivals used to be over i was not very carefull to keep the list up to date.,not quoted,not quoted,not quoted,not quoted,NA,quoted,Yes,Yes,No,I dont know,Euro,I dont know,Euro,0 - 49.999 Euro,44.000,Euro,Yes,400,Euro,No,Yes,Clermont Ferrand,NA,NA,NA,NA,NA,NA,NA,NA,NA,NA,NA,NA,NA,NA,quoted,quoted,quoted,not quoted,not quoted,NA,not quoted,quoted,quoted,not quoted,not quoted,not quoted,not quoted,not quoted,NA,quoted,quoted,not quoted,NA,"Yes, contact me via this email:",I agree to make film-specific data accessible to research community,NA,"44000,00",NA,send a document with festival information by email
f8093,f8093,camera threat,I have partial or complete information,Yes,NA,31,Yes,quoted,not quoted,not quoted,not quoted,NA,-66,-77,-77,-77,-77,-66,-77,No,Yes,Yes,-66,-77,1502,Euro,0 - 49.999 Euro,40000,Euro,No,-66,-77,No,I do not have this information,-66,-66,-66,-66,-66,-66,-66,-66,-66,-66,-66,-66,-66,-66,-66,not quoted,not quoted,not quoted,not quoted,quoted,"The film has two distributors, Light Cone in Paris and Arsenal in Berlin. A few times the film was rented out for single screenings here and there.",not quoted,-77,-77,-77,-77,-77,-77,-77,-66,quoted,quoted,quoted,"Cameraman, Editor","Yes, contact me via this email:",I agree to make film-specific data accessible to research community,-66,"40000,00",1502,enter data manually within this survey
f10378,N1700342,dirty south,I have partial or complete information,Yes,NA,14,Yes,quoted,not quoted,not quoted,not quoted,NA,-66,-77,-77,-77,-77,-66,-77,Yes,Yes,Yes,100,Euro,150,Euro,50.000 - 199.999 Euro,130000,Euro,No,-66,-77,No,No,-66,-66,-66,-66,-66,-66,-66,-66,-66,-66,-66,-66,-66,-66,-66,quoted,not quoted,quoted,not quoted,not quoted,NA,not quoted,quoted,not quoted,not quoted,not quoted,not quoted,not quoted,not quoted,NA,not quoted,quoted,not quoted,NA,No,I agree to make film-specific data accessible to research community,100,"130000,00",150,enter data manually within this survey
f9972,I1502151,prends-moi,I do not know,other (please specify),"There is an IMDB page, with some festival screening that were add, but just a few.  Please feel free to entered the missing festival screening, there is at least one hundred missing",125,Yes,quoted,not quoted,not quoted,quoted,Information from the distributor (Travelling),-66,-77,-77,-77,-77,-66,-77,No,Yes,I do not have this information,-66,-77,2000$,Canadian dollar,0 - 49.999 Euro,3500$,Canadian dollar,Yes,1000,Canadian dollar,No,Yes,Clermont-Ferrand,NA,NA,NA,NA,NA,NA,NA,NA,NA,NA,NA,NA,NA,NA,not quoted,not quoted,quoted,not quoted,not quoted,NA,not quoted,quoted,not quoted,not quoted,not quoted,not quoted,not quoted,quoted,tou.tv,not quoted,quoted,not quoted,NA,"Yes, contact me via this email:",I agree to make film-specific data accessible to research community,-66,"2388,00",1365,send a document with festival information by email
f10387,N1700615,le sens des choses,I have partial or complete information,Yes,NA,3,I do not know,quoted,not quoted,not quoted,not quoted,NA,NA,not quoted,not quoted,not quoted,not quoted,NA,quoted,Yes,Yes,Yes,40,Euro,40,Euro,0 - 49.999 Euro,100,Euro,No,-66,-77,No,No,-66,-66,-66,-66,-66,-66,-66,-66,-66,-66,-66,-66,-66,-66,-66,not quoted,not quoted,not quoted,not quoted,quoted,Independant distribution,not quoted,-77,-77,-77,-77,-77,-77,-77,-66,quoted,quoted,not quoted,NA,No,I agree to make film-specific data accessible to research community,40,"100,00",40,enter data manually within this survey
f9823,I1404544,i love hooligans,I have partial or complete information,Yes,NA,200,Yes,quoted,not quoted,not quoted,not quoted,NA,-66,-77,-77,-77,-77,-66,-77,Yes,Yes,Yes,4.500,Euro,1.500,Euro,50.000 - 199.999 Euro,167.000,Euro,Yes,6.000,Euro,Yes,Yes,we don not have that information,NA,NA,NA,NA,NA,NA,NA,NA,NA,NA,NA,NA,NA,NA,not quoted,not quoted,not quoted,not quoted,quoted,festival distribution: Klik! distribution | international sales: SND Films,not quoted,-77,-77,-77,-77,-77,-77,-77,-66,not quoted,quoted,not quoted,NA,"Yes, contact me via this email:",I agree to make film-specific data accessible to research community,4500,"167000,00",1500,send a document with festival information by email
f10344,f7893,love,I have partial or complete information,Yes,NA,152,Yes,quoted,not quoted,not quoted,not quoted,NA,-66,-77,-77,-77,-77,-66,-77,Yes,Yes,Yes,100,Euro,400,United States dollar,0 - 49.999 Euro,26000,Euro,No,NA,NA,Yes,No,-66,-66,-66,-66,-66,-66,-66,-66,-66,-66,-66,-66,-66,-66,-66,not quoted,quoted,quoted,not quoted,not quoted,NA,not quoted,quoted,not quoted,not quoted,not quoted,not quoted,not quoted,not quoted,NA,not quoted,not quoted,quoted,festival distributor,No,I agree to make film-specific data accessible to research community,100,"26000,00",290,send a document with festival information by email
f7960,f7960,semele,I have partial or complete information,Yes,NA,100,No,quoted,not quoted,not quoted,not quoted,NA,No festivals noted after October 2017.,not quoted,not quoted,not quoted,quoted,film festivals,not quoted,Yes,Yes,Yes,5,Euro,500,Euro,10.000.000 - 29.999.999 Euro,12,Euro,Yes,1000,Euro,No,I do not have this information,NA,NA,NA,NA,NA,NA,NA,NA,NA,NA,NA,NA,NA,NA,NA,quoted,not quoted,quoted,not quoted,not quoted,NA,not quoted,quoted,quoted,not quoted,not quoted,not quoted,not quoted,quoted,Fandor,quoted,quoted,quoted,"writer, editor",No,I agree to make film-specific data accessible to research community,5,"12,00",500,send a document with festival information by email
f10189,I1602030,eden's edge (three shorts on the californian desert),I have partial or complete information,other (please specify),the documentation of all festival participations are documented by our film agency  sixpackfilm  and continue to do so,20,I do not know,not quoted,not quoted,not quoted,quoted,"film agency representing the film internationally, sixpackfilm","The film may have been screened in smaller festivals also that were not documented by the film agency or us, occasionally we accepted invitations to festivals that were not in the placement program of the agency. In that case agency documentations were not made.",not quoted,not quoted,not quoted,quoted,I and my co-director Leo Calice probably could reconstruct missing festival participations by surveying three years of e-mail correspondances,not quoted,Yes,No,-77,1200.- €,Euro,-66,-77,50.000 - 199.999 Euro,100000,Euro,No,-66,-77,Yes,I do not have this information,-66,-66,-66,-66,-66,-66,-66,-66,-66,-66,-66,-66,-66,-66,-66,not quoted,not quoted,not quoted,quoted,quoted,DCP,not quoted,-77,-77,-77,-77,-77,-77,-77,-66,quoted,quoted,quoted,director of art based research,No,I agree to make film-specific data accessible to research community,1200,"100000,00",-66,send a document with festival information by email
f7851,f7851,"i, olga hepnarova",I have partial or complete information,Yes,NA,17,Yes,quoted,not quoted,not quoted,not quoted,NA,-66,-77,-77,-77,-77,-66,-77,Yes,No,No,20000,Euro,-66,-77,500.000 - 999.999 Euro,700000,Euro,Yes,2500,Euro,Yes,Yes,Berlinale,NA,NA,02.2016,NA,NA,NA,NA,NA,NA,NA,NA,NA,NA,NA,not quoted,quoted,quoted,not quoted,not quoted,NA,not quoted,not quoted,not quoted,quoted,not quoted,not quoted,quoted,not quoted,NA,not quoted,quoted,not quoted,NA,"Yes, contact me via this email:",I agree to make film-specific data accessible to research community,20000,"700000,00",-66,enter data manually within this survey
f17442,f17442,daewit,I have partial or complete information,Yes,NA,220,Yes,quoted,not quoted,not quoted,not quoted,NA,-66,-77,-77,-77,-77,-66,-77,Yes,Yes,No,500,Euro,2000,Euro,0 - 49.999 Euro,20000,Euro,Yes,2000,Euro,No,I do not have this information,Berlinale,NA,NA,02.2015,NA,NA,NA,NA,NA,NA,NA,NA,NA,NA,NA,quoted,not quoted,quoted,quoted,not quoted,NA,not quoted,quoted,quoted,not quoted,not quoted,not quoted,not quoted,quoted,Die Zeit - Online,not quoted,quoted,not quoted,NA,"Yes, contact me via this email:",I agree to make film-specific data accessible to research community,500,"20000,00",2000,send a document with festival information by email
f9958,I1501347,birthday in chongqing,I have partial or complete information,Yes,NA,10,Yes,not quoted,quoted,not quoted,not quoted,NA,-66,-77,-77,-77,-77,-66,-77,Yes,Yes,No,0,Chinese yuan,3000,Chinese yuan,3.000.000 - 9.999.999 Euro,60000,Chinese yuan,No,-66,-77,Yes,No,-66,-66,-66,-66,-66,-66,-66,-66,-66,-66,-66,-66,-66,-66,-66,not quoted,not quoted,not quoted,not quoted,not quoted,NA,quoted,-77,-77,-77,-77,-77,-77,-77,-66,quoted,quoted,not quoted,NA,"Yes, contact me via this email:",I agree to make film-specific data accessible to research community,0,"7190,00",360,send a document with festival information by email
f10109,I1600215,madam black,I do not know,No,NA,150,No,not quoted,not quoted,not quoted,quoted,it would take me far too long to do a list,NA,not quoted,not quoted,quoted,not quoted,NA,not quoted,Yes,Yes,No,1000,New Zealand dollar,5000,New Zealand dollar,0 - 49.999 Euro,50000,New Zealand dollar,Yes,1000,New Zealand dollar,Yes,Yes,Clermont-Ferrand,NA,NA,NA,NA,NA,NA,NA,NA,NA,NA,NA,NA,NA,NA,quoted,not quoted,not quoted,not quoted,quoted,Distrify,not quoted,-77,-77,-77,-77,-77,-77,-77,-66,quoted,quoted,not quoted,NA,"Yes, contact me via this email:",I agree to make film-specific data accessible to research community,60,"29873,00",2987,enter data manually within this survey
f9825,I1404677,america,I have no information,-77,-66,-66,-77,-77,-77,-77,-77,-66,-66,-77,-77,-77,-77,-66,-77,No,Yes,Yes,-66,-77,"1000,00",Euro,0 - 49.999 Euro,"30000,00",Euro,Yes,"1000,00",Euro,Yes,Yes,TSFM,Clermont-Ferrand,NA,2016,2014,NA,NA,NA,NA,NA,NA,NA,NA,NA,NA,not quoted,not quoted,quoted,quoted,not quoted,NA,not quoted,not quoted,not quoted,not quoted,not quoted,not quoted,not quoted,not quoted,NA,quoted,quoted,not quoted,NA,"Yes, contact me via this email:",I agree to make film-specific data accessible to research community,-66,"30000,00",1000,-77
f8318,f8318,the crying conch,I have partial or complete information,No,NA,25,Yes,not quoted,quoted,not quoted,not quoted,NA,-66,-77,-77,-77,-77,-66,-77,Yes,Yes,Yes,1000,Canadian dollar,500,Canadian dollar,0 - 49.999 Euro,5000,Canadian dollar,No,-66,-77,Yes,No,-66,-66,-66,-66,-66,-66,-66,-66,-66,-66,-66,-66,-66,-66,-66,quoted,not quoted,quoted,not quoted,not quoted,NA,not quoted,quoted,not quoted,not quoted,not quoted,not quoted,not quoted,not quoted,NA,not quoted,not quoted,quoted,Distributor,No,I agree to make film-specific data accessible to research community,68,"3412,00",341,send a document with festival information by email
f7900,f7900,houses without doors,I have partial or complete information,Yes,NA,24,Yes,quoted,quoted,not quoted,not quoted,NA,-66,-77,-77,-77,-77,-66,-77,Yes,Yes,No,2500,United States dollar,500,United States dollar,200.000 - 499.999 Euro,200000,United States dollar,No,-66,-77,No,I do not have this information,-66,-66,-66,-66,-66,-66,-66,-66,-66,-66,-66,-66,-66,-66,-66,not quoted,not quoted,quoted,not quoted,not quoted,NA,not quoted,not quoted,not quoted,not quoted,not quoted,not quoted,not quoted,quoted,Documenta Greece ,not quoted,quoted,not quoted,NA,No,I agree to make film-specific data accessible to research community,1813,"145106,00",363,send a document with festival information by email
f17204,f17204,lamento,I have partial or complete information,Yes,NA,7,Yes,quoted,quoted,not quoted,not quoted,NA,-66,-77,-77,-77,-77,-66,-77,No,Yes,No,-66,-77,100,Euro,50.000 - 199.999 Euro,105000,Euro,Yes,2500,Euro,Yes,No,-66,-66,-66,-66,-66,-66,-66,-66,-66,-66,-66,-66,-66,-66,-66,not quoted,quoted,quoted,quoted,not quoted,NA,not quoted,not quoted,not quoted,not quoted,not quoted,not quoted,not quoted,quoted,realeyz,not quoted,quoted,not quoted,NA,No,I agree to make film-specific data accessible to research community,-66,"105000,00",100,send a document with festival information by email
f17200,f17200,laborat,I have partial or complete information,Yes,NA,15,No,quoted,not quoted,not quoted,not quoted,NA,invitation in program out of competition.   later screening of the film after Its run,not quoted,quoted,quoted,not quoted,NA,not quoted,Yes,No,Yes,0,Indian rupee,-66,-77,0 - 49.999 Euro,50000,Euro,No,-66,-77,No,No,-66,-66,-66,-66,-66,-66,-66,-66,-66,-66,-66,-66,-66,-66,-66,not quoted,not quoted,not quoted,not quoted,not quoted,NA,quoted,-77,-77,-77,-77,-77,-77,-77,-66,quoted,quoted,not quoted,NA,No,I agree to make film-specific data accessible to research community,0,"50000,00",-66,enter data manually within this survey
f17466,f17466,the new man,I have partial or complete information,Yes,NA,32,Yes,quoted,not quoted,not quoted,not quoted,NA,-66,-77,-77,-77,-77,-66,-77,Yes,Yes,Yes,13200,United States dollar,250,United States dollar,50.000 - 199.999 Euro,100000,United States dollar,Yes,10000,United States dollar,Yes,Yes,Berlinale,"Buenos Aires, Argentina",NA,02.2015,12.2015,NA,NA,NA,NA,NA,NA,NA,NA,NA,NA,quoted,quoted,quoted,quoted,not quoted,NA,not quoted,quoted,not quoted,not quoted,not quoted,not quoted,not quoted,quoted,Mowie,not quoted,quoted,not quoted,NA,"Yes, contact me via this email:",I agree to make film-specific data accessible to research community,13200,"72553,00",181,enter data manually within this survey
f17426,f17426,chorus,I have partial or complete information,Yes,NA,27,Yes,quoted,not quoted,not quoted,not quoted,NA,-66,-77,-77,-77,-77,-66,-77,Yes,Yes,I do not have this information,I don't know,NA,300,Canadian dollar,1.000.000 - 2.999.999 Euro,1900000,Canadian dollar,Yes,130000,Canadian dollar,No,Yes,Berlinale,Cannes,NA,02.2015,05.2015,NA,NA,NA,NA,NA,NA,NA,NA,NA,NA,quoted,quoted,quoted,quoted,not quoted,NA,not quoted,quoted,not quoted,not quoted,not quoted,quoted,quoted,not quoted,NA,quoted,quoted,not quoted,NA,"Yes, contact me via this email:",I agree to make film-specific data accessible to research community,NA,"1296574,00",205,send a document with festival information by email
f9378,f9378,koniec widzenia,I have partial or complete information,Yes,NA,31,Yes,quoted,not quoted,not quoted,not quoted,NA,NA,not quoted,not quoted,not quoted,not quoted,NA,not quoted,No,Yes,Yes,-66,-77,1000,Euro,0 - 49.999 Euro,2000,Euro,Yes,3000,Euro,No,No,NA,NA,NA,NA,NA,NA,NA,NA,NA,NA,NA,NA,NA,NA,NA,quoted,quoted,not quoted,quoted,not quoted,NA,not quoted,-77,-77,-77,-77,-77,-77,-77,-66,not quoted,not quoted,quoted,PR Manager responsible for festival promotion,No,I agree to make film-specific data accessible to research community,-66,"2000,00",1000,send a document with festival information by email
f9798,I1401419,pride,I have partial or complete information,Yes,NA,50,I do not know,quoted,not quoted,not quoted,quoted,Information of Bulgarian co-producer of festival activities within the Bulgarian territory,"After the European Film awards, we stopped submissions as well as the continuation of the festival list as we'd covered the festival circuit. From time to time some smaller festivals did ask proactively for the film, but we didn't put them in the list anymore.",not quoted,not quoted,not quoted,quoted,Bulgarian co-producer,not quoted,Yes,Yes,No,approx. 500,Euro,750,Euro,0 - 49.999 Euro,20000,Euro,Yes,1500,Euro,No,No,-66,-66,-66,-66,-66,-66,-66,-66,-66,-66,-66,-66,-66,-66,-66,quoted,not quoted,quoted,quoted,not quoted,NA,not quoted,quoted,not quoted,not quoted,not quoted,not quoted,not quoted,quoted,"Our online distributor HD shorts provided the film the several streaming plattforms, but I have no detailed information about these companies",not quoted,quoted,not quoted,NA,"Yes, contact me via this email:",I agree to make film-specific data accessible to research community,500,"20000,00",750,send a document with festival information by email
f9798,tffnew1360,pride,I have partial or complete information,Yes,NA,50,I do not know,quoted,not quoted,not quoted,quoted,Information of Bulgarian co-producer of festival activities within the Bulgarian territory,"After the European Film awards, we stopped submissions as well as the continuation of the festival list as we'd covered the festival circuit. From time to time some smaller festivals did ask proactively for the film, but we didn't put them in the list anymore.",not quoted,not quoted,not quoted,quoted,Bulgarian co-producer,not quoted,Yes,Yes,No,approx. 500,Euro,750,Euro,0 - 49.999 Euro,20000,Euro,Yes,1500,Euro,No,No,-66,-66,-66,-66,-66,-66,-66,-66,-66,-66,-66,-66,-66,-66,-66,quoted,not quoted,quoted,quoted,not quoted,NA,not quoted,quoted,not quoted,not quoted,not quoted,not quoted,not quoted,quoted,"Our online distributor HD shorts provided the film the several streaming plattforms, but I have no detailed information about these companies",not quoted,quoted,not quoted,NA,"Yes, contact me via this email:",I agree to make film-specific data accessible to research community,500,"20000,00",750,send a document with festival information by email
f7797,f7797,fortune favors the brave,I have partial or complete information,Yes,NA,42,Yes,quoted,not quoted,not quoted,not quoted,NA,-66,-77,-77,-77,-77,-66,-77,Yes,No,No,NA,NA,-66,-77,1.000.000 - 2.999.999 Euro,"2,6 Mio",Euro,Yes,NA,NA,No,Yes,NA,NA,NA,NA,NA,NA,NA,NA,NA,NA,NA,NA,NA,NA,NA,quoted,quoted,quoted,quoted,not quoted,NA,not quoted,not quoted,not quoted,not quoted,quoted,not quoted,not quoted,not quoted,NA,quoted,quoted,not quoted,NA,"Yes, contact me via this email:",I agree to make film-specific data accessible to research community,NA,2600000,-66,send a document with festival information by email
f9999,I1503985,ricsi,I have no information,-77,-66,-66,-77,-77,-77,-77,-77,-66,-66,-77,-77,-77,-77,-66,-77,Yes,Yes,No,300,Euro,100,Euro,0 - 49.999 Euro,10000,Euro,Yes,300,Euro,No,I do not have this information,-66,-66,-66,-66,-66,-66,-66,-66,-66,-66,-66,-66,-66,-66,-66,not quoted,not quoted,quoted,not quoted,not quoted,NA,not quoted,quoted,not quoted,not quoted,not quoted,not quoted,not quoted,not quoted,NA,not quoted,quoted,not quoted,NA,No,I agree to make film-specific data accessible to research community,300,"10000,00",100,-77
f8107,f8107,fighting through the night,I have partial or complete information,Yes,NA,15,Yes,quoted,not quoted,not quoted,not quoted,NA,-66,-77,-77,-77,-77,-66,-77,Yes,Yes,No,2000,United States dollar,100,United States dollar,50.000 - 199.999 Euro,300000,Canadian dollar,Yes,30000,Canadian dollar,No,No,-66,-66,-66,-66,-66,-66,-66,-66,-66,-66,-66,-66,-66,-66,-66,not quoted,quoted,quoted,quoted,not quoted,NA,not quoted,quoted,not quoted,not quoted,not quoted,not quoted,not quoted,quoted,canadian distributor  & FILMin web platform,quoted,quoted,not quoted,NA,"Yes, contact me via this email:",I agree to make film-specific data accessible to research community,2000,"204722,00",73,send a document with festival information by email
f9387,f9387,demons in paradise,I have partial or complete information,Yes,NA,35,Yes,quoted,not quoted,not quoted,not quoted,NA,-66,-77,-77,-77,-77,-66,-77,Yes,Yes,I do not have this information,NA,NA,NA,NA,200.000 - 499.999 Euro,250.000,Euro,I do not have this information,-66,-77,Yes,I do not have this information,-66,-66,-66,-66,-66,-66,-66,-66,-66,-66,-66,-66,-66,-66,-66,not quoted,quoted,not quoted,quoted,not quoted,NA,not quoted,-77,-77,-77,-77,-77,-77,-77,-66,quoted,not quoted,not quoted,NA,"Yes, contact me via this email:",I agree to make film-specific data accessible to research community,NA,"250000,00",NA,send a document with festival information by email
f17343,f17343,winter morning,I have partial or complete information,Yes,NA,30,No,quoted,not quoted,not quoted,not quoted,NA,"There were many smaller festivals that might have slipped. And since we are a very small company, we mostly lost the counting in the end of 2015 when we started to work full time on our feature film development.   There existed no film institute in our country at that time, so it became so much administrative work for us",not quoted,not quoted,not quoted,not quoted,NA,quoted,I do not have this information,Yes,No,-66,-77,250,Euro,0 - 49.999 Euro,180000,Danish krone,Yes,12000,Danish krone,No,I do not have this information,-66,-66,-66,-66,-66,-66,-66,-66,-66,-66,-66,-66,-66,-66,-66,quoted,not quoted,not quoted,not quoted,quoted,Education ,not quoted,-77,-77,-77,-77,-77,-77,-77,-66,quoted,not quoted,not quoted,NA,"Yes, contact me via this email:",I agree to make film-specific data accessible to research community,-66,"24086,00",250,send a document with festival information by email
f9956,I1501266,modernidad,I have partial or complete information,Yes,NA,45,Yes,quoted,quoted,not quoted,quoted,Notification of official selection,-66,-77,-77,-77,-77,-66,-77,No,No,No,-66,-77,-66,-77,0 - 49.999 Euro,7000.00,United States dollar,Yes,2000,United States dollar,No,Yes,Short Film Market Clermont Ferrnand,Heritage Hispanic HBO,,01.2015,10.2017,NA,NA,NA,NA,NA,NA,NA,NA,NA,NA,quoted,not quoted,quoted,not quoted,quoted,Independent showcases,not quoted,quoted,not quoted,not quoted,quoted,not quoted,not quoted,not quoted,NA,quoted,quoted,not quoted,NA,"Yes, contact me via this email:",I agree to make film-specific data accessible to research community,-66,"5078,00",-66,send a document with festival information by email
f10327,I1705285,antarctica,I have partial or complete information,Yes,NA,40,Yes,quoted,not quoted,not quoted,not quoted,NA,-66,-77,-77,-77,-77,-66,-77,Yes,No,Yes,120 euros,Euro,-66,-77,0 - 49.999 Euro,2500,Euro,No,-66,-77,No,Yes,Short Film Market 2017 Clermont-Ferrand,NA,NA,02.2017,NA,NA,NA,NA,NA,NA,NA,NA,NA,NA,NA,quoted,not quoted,quoted,not quoted,not quoted,NA,not quoted,quoted,not quoted,not quoted,not quoted,not quoted,not quoted,not quoted,NA,quoted,not quoted,not quoted,NA,"Yes, contact me via this email:",I agree to make film-specific data accessible to research community,120,"2500,00",-66,send a document with festival information by email
f9622,N1100589,la femme du lac,I have partial or complete information,No,NA,33,Yes,quoted,not quoted,not quoted,not quoted,NA,-66,-77,-77,-77,-77,-66,-77,No,No,No,-66,-77,-66,-77,50.000 - 199.999 Euro,100 000,Euro,No,-66,-77,No,No,-66,-66,-66,-66,-66,-66,-66,-66,-66,-66,-66,-66,-66,-66,-66,quoted,not quoted,not quoted,not quoted,not quoted,NA,not quoted,-77,-77,-77,-77,-77,-77,-77,-66,not quoted,quoted,not quoted,NA,No,I agree to make film-specific data accessible to research community,-66,"100000,00",-66,send a document with festival information by email
f7950,f7950,rio corgo,I have partial or complete information,Yes,NA,20,I do not know,quoted,not quoted,not quoted,not quoted,NA,It is probable that the film was screened in other minor festivals that we never included in our lists...,quoted,not quoted,not quoted,quoted,Pascale Ramonda - pascale@pascaleramonda.com,not quoted,Yes,Yes,No,300,Euro,1500,Euro,50.000 - 199.999 Euro,200000,Swiss franc,Yes,5000,Euro,Yes,No,-66,-66,-66,-66,-66,-66,-66,-66,-66,-66,-66,-66,-66,-66,-66,quoted,quoted,quoted,not quoted,not quoted,NA,not quoted,not quoted,not quoted,not quoted,not quoted,not quoted,quoted,not quoted,NA,not quoted,quoted,not quoted,NA,No,I agree to make film-specific data accessible to research community,300,"163039,00",1500,enter data manually within this survey
f16866,f16866,green laser,I have partial or complete information,Yes,NA,6,No,quoted,not quoted,not quoted,not quoted,NA,I will check with Vtape my distributor -- they handle most of the festivals/screenings and will have the best records,not quoted,quoted,not quoted,not quoted,NA,not quoted,Yes,No,No,$500,Canadian dollar,-66,-77,0 - 49.999 Euro,$3000,Canadian dollar,No,-66,-77,Yes,No,-66,-66,-66,-66,-66,-66,-66,-66,-66,-66,-66,-66,-66,-66,-66,not quoted,not quoted,not quoted,not quoted,quoted,"educational (rentals & sales through Vtape) -- and also, many donated screenings to Palestine solidarity groups",not quoted,-77,-77,-77,-77,-77,-77,-77,-66,quoted,quoted,quoted,writer,"Yes, contact me via this email:",I agree to make film-specific data accessible to research community,299,"2047,00",-66,enter data manually within this survey
f8327,f8327,the shortest day,I have partial or complete information,other (please specify),2017 Berlinale Forum Expanded / Tricky Women Vienna / Kurzfilmtage Oberhausen 2018 Underdox Festival Munich /  PanOpticum Neusiedl / MFRU Maribor 2019 GT22 Maribor,8,I do not know,quoted,not quoted,not quoted,not quoted,NA,"It can be the film distributors do not inform me, especially if festivals do not pay fees.  the information about 2019 festivals will reach me normally in early summer 2020",not quoted,quoted,not quoted,not quoted,NA,not quoted,No,No,Yes,-66,-77,-66,-77,0 - 49.999 Euro,-1000,Euro,Yes,-500,Euro,Yes,I do not have this information,-66,-66,-66,-66,-66,-66,-66,-66,-66,-66,-66,-66,-66,-66,-66,not quoted,not quoted,quoted,not quoted,quoted,DCP,not quoted,quoted,not quoted,not quoted,not quoted,not quoted,not quoted,not quoted,NA,quoted,not quoted,not quoted,NA,"Yes, contact me via this email:",I agree to make film-specific data accessible to research community,-66,1000,-66,enter data manually within this survey
f10309,I1704092,kommitten,I have partial or complete information,Yes,NA,100,No,quoted,not quoted,not quoted,not quoted,NA,"The Swedish Film Institute and our sales agent Kurzfilm Agentur Hamburg are also responsible for the festival circuit, which is why I am not aware of all festivals.",quoted,quoted,not quoted,quoted,Swedish Film Institute,not quoted,Yes,I do not have this information,-77,NA,NA,-66,-77,200.000 - 499.999 Euro,250000,Euro,I do not have this information,-66,-77,Yes,I do not have this information,-66,-66,-66,-66,-66,-66,-66,-66,-66,-66,-66,-66,-66,-66,-66,quoted,quoted,not quoted,not quoted,not quoted,NA,not quoted,not quoted,not quoted,not quoted,not quoted,not quoted,not quoted,not quoted,NA,not quoted,quoted,not quoted,NA,No,I agree to make film-specific data accessible to research community,NA,"250000,00",-66,send a document with festival information by email
f10288,I1702752,helga fr i lund,I have partial or complete information,Yes,NA,10,Yes,not quoted,quoted,not quoted,not quoted,NA,-66,-77,-77,-77,-77,-66,-77,No,Yes,No,-66,-77,200 Euros Approx,Euro,0 - 49.999 Euro,NA,NA,Yes,500,Euro,No,Yes,Clermont Ferrand,Busan Short Film Festival,Drama Film Festival,2017,2017,2016,NA,NA,NA,NA,NA,NA,NA,NA,NA,not quoted,not quoted,not quoted,not quoted,not quoted,NA,quoted,-77,-77,-77,-77,-77,-77,-77,-66,not quoted,quoted,not quoted,NA,NA,I agree to make film-specific data accessible to research community,-66,"-99,00",200,send a document with festival information by email
f8278,f8278,a heart of love - director's cut,I have partial or complete information,Yes,NA,30,No,quoted,not quoted,not quoted,quoted,filmpolski.pl,Memory,quoted,not quoted,not quoted,not quoted,NA,not quoted,Yes,I do not have this information,I do not have this information,-,Euro,-66,-77,500.000 - 999.999 Euro,-,United States dollar,Yes,-,Euro,Yes,Yes,NA,NA,NA,NA,NA,NA,NA,NA,NA,NA,NA,NA,NA,NA,NA,quoted,quoted,quoted,not quoted,not quoted,NA,not quoted,not quoted,not quoted,not quoted,not quoted,not quoted,not quoted,quoted,vod.pl,not quoted,quoted,not quoted,NA,No,I agree to make film-specific data accessible to research community,NA,NA,-66,enter data manually within this survey
f8225,f8225,low tide,I have partial or complete information,Yes,NA,2,I do not know,quoted,not quoted,quoted,not quoted,NA,the Director might have submitted the film to festival without noticing us,not quoted,not quoted,quoted,not quoted,NA,not quoted,No,No,No,-66,-77,-66,-77,50.000 - 199.999 Euro,90,Euro,Yes,10000,Euro,No,No,-66,-66,-66,-66,-66,-66,-66,-66,-66,-66,-66,-66,-66,-66,-66,not quoted,quoted,not quoted,not quoted,not quoted,NA,not quoted,-77,-77,-77,-77,-77,-77,-77,-66,not quoted,quoted,not quoted,NA,No,I agree to make film-specific data accessible to research community,-66,"90,00",-66,enter data manually within this survey
f17027,f17027,dragonflies with birds and snake,I have partial or complete information,Yes,NA,14,I do not know,quoted,not quoted,not quoted,not quoted,NA,That I may have forgotten to write down a festival in the documentary.  I only specified the film festival because the film was sometimes sceen at music festivals.,not quoted,not quoted,not quoted,quoted,"I myself. I am an independent film artist, which unfortunately also means that I do most of the work myself.",not quoted,No,No,Yes,-66,-77,-66,-77,0 - 49.999 Euro,around 5000 €,Euro,Yes,800,Euro,No,No,-66,-66,-66,-66,-66,-66,-66,-66,-66,-66,-66,-66,-66,-66,-66,not quoted,not quoted,not quoted,not quoted,quoted,About myself and a non-commercial distributor/archive like Light Cone in Paris or Arsenal in Berlin. The film was shown as a digital file. The film is also distributed via KINOSCOPE on the Internet.,not quoted,-77,-77,-77,-77,-77,-77,-77,-66,quoted,quoted,not quoted,NA,"Yes, contact me via this email:",I agree to make film-specific data accessible to research community,-66,"5000,00",-66,enter data manually within this survey
f16991,f16991,the lost land,I have partial or complete information,Yes,NA,5,Yes,not quoted,not quoted,quoted,not quoted,NA,-66,-77,-77,-77,-77,-66,-77,No,No,I do not have this information,-66,-77,-66,-77,0 - 49.999 Euro,30,Euro,No,-66,-77,No,No,-66,-66,-66,-66,-66,-66,-66,-66,-66,-66,-66,-66,-66,-66,-66,quoted,not quoted,not quoted,not quoted,not quoted,NA,not quoted,-77,-77,-77,-77,-77,-77,-77,-66,quoted,quoted,not quoted,NA,"Yes, contact me via this email:",I agree to make film-specific data accessible to research community,-66,"30,00",-66,send a document with festival information by email
f17622,f17622,tell me mnemosyne,I have no information,-77,-66,-66,-77,-77,-77,-77,-77,-66,-66,-77,-77,-77,-77,-66,-77,No,Yes,Yes,-66,-77,200,Euro,0 - 49.999 Euro,5000,Euro,Yes,2500,Euro,No,No,-66,-66,-66,-66,-66,-66,-66,-66,-66,-66,-66,-66,-66,-66,-66,not quoted,not quoted,not quoted,not quoted,not quoted,NA,quoted,-77,-77,-77,-77,-77,-77,-77,-66,quoted,not quoted,not quoted,NA,No,I agree to make film-specific data accessible to research community,-66,"5000,00",200,-77
f9578,I1101332,ci sono gli spiriti,I have partial or complete information,Yes,NA,15,No,quoted,not quoted,not quoted,quoted,direct invitation,"It's been a long time, I don't remember all the festivals the film has attended",not quoted,quoted,not quoted,not quoted,NA,not quoted,I do not have this information,No,-77,-66,-77,-66,-77,0 - 49.999 Euro,15.000,Euro,No,-66,-77,I do not have this information,I do not have this information,-66,-66,-66,-66,-66,-66,-66,-66,-66,-66,-66,-66,-66,-66,-66,quoted,not quoted,not quoted,quoted,not quoted,NA,not quoted,-77,-77,-77,-77,-77,-77,-77,-66,quoted,quoted,quoted,animator,No,I agree to make film-specific data accessible to research community,-66,"15000,00",-66,enter data manually within this survey
f8147,f8147,fishing is not done on tuesdays,I have partial or complete information,Yes,NA,10,Yes,quoted,not quoted,not quoted,not quoted,NA,-66,-77,-77,-77,-77,-66,-77,Yes,No,Yes,500,Euro,-66,-77,0 - 49.999 Euro,10000,Euro,Yes,300,Euro,Yes,No,NA,NA,NA,NA,NA,NA,NA,NA,NA,NA,NA,NA,NA,NA,NA,not quoted,not quoted,not quoted,not quoted,quoted,exhibitions,not quoted,-77,-77,-77,-77,-77,-77,-77,-66,quoted,quoted,not quoted,NA,No,I agree to make film-specific data accessible to research community,500,"10000,00",-66,enter data manually within this survey
f16383,f16383,back by 6,I have partial or complete information,Yes,NA,3,I do not know,not quoted,not quoted,not quoted,quoted,"imdb, memory, and emails from 2011-2012","A festival I either forgot, or just didn't see in my emails.  I'm pretty sure it only went to those 4, however.",not quoted,not quoted,not quoted,not quoted,NA,quoted,No,No,Yes,-66,-77,-66,-77,0 - 49.999 Euro,25000,Euro,Yes,1000,Euro,No,Yes,Berlin,Cannes,NA,01.2011,05.2011,NA,NA,NA,NA,NA,NA,NA,NA,NA,NA,not quoted,not quoted,quoted,quoted,quoted,"The film played a few times in Budapest, Hungary as an opening for longer films",not quoted,quoted,quoted,not quoted,not quoted,not quoted,not quoted,not quoted,NA,quoted,quoted,quoted,writer,"Yes, contact me via this email:",I agree to make film-specific data accessible to research community,-66,"25000,00",-66,enter data manually within this survey
f7943,f7943,rara,I have partial or complete information,Yes,NA,130,I do not know,not quoted,not quoted,not quoted,quoted,"Provided by the film sales agent, Latido Films",It's pretty comprehensive until the last festival entered. I suspect there were some other film festivals after that one,quoted,not quoted,not quoted,not quoted,NA,not quoted,Yes,No,Yes,18.000,United States dollar,-66,-77,200.000 - 499.999 Euro,250000000,Chilean peso,I do not have this information,-66,-77,Yes,Yes,European Film Market,"Cannes, France",NA,02.2016,05.2016,NA,NA,NA,NA,NA,NA,NA,NA,NA,NA,quoted,quoted,quoted,quoted,not quoted,NA,not quoted,not quoted,not quoted,not quoted,not quoted,quoted,not quoted,not quoted,NA,not quoted,quoted,not quoted,NA,"Yes, contact me via this email:",I agree to make film-specific data accessible to research community,13060,"345180,00",-66,send a document with festival information by email
f7963,f7963,shelley,I have partial or complete information,Yes,NA,13,I do not know,not quoted,not quoted,quoted,quoted,DFI.dk,NA,not quoted,not quoted,not quoted,quoted,The producer,not quoted,I do not have this information,I do not have this information,I do not have this information,-66,-77,-66,-77,200.000 - 499.999 Euro,NA,Danish krone,I do not have this information,-66,-77,I do not have this information,I do not have this information,-66,-66,-66,-66,-66,-66,-66,-66,-66,-66,-66,-66,-66,-66,-66,not quoted,not quoted,not quoted,not quoted,not quoted,NA,not quoted,-77,-77,-77,-77,-77,-77,-77,-66,not quoted,not quoted,quoted,Producer assistant at Profile Pictures,No,I agree to make film-specific data accessible to research community,-66,"-99,00",-66,enter data manually within this survey
f9992,I1103194,vicenta,I have partial or complete information,Yes,NA,56,Yes,not quoted,quoted,not quoted,not quoted,NA,-66,-77,-77,-77,-77,-66,-77,Yes,Yes,Yes,500 USD,United States dollar,100 USD,United States dollar,0 - 49.999 Euro,30000 USD,United States dollar,No,-66,-77,No,No,-66,-66,-66,-66,-66,-66,-66,-66,-66,-66,-66,-66,-66,-66,-66,not quoted,not quoted,not quoted,not quoted,not quoted,NA,quoted,-77,-77,-77,-77,-77,-77,-77,-66,not quoted,quoted,not quoted,NA,No,I agree to make film-specific data accessible to research community,363,"21765,00",73,send a document with festival information by email
f9992,I1503719,vicenta,I have partial or complete information,Yes,NA,56,Yes,not quoted,quoted,not quoted,not quoted,NA,-66,-77,-77,-77,-77,-66,-77,Yes,Yes,Yes,500 USD,United States dollar,100 USD,United States dollar,0 - 49.999 Euro,30000 USD,United States dollar,No,-66,-77,No,No,-66,-66,-66,-66,-66,-66,-66,-66,-66,-66,-66,-66,-66,-66,-66,not quoted,not quoted,not quoted,not quoted,not quoted,NA,quoted,-77,-77,-77,-77,-77,-77,-77,-66,not quoted,quoted,not quoted,NA,No,I agree to make film-specific data accessible to research community,363,"21765,00",73,send a document with festival information by email
f10420,N1701508,kymco,I have partial or complete information,other (please specify),already complete on imdb,3,Yes,quoted,not quoted,not quoted,not quoted,NA,-66,-77,-77,-77,-77,-66,-77,No,No,I do not have this information,-66,-77,-66,-77,0 - 49.999 Euro,3000,Euro,No,-66,-77,No,Yes,Clermont Ferrand,NA,NA,Feb 2017,NA,NA,NA,NA,NA,NA,NA,NA,NA,NA,NA,not quoted,not quoted,not quoted,not quoted,not quoted,NA,quoted,-77,-77,-77,-77,-77,-77,-77,-66,quoted,not quoted,not quoted,NA,No,I agree to make film-specific data accessible to research community,-66,"3000,00",-66,enter data manually within this survey
f10376,N1700267,go˚t bacon,I do not know,Yes,NA,50,Yes,quoted,not quoted,not quoted,not quoted,NA,-66,-77,-77,-77,-77,-66,-77,Yes,Yes,Yes,1500,Euro,1000,Euro,0 - 49.999 Euro,20000,Euro,Yes,500,Euro,Yes,Yes,Festival de Clermont Ferrand,NA,NA,10/02/2017,NA,NA,NA,NA,NA,NA,NA,NA,NA,NA,NA,quoted,not quoted,quoted,quoted,not quoted,NA,not quoted,not quoted,not quoted,not quoted,not quoted,not quoted,not quoted,quoted,NA,not quoted,quoted,not quoted,NA,No,I agree to make film-specific data accessible to research community,1500,"20000,00",1000,send a document with festival information by email
f10065,N1500531,mon bras arme,I have partial or complete information,Yes,NA,6,I do not know,quoted,not quoted,not quoted,not quoted,NA,I didn't keep all the informations (like month of the festival)  ,not quoted,not quoted,not quoted,not quoted,NA,not quoted,No,No,Yes,-66,-77,-66,-77,50.000 - 199.999 Euro,0,Euro,Yes,200,Euro,No,Yes,Festival international du court métrage à Clermont-Ferrand,NA,NA,01.2015,NA,NA,NA,NA,NA,NA,NA,NA,NA,NA,NA,not quoted,not quoted,quoted,quoted,not quoted,NA,not quoted,quoted,quoted,not quoted,not quoted,not quoted,not quoted,not quoted,NA,quoted,quoted,not quoted,NA,"Yes, contact me via this email:",I agree to make film-specific data accessible to research community,-66,"0,00",-66,enter data manually within this survey
f9314,f9314,ailleurs,I have no information,-77,-66,-66,-77,-77,-77,-77,-77,-66,-66,-77,-77,-77,-77,-66,-77,Yes,No,Yes,500,Euro,-66,-77,0 - 49.999 Euro,300,Euro,Yes,30,Euro,No,Yes,Short film corner,NA,NA,05.2016,NA,NA,NA,NA,NA,NA,NA,NA,NA,NA,NA,not quoted,not quoted,quoted,not quoted,not quoted,NA,not quoted,quoted,not quoted,not quoted,not quoted,not quoted,not quoted,not quoted,NA,quoted,not quoted,not quoted,NA,"Yes, contact me via this email:",I agree to make film-specific data accessible to research community,500,"300,00",-66,-77
f16574,746,mothers,I have partial or complete information,Yes,NA,30,Yes,quoted,not quoted,not quoted,quoted,www.manchevski.com,-66,-77,-77,-77,-77,-66,-77,I do not have this information,I do not have this information,Yes,-66,-77,-66,-77,1.000.000 - 2.999.999 Euro,ca. 1.2 mill,Euro,I do not have this information,-66,-77,I do not have this information,I do not have this information,-66,-66,-66,-66,-66,-66,-66,-66,-66,-66,-66,-66,-66,-66,-66,quoted,quoted,quoted,quoted,not quoted,NA,not quoted,not quoted,not quoted,not quoted,not quoted,not quoted,not quoted,quoted,only advertisement on onlinefilm.org,not quoted,not quoted,quoted,Collaborator and biographer of film director ,"Yes, contact me via this email:",I agree to make film-specific data accessible to research community,-66,1200000,-66,send a document with festival information by email
f16574,f16574,mothers,I have partial or complete information,Yes,NA,30,Yes,quoted,not quoted,not quoted,quoted,www.manchevski.com,-66,-77,-77,-77,-77,-66,-77,I do not have this information,I do not have this information,Yes,-66,-77,-66,-77,1.000.000 - 2.999.999 Euro,ca. 1.2 mill,Euro,I do not have this information,-66,-77,I do not have this information,I do not have this information,-66,-66,-66,-66,-66,-66,-66,-66,-66,-66,-66,-66,-66,-66,-66,quoted,quoted,quoted,quoted,not quoted,NA,not quoted,not quoted,not quoted,not quoted,not quoted,not quoted,not quoted,quoted,only advertisement on onlinefilm.org,not quoted,not quoted,quoted,Collaborator and biographer of film director ,"Yes, contact me via this email:",I agree to make film-specific data accessible to research community,-66,1200000,-66,send a document with festival information by email
f17681,f17681,videogames,I have partial or complete information,Yes,NA,38,I do not know,quoted,quoted,not quoted,not quoted,NA,NA,not quoted,not quoted,not quoted,not quoted,NA,not quoted,Yes,No,Yes,50,United States dollar,-66,-77,0 - 49.999 Euro,19000,United States dollar,No,-66,-77,Yes,No,-66,-66,-66,-66,-66,-66,-66,-66,-66,-66,-66,-66,-66,-66,-66,quoted,quoted,not quoted,not quoted,not quoted,NA,not quoted,-77,-77,-77,-77,-77,-77,-77,-66,quoted,quoted,not quoted,NA,No,I agree to make film-specific data accessible to research community,50,"13785,00",-66,send a document with festival information by email
f16556,1225,the shower,I have partial or complete information,No,NA,25,No,quoted,not quoted,not quoted,not quoted,NA,I do not recall all the Festivals that La Ducha participated. Much of the informacion was lost,not quoted,quoted,not quoted,not quoted,NA,not quoted,Yes,Yes,Yes,"€ 2.500,00",Euro,"€ 1.300,00",Euro,50.000 - 199.999 Euro,80.000,Euro,Yes,14.000,Euro,Yes,No,-66,-66,-66,-66,-66,-66,-66,-66,-66,-66,-66,-66,-66,-66,-66,not quoted,quoted,quoted,quoted,quoted,Theatrical,not quoted,not quoted,not quoted,not quoted,not quoted,not quoted,not quoted,quoted,El Ojo COjo,not quoted,quoted,not quoted,NA,No,I agree to make film-specific data accessible to research community,2500,"80000,00",1300,enter data manually within this survey
f17129,f17129,to thy heart,I have no information,-77,-66,-66,-77,-77,-77,-77,-77,-66,-66,-77,-77,-77,-77,-66,-77,I do not have this information,I do not have this information,I do not have this information,-66,-77,-66,-77,0 - 49.999 Euro,around 100 000 PLN,Polish złoty,Yes,maybe 20 000,Polish złoty,Yes,Yes,NA,NA,NA,NA,NA,NA,NA,NA,NA,NA,NA,NA,NA,NA,NA,quoted,not quoted,quoted,quoted,not quoted,NA,not quoted,quoted,not quoted,not quoted,not quoted,not quoted,not quoted,not quoted,NA,quoted,not quoted,not quoted,NA,No,I agree to make film-specific data accessible to research community,-66,"24054,00",-66,-77
f8308,f8308,tashlikh,I have partial or complete information,Yes,NA,9,I do not know,quoted,quoted,not quoted,not quoted,NA,"The information is based on the archives of the yearly plan of exhibitions and screenings.  Tashlikh  has been screened on many occasions as part of exhibitions, in addition to film festivals. ",not quoted,not quoted,not quoted,not quoted,NA,quoted,Yes,No,-77,approx. 1000 euro,Euro,-66,-77,0 - 49.999 Euro,50,Euro,No,-66,-77,No,No,-66,-66,-66,-66,-66,-66,-66,-66,-66,-66,-66,-66,-66,-66,-66,not quoted,not quoted,not quoted,not quoted,quoted,Exhibitions and sales of editions,not quoted,-77,-77,-77,-77,-77,-77,-77,-66,quoted,not quoted,not quoted,NA,No,I agree to make film-specific data accessible to research community,1000,"50,00",-66,enter data manually within this survey
f9965,I1501782,dinner for few,I have partial or complete information,other (please specify),I have added what I was able to collect and cross reference.  More info might be out there.,250,I do not know,quoted,quoted,not quoted,quoted,basicaly I relied to the email send by the festival or google search to see if there is activity around th efilm title and my name. I found several entries that I was unaware fo this way.,Though I have a list of all the festivals I know the film went to and the ones I won I do not have the exact dates of the festivals screening and wins. For the festivals I won I have the festival year or number.,not quoted,not quoted,not quoted,not quoted,NA,quoted,Yes,Yes,Yes,25000,Euro,1500,United States dollar,0 - 49.999 Euro,18000,United States dollar,Yes,3000,United States dollar,No,I do not have this information,-66,-66,-66,-66,-66,-66,-66,-66,-66,-66,-66,-66,-66,-66,-66,quoted,quoted,quoted,not quoted,not quoted,NA,not quoted,quoted,quoted,not quoted,quoted,not quoted,not quoted,not quoted,NA,quoted,quoted,quoted,animation artist,"Yes, contact me via this email:",I agree to make film-specific data accessible to research community,25000,"13059,00",1088,send a document with festival information by email
f17365,f17365,14,I have partial or complete information,Yes,NA,56,Yes,quoted,not quoted,not quoted,not quoted,NA,-66,-77,-77,-77,-77,-66,-77,Yes,Yes,Yes,10000,Euro,1000,Euro,50.000 - 199.999 Euro,50000,Euro,No,-66,-77,No,No,-66,-66,-66,-66,-66,-66,-66,-66,-66,-66,-66,-66,-66,-66,-66,not quoted,quoted,not quoted,not quoted,not quoted,NA,not quoted,-77,-77,-77,-77,-77,-77,-77,-66,not quoted,not quoted,quoted,festival manager,"Yes, contact me via this email:",I agree to make film-specific data accessible to research community,10000,"50000,00",1000,send a document with festival information by email
f7983,f7983,tempestad,I have partial or complete information,No,NA,90,Yes,quoted,not quoted,not quoted,not quoted,NA,-66,-77,-77,-77,-77,-66,-77,Yes,No,No,12,United States dollar,-66,-77,200.000 - 499.999 Euro,"6,000,000",Mexican peso,No,-66,-77,No,No,-66,-66,-66,-66,-66,-66,-66,-66,-66,-66,-66,-66,-66,-66,-66,quoted,quoted,not quoted,quoted,not quoted,NA,not quoted,-77,-77,-77,-77,-77,-77,-77,-66,not quoted,quoted,not quoted,NA,No,I agree to make film-specific data accessible to research community,12,"332585,00",-66,send a document with festival information by email
f9907,N1400666,duku spacemarines,I have partial or complete information,Yes,NA,36,Yes,quoted,quoted,not quoted,not quoted,NA,-66,-77,-77,-77,-77,-66,-77,Yes,No,-77,1000,Euro,-66,-77,0 - 49.999 Euro,20,Euro,No,-66,-77,No,Yes,Clermont-Ferrand Short Film Market,NA,NA,02.2014,NA,NA,NA,NA,NA,NA,NA,NA,NA,NA,NA,quoted,not quoted,quoted,not quoted,not quoted,NA,not quoted,quoted,not quoted,not quoted,not quoted,not quoted,not quoted,not quoted,NA,quoted,quoted,not quoted,NA,"Yes, contact me via this email:",I agree to make film-specific data accessible to research community,1000,"20,00",-66,send a document with festival information by email
f17589,f17589,nelly,I have no information,-77,-66,-66,-77,-77,-77,-77,-77,-66,-66,-77,-77,-77,-77,-66,-77,Yes,No,No,NA,NA,-66,-77,0 - 49.999 Euro,35000,Euro,Yes,2000,Euro,Yes,I do not have this information,-66,-66,-66,-66,-66,-66,-66,-66,-66,-66,-66,-66,-66,-66,-66,not quoted,not quoted,not quoted,not quoted,not quoted,NA,quoted,-77,-77,-77,-77,-77,-77,-77,-66,quoted,not quoted,not quoted,NA,"Yes, contact me via this email:",I agree to make film-specific data accessible to research community,NA,"35000,00",-66,-77
f17589,tffnew2155,nelly,I have no information,-77,-66,-66,-77,-77,-77,-77,-77,-66,-66,-77,-77,-77,-77,-66,-77,Yes,No,No,NA,NA,-66,-77,0 - 49.999 Euro,35000,Euro,Yes,2000,Euro,Yes,I do not have this information,-66,-66,-66,-66,-66,-66,-66,-66,-66,-66,-66,-66,-66,-66,-66,not quoted,not quoted,not quoted,not quoted,not quoted,NA,quoted,-77,-77,-77,-77,-77,-77,-77,-66,quoted,not quoted,not quoted,NA,"Yes, contact me via this email:",I agree to make film-specific data accessible to research community,NA,"35000,00",-66,-77
f10115,I1600833,son in the barbershop,I have partial or complete information,other (please specify),"The film is on IMDB and has festival info, but if there are festivals you are aware of that have not been added on IMDB, please add them.",22,Yes,quoted,quoted,not quoted,quoted,"I handled all screening requests for this film, so I was going off of memory and email records as well.",-66,-77,-77,-77,-77,-66,-77,Yes,Yes,Yes,50,Canadian dollar,350,United States dollar,0 - 49.999 Euro,3000,Canadian dollar,No,-66,-77,No,Yes,Festival Tous Courts,Clermont-Ferrand International Short Film Festival,NA,11.2015,02.2016,NA,NA,NA,NA,NA,NA,NA,NA,NA,NA,not quoted,not quoted,quoted,not quoted,not quoted,NA,not quoted,quoted,not quoted,not quoted,not quoted,not quoted,not quoted,not quoted,NA,quoted,quoted,quoted,writer,"Yes, contact me via this email:",I agree to make film-specific data accessible to research community,50,"2047,00",254,enter data manually within this survey
f10281,I1702104,happy end,I have partial or complete information,Yes,NA,130,Yes,quoted,not quoted,not quoted,not quoted,NA,-66,-77,-77,-77,-77,-66,-77,Yes,Yes,Yes,1500,Euro,200,NA,0 - 49.999 Euro,5000,Euro,No,-66,-77,No,Yes,The Marché du Film,Short Film Market ,NA,05.2016,02.2017,NA,NA,NA,NA,NA,NA,NA,NA,NA,NA,not quoted,quoted,not quoted,not quoted,not quoted,NA,not quoted,-77,-77,-77,-77,-77,-77,-77,-66,not quoted,quoted,not quoted,NA,No,I agree to make film-specific data accessible to research community,1500,"5000,00",200,send a document with festival information by email
f9658,I1200083,agua fria,I have partial or complete information,Yes,NA,30,I do not know,not quoted,quoted,not quoted,not quoted,NA,"screenings with no date, number of sessions of lack os information (sometimes we don't have the time to fill everything right away...)",not quoted,quoted,quoted,quoted,productions company,not quoted,No,Yes,Yes,-66,-77,more than 100,Euro,0 - 49.999 Euro,with did the film with no money. I would say that we would have seen 30000 if we had a proper budget.,Euro,No,-66,-77,No,Yes,Clermont Ferrand,Guadalajara,NA,NA,NA,NA,NA,NA,NA,NA,NA,NA,NA,NA,NA,quoted,not quoted,quoted,not quoted,not quoted,NA,not quoted,not quoted,not quoted,not quoted,not quoted,not quoted,not quoted,quoted,"docalliance, filmin",quoted,quoted,not quoted,NA,"Yes, contact me via this email:",I agree to make film-specific data accessible to research community,-66,0,100,send a document with festival information by email
f9985,I1503319,rodl¯s,I do not know,Yes,NA,33,Yes,quoted,not quoted,not quoted,not quoted,NA,-66,-77,-77,-77,-77,-66,-77,No,Yes,Yes,-66,-77,1500,Euro,50.000 - 199.999 Euro,135000,Euro,No,-66,-77,No,No,-66,-66,-66,-66,-66,-66,-66,-66,-66,-66,-66,-66,-66,-66,-66,not quoted,quoted,quoted,not quoted,not quoted,NA,not quoted,not quoted,not quoted,not quoted,not quoted,not quoted,not quoted,quoted,indiflix and feelmakers,not quoted,quoted,not quoted,NA,"Yes, contact me via this email:",I agree to make film-specific data accessible to research community,-66,"135000,00",1500,send a document with festival information by email
f9296,f9296,la larga noche de francisco sanctis,I have no information,-77,-66,-66,-77,-77,-77,-77,-77,-66,-66,-77,-77,-77,-77,-66,-77,Yes,Yes,No,Sólo pagamos el fee del Festival de Cannes. No recuerdo cuanto era. ,NA,,Euro,50.000 - 199.999 Euro,250000,Euro,No,-66,-77,No,No,-66,-66,-66,-66,-66,-66,-66,-66,-66,-66,-66,-66,-66,-66,-66,quoted,quoted,quoted,not quoted,not quoted,NA,not quoted,not quoted,not quoted,not quoted,quoted,not quoted,quoted,quoted,"Filmin, Cine.ar, Qubit",quoted,quoted,quoted,Co-dirigida con Andrea Testa y co-producida con Luciana Piantanida y Andrea Testa,No,I agree to make film-specific data accessible to research community,NA,"250000,00",NA,-77
f9989,I1503509,grace under water,I have partial or complete information,Yes,NA,6,I do not know,quoted,not quoted,not quoted,not quoted,NA,"If my diary entries were not complete, there may be gaps in the information.",not quoted,not quoted,not quoted,not quoted,NA,quoted,No,No,No,-66,-77,-66,-77,50.000 - 199.999 Euro,"$120,000",Australian dollar,No,-66,-77,No,No,-66,-66,-66,-66,-66,-66,-66,-66,-66,-66,-66,-66,-66,-66,-66,not quoted,not quoted,not quoted,not quoted,not quoted,NA,quoted,-77,-77,-77,-77,-77,-77,-77,-66,quoted,quoted,not quoted,NA,No,I agree to make film-specific data accessible to research community,-66,"77725,00",-66,enter data manually within this survey
f10044,I1505412,s,I have partial or complete information,Yes,NA,12,Yes,quoted,not quoted,not quoted,not quoted,NA,-66,-77,-77,-77,-77,-66,-77,No,No,No,-66,-77,-66,-77,0 - 49.999 Euro,700,British pound,Yes,50,British pound,No,No,-66,-66,-66,-66,-66,-66,-66,-66,-66,-66,-66,-66,-66,-66,-66,not quoted,not quoted,quoted,not quoted,not quoted,NA,not quoted,quoted,not quoted,not quoted,not quoted,not quoted,not quoted,not quoted,NA,quoted,quoted,quoted,writer,"Yes, contact me via this email:",I agree to make film-specific data accessible to research community,-66,"841,00",-66,enter data manually within this survey
f16371,f16371,on the sly,I have partial or complete information,Yes,NA,80,Yes,quoted,not quoted,not quoted,not quoted,NA,-66,-77,-77,-77,-77,-66,-77,Yes,Yes,No,/,Euro,/,Euro,200.000 - 499.999 Euro,390 000,Euro,I do not have this information,-66,-77,No,Yes,Berlinale,Cinekid,NA,02.2011,2011,NA,NA,NA,NA,NA,NA,NA,NA,NA,NA,quoted,quoted,quoted,quoted,not quoted,NA,not quoted,not quoted,not quoted,quoted,not quoted,not quoted,not quoted,not quoted,NA,not quoted,quoted,quoted,scriptwriter,"Yes, contact me via this email:",I agree to make film-specific data accessible to research community,NA,390000,NA,send a document with festival information by email
f9369,f9369,pequeno manifiesto en contra del cine solemne,I have partial or complete information,Yes,NA,55,Yes,quoted,not quoted,not quoted,not quoted,NA,-66,-77,-77,-77,-77,-66,-77,No,Yes,Yes,-66,-77,100,United States dollar,0 - 49.999 Euro,1000,United States dollar,No,-66,-77,No,Yes,Short Film Corner,NA,NA,05.2017,NA,NA,NA,NA,NA,NA,NA,NA,NA,NA,NA,not quoted,not quoted,not quoted,not quoted,quoted,Part of the Movistar+ award was to acquire it for streaming for one year in the Movistar+ channel,not quoted,-77,-77,-77,-77,-77,-77,-77,-66,quoted,not quoted,not quoted,NA,"Yes, contact me via this email:",I agree to make film-specific data accessible to research community,-66,"725,00",73,send a document with festival information by email
f16571,f16571,invisible,I have partial or complete information,Yes,NA,30,I do not know,quoted,not quoted,not quoted,not quoted,NA,NA,not quoted,quoted,not quoted,quoted,The distribution companies which handled the film either do not exist anymore or I have no contact with. ,not quoted,Yes,No,-77,???,Euro,-66,-77,500.000 - 999.999 Euro,about 700 euro,Euro,Yes,???,Euro,No,Yes,Berlinale,NA,NA,02.2011,NA,NA,NA,NA,NA,NA,NA,NA,NA,NA,NA,quoted,quoted,not quoted,quoted,not quoted,NA,not quoted,-77,-77,-77,-77,-77,-77,-77,-66,quoted,not quoted,not quoted,NA,No,I agree to make film-specific data accessible to research community,NA,"700,00",-66,send a document with festival information by email
f16571,idfnew819,invisible,I have partial or complete information,Yes,NA,30,I do not know,quoted,not quoted,not quoted,not quoted,NA,NA,not quoted,quoted,not quoted,quoted,The distribution companies which handled the film either do not exist anymore or I have no contact with. ,not quoted,Yes,No,-77,???,Euro,-66,-77,500.000 - 999.999 Euro,about 700 euro,Euro,Yes,???,Euro,No,Yes,Berlinale,NA,NA,02.2011,NA,NA,NA,NA,NA,NA,NA,NA,NA,NA,NA,quoted,quoted,not quoted,quoted,not quoted,NA,not quoted,-77,-77,-77,-77,-77,-77,-77,-66,quoted,not quoted,not quoted,NA,No,I agree to make film-specific data accessible to research community,NA,"700,00",-66,send a document with festival information by email
f10321,I1704980,hevirk,I have partial or complete information,other (please specify),"it is in IMDb, you may add the missing information",200,No,quoted,quoted,not quoted,not quoted,NA,I was working on my 2nd film therefore I couldn't keep an up-to-date list of Heverk after mid 2017.,not quoted,not quoted,not quoted,quoted,web,not quoted,No,Yes,No,-66,-77,300,Euro,0 - 49.999 Euro,20000,Euro,Yes,5000,Euro,No,No,-66,-66,-66,-66,-66,-66,-66,-66,-66,-66,-66,-66,-66,-66,-66,not quoted,not quoted,quoted,not quoted,not quoted,NA,not quoted,quoted,not quoted,not quoted,not quoted,not quoted,not quoted,not quoted,NA,quoted,quoted,not quoted,NA,No,I agree to make film-specific data accessible to research community,-66,"20000,00",300,send a document with festival information by email
f9562,I1105148,class trip,I have partial or complete information,Yes,NA,3,Yes,quoted,not quoted,not quoted,not quoted,NA,-66,-77,-77,-77,-77,-66,-77,No,Yes,Yes,-66,-77,80-100 euros,Euro,0 - 49.999 Euro,15-20000 USD,United States dollar,No,-66,-77,No,Yes,Clermont-Ferrand International FIlm Festival,NA,NA,01-02.2011,NA,NA,NA,NA,NA,NA,NA,NA,NA,NA,NA,quoted,not quoted,not quoted,not quoted,not quoted,NA,not quoted,-77,-77,-77,-77,-77,-77,-77,-66,quoted,quoted,quoted,Writer of adaptation script,"Yes, contact me via this email:",I agree to make film-specific data accessible to research community,-66,"10882,00",80,enter data manually within this survey
f8014,f8014,uncle howard,I have partial or complete information,Yes,NA,70,No,quoted,not quoted,not quoted,not quoted,NA,"many other screenings were created in Italy, Spain and UK that are not handled by the company we provided the list. ",not quoted,quoted,not quoted,not quoted,NA,not quoted,Yes,No,No,25000,United States dollar,-66,-77,500.000 - 999.999 Euro,750000,Euro,Yes,25000,United States dollar,Yes,Yes,Cannes,Sheffield,Idfa,2016,2016,2016,NA,NA,NA,NA,NA,NA,NA,NA,NA,quoted,quoted,quoted,quoted,not quoted,NA,not quoted,quoted,quoted,quoted,quoted,quoted,not quoted,not quoted,NA,not quoted,quoted,not quoted,NA,"Yes, contact me via this email:",I agree to make film-specific data accessible to research community,18138,"750000,00",-66,send a document with festival information by email
f16428,f16428,an angel in doel,I do not know,Yes,NA,32,I do not know,not quoted,not quoted,not quoted,quoted,"we are the right owners, so festivals have to ask us permission",It may be possible that a distributor (Arsenal Film) submitted the film without informing us,not quoted,quoted,not quoted,not quoted,NA,not quoted,Yes,Yes,No,1000,Euro,500,Euro,50.000 - 199.999 Euro,179264,Euro,Yes,10000,Euro,No,I do not have this information,-66,-66,-66,-66,-66,-66,-66,-66,-66,-66,-66,-66,-66,-66,-66,quoted,quoted,not quoted,quoted,not quoted,NA,not quoted,-77,-77,-77,-77,-77,-77,-77,-66,not quoted,quoted,not quoted,NA,"Yes, contact me via this email:",I agree to make film-specific data accessible to research community,1000,"179264,00",500,send a document with festival information by email
f17496,f17496,river,I have partial or complete information,other (please specify),"The film was screened at the festival  Y  in February 2015 in Berlin, Germany，not2013.",5,No,not quoted,quoted,not quoted,not quoted,NA,NA,quoted,quoted,not quoted,not quoted,NA,not quoted,No,No,No,-66,-77,-66,-77,500.000 - 999.999 Euro,1000000,Chinese yuan,No,-66,-77,No,Yes,Japan,NA,NA,"29,4,2017",NA,NA,NA,NA,NA,NA,NA,NA,NA,NA,NA,quoted,not quoted,quoted,quoted,not quoted,NA,not quoted,not quoted,not quoted,not quoted,not quoted,not quoted,not quoted,quoted,NA,quoted,not quoted,not quoted,NA,No,I agree to make film-specific data accessible to research community,-66,"119848,00",-66,enter data manually within this survey
f9998,I1503978,parking,I have partial or complete information,Yes,NA,11,Yes,quoted,not quoted,not quoted,not quoted,NA,-66,-77,-77,-77,-77,-66,-77,Yes,Yes,Yes,1000,Euro,500,Euro,0 - 49.999 Euro,5000,Euro,Yes,200,Euro,Yes,Yes,Clermont-Ferrand Film Festival,NA,NA,01.2015,NA,NA,NA,NA,NA,NA,NA,NA,NA,NA,NA,not quoted,not quoted,not quoted,not quoted,not quoted,NA,quoted,-77,-77,-77,-77,-77,-77,-77,-66,not quoted,not quoted,not quoted,NA,No,I agree to make film-specific data accessible to research community,1000,"5000,00",500,enter data manually within this survey
f16641,f16641,suicide room,I have partial or complete information,Yes,NA,25,No,quoted,not quoted,not quoted,quoted,Filmpolski.pl,PEople responsible for that movie or documentation no longer work in the company.,not quoted,not quoted,quoted,not quoted,NA,not quoted,I do not have this information,I do not have this information,Yes,-66,-77,-66,-77,1.000.000 - 2.999.999 Euro,5000000,Polish złoty,Yes,1000000,Polish złoty,I do not have this information,I do not have this information,-66,-66,-66,-66,-66,-66,-66,-66,-66,-66,-66,-66,-66,-66,-66,quoted,quoted,not quoted,quoted,not quoted,NA,not quoted,-77,-77,-77,-77,-77,-77,-77,-66,not quoted,not quoted,not quoted,NA,No,I agree to make film-specific data accessible to research community,-66,"1202703,00",-66,enter data manually within this survey
f8340,f8340,uhf42 e01+e02,I have partial or complete information,No,NA,3,Yes,quoted,not quoted,not quoted,not quoted,NA,-66,-77,-77,-77,-77,-66,-77,Yes,No,I do not have this information,2000,United States dollar,-66,-77,50.000 - 199.999 Euro,50000,NA,No,-66,-77,No,No,-66,-66,-66,-66,-66,-66,-66,-66,-66,-66,-66,-66,-66,-66,-66,not quoted,not quoted,not quoted,not quoted,not quoted,NA,quoted,-77,-77,-77,-77,-77,-77,-77,-66,quoted,quoted,not quoted,NA,"Yes, contact me via this email:",I agree to make film-specific data accessible to research community,1451,"50000,00",-66,enter data manually within this survey
f16680,f16680,the lost town of switez,I have partial or complete information,Yes,NA,140,I do not know,quoted,not quoted,not quoted,not quoted,NA,Festivals in North America and Asia were handled by the National Film Board of Canada and I am not sure we have received a final report from them.,not quoted,not quoted,not quoted,quoted,Co-Producer The National Film Board of Canada,not quoted,Yes,Yes,No,3000,Euro,500,Euro,500.000 - 999.999 Euro,1000000,Euro,Yes,25000,Euro,Yes,Yes,EFM,NA,NA,02.2011,NA,NA,NA,NA,NA,NA,NA,NA,NA,NA,NA,quoted,quoted,quoted,quoted,not quoted,NA,not quoted,quoted,not quoted,not quoted,not quoted,not quoted,not quoted,not quoted,NA,not quoted,not quoted,quoted,Festival Coordination,"Yes, contact me via this email:",I agree to make film-specific data accessible to research community,3000,"1000000,00",500,send a document with festival information by email
f9946,I1500431,a million miles away,I have partial or complete information,Yes,NA,50,I do not know,quoted,not quoted,not quoted,not quoted,NA,"The film premiered in 2014 so that was the most robust of its festival life. But it continues to screen in festivals, usually in special sidebar sections as its no longer a premiere.",not quoted,quoted,quoted,not quoted,NA,not quoted,Yes,Yes,No,2000,United States dollar,1000,United States dollar,0 - 49.999 Euro,5000,United States dollar,Yes,1000,United States dollar,No,No,-66,-66,-66,-66,-66,-66,-66,-66,-66,-66,-66,-66,-66,-66,-66,quoted,not quoted,quoted,not quoted,not quoted,NA,not quoted,quoted,not quoted,not quoted,not quoted,not quoted,not quoted,not quoted,NA,quoted,quoted,not quoted,NA,"Yes, contact me via this email:",I agree to make film-specific data accessible to research community,1451,"3627,00",726,send a document with festival information by email
f10276,I1701992,big booom,I have partial or complete information,Yes,NA,325,Yes,quoted,not quoted,not quoted,not quoted,NA,-66,-77,-77,-77,-77,-66,-77,Yes,Yes,Yes,200,Euro,1500,United States dollar,0 - 49.999 Euro,500,Euro,Yes,1500,United States dollar,Yes,Yes,Clermont-ferrand,Trieste,Cinekid,2017,NA,2017,NA,NA,NA,NA,NA,NA,NA,NA,NA,quoted,quoted,not quoted,not quoted,not quoted,NA,not quoted,-77,-77,-77,-77,-77,-77,-77,-66,quoted,quoted,quoted,"Almost all, except the music, the music was composed especially for the film + we had a sound designer who help us make the 1-st Draft of sound design","Yes, contact me via this email:",I agree to make film-specific data accessible to research community,200,"500,00",1088,send a document with festival information by email
f17455,f17455,dissonance,I have partial or complete information,Yes,NA,120,No,quoted,not quoted,not quoted,not quoted,NA,"The festivals on the list are the ones we specifically entered to and were interested in. There might be others that asked us to screen the film or got it from a different source, like the distributor or other institutions, that we didn't track in this list. The list contains pretty much all  important  festivals in the films history.",not quoted,not quoted,not quoted,not quoted,NA,quoted,Yes,Yes,No,1000,Euro,1000,Euro,50.000 - 199.999 Euro,100000,Euro,No,-66,-77,No,Yes,Clermont-Ferrand,NA,NA,2015,NA,NA,NA,NA,NA,NA,NA,NA,NA,NA,NA,quoted,not quoted,quoted,not quoted,not quoted,NA,not quoted,quoted,quoted,not quoted,not quoted,not quoted,not quoted,not quoted,NA,quoted,quoted,not quoted,NA,"Yes, contact me via this email:",I agree to make film-specific data accessible to research community,1000,"100000,00",1000,send a document with festival information by email
f8309,f8309,ten mornings ten evenings and one horizon,I have partial or complete information,Yes,NA,10,Yes,quoted,not quoted,not quoted,not quoted,NA,NA,not quoted,not quoted,not quoted,not quoted,NA,not quoted,No,Yes,Yes,NA,NA,200,United States dollar,0 - 49.999 Euro,1500,United States dollar,No,-66,-77,No,I do not have this information,-66,-66,-66,-66,-66,-66,-66,-66,-66,-66,-66,-66,-66,-66,-66,not quoted,not quoted,not quoted,not quoted,quoted,through distribution organization,not quoted,-77,-77,-77,-77,-77,-77,-77,-66,quoted,quoted,not quoted,NA,No,I agree to make film-specific data accessible to research community,NA,"1088,00",146,enter data manually within this survey
f9977,I1503049,nioo de metal,I have partial or complete information,Yes,NA,40,No,quoted,not quoted,not quoted,not quoted,NA,It was too many. I don't have all the information.,not quoted,not quoted,not quoted,not quoted,NA,quoted,No,Yes,Yes,-66,-77,300,Euro,0 - 49.999 Euro,2000,Euro,Yes,200,Euro,No,Yes,Clermont Ferrand Film Festival,Cannes Film Festival,NA,2015,2014,NA,NA,NA,NA,NA,NA,NA,NA,NA,NA,quoted,not quoted,not quoted,not quoted,not quoted,NA,not quoted,-77,-77,-77,-77,-77,-77,-77,-66,quoted,not quoted,not quoted,NA,No,I agree to make film-specific data accessible to research community,-66,"2000,00",300,send a document with festival information by email
f9900,N1400496,like a flower,I have partial or complete information,other (please specify),"there is already a page, but no festivals entered",12,Yes,not quoted,not quoted,not quoted,quoted,festivals contact me,-66,-77,-77,-77,-77,-66,-77,No,No,Yes,-66,-77,-66,-77,0 - 49.999 Euro,10,Euro,No,-66,-77,No,Yes,clermont ferrand market,NA,NA,02.2014,NA,NA,NA,NA,NA,NA,NA,NA,NA,NA,NA,quoted,not quoted,quoted,not quoted,not quoted,NA,not quoted,quoted,not quoted,not quoted,not quoted,not quoted,not quoted,not quoted,NA,quoted,quoted,quoted,scriptwriter,"Yes, contact me via this email:",I agree to make film-specific data accessible to research community,-66,"10,00",-66,send a document with festival information by email
f8061,f8061,andre - the voice of wine,I have partial or complete information,Yes,NA,15,I do not know,quoted,not quoted,not quoted,not quoted,NA,Festival still requesting the film.,not quoted,not quoted,not quoted,not quoted,NA,quoted,Yes,No,No,"10-15,000",United States dollar,-66,-77,500.000 - 999.999 Euro,800,United States dollar,Yes,50,United States dollar,Yes,Yes,NA,NA,NA,NA,NA,NA,NA,NA,NA,NA,NA,NA,NA,NA,NA,not quoted,not quoted,not quoted,not quoted,quoted,"The will is still set to be released theatrically, streaming and TV/broadcast",not quoted,-77,-77,-77,-77,-77,-77,-77,-66,quoted,quoted,not quoted,NA,"Yes, contact me via this email:",I agree to make film-specific data accessible to research community,7255,"580,00",-66,send a document with festival information by email
f17515,f17515,hand gestures,I have partial or complete information,Yes,NA,38,Yes,quoted,not quoted,not quoted,not quoted,NA,-66,-77,-77,-77,-77,-66,-77,Yes,Yes,Yes,1500,Euro,400,Euro,0 - 49.999 Euro,10000,Euro,Yes,3000,Euro,No,No,-66,-66,-66,-66,-66,-66,-66,-66,-66,-66,-66,-66,-66,-66,-66,not quoted,quoted,quoted,quoted,not quoted,NA,not quoted,quoted,not quoted,not quoted,not quoted,not quoted,not quoted,quoted,Specific website platforms such as https://www.audiovisiva.org/ and http://store.milanodesignfilmfestival.com/it/films-1.html,quoted,quoted,quoted,"editor, cinematographer, distributor","Yes, contact me via this email:",I agree to make film-specific data accessible to research community,1500,"10000,00",400,enter data manually within this survey
f10265,I1700163,gaidot jauno gadu,I have partial or complete information,No,NA,40,No,quoted,not quoted,not quoted,not quoted,NA,Lack of response from some festivals whether the film has been selected or not.,not quoted,not quoted,not quoted,quoted,Festivals and National Film Centre of Latvia (NKC),not quoted,Yes,Yes,Yes,70,Canadian dollar,200 -300,United States dollar,50.000 - 199.999 Euro,ca 100000,Euro,Yes,1000,Euro,Yes,Yes,Annecy IAFF  and MIFA,Clermont-Ferrand ISFF,NA,06.2018,02.2019,NA,NA,NA,NA,NA,NA,NA,NA,NA,NA,not quoted,quoted,quoted,not quoted,not quoted,NA,not quoted,quoted,not quoted,not quoted,quoted,not quoted,not quoted,not quoted,NA,quoted,quoted,not quoted,NA,No,I agree to make film-specific data accessible to research community,42,100000,146,send a document with festival information by email
f9820,I1403807,kay pacha,I have partial or complete information,Yes,NA,40,Yes,quoted,quoted,not quoted,not quoted,NA,-66,-77,-77,-77,-77,-66,-77,Yes,Yes,Yes,500,Euro,500,Euro,0 - 49.999 Euro,20.000,Euro,Yes,10.000,Euro,No,Yes,Clermont - Ferrand,Cannes Short Film Corner,NA,NA,NA,NA,NA,NA,NA,NA,NA,NA,NA,NA,NA,not quoted,not quoted,not quoted,not quoted,not quoted,NA,quoted,-77,-77,-77,-77,-77,-77,-77,-66,quoted,quoted,not quoted,NA,"Yes, contact me via this email:",I agree to make film-specific data accessible to research community,500,"20000,00",500,send a document with festival information by email
f10292,I1702989,bird dog,I have partial or complete information,No,NA,7,Yes,quoted,not quoted,not quoted,not quoted,NA,-66,-77,-77,-77,-77,-66,-77,No,Yes,Yes,-66,-77,$950,United States dollar,10.000.000 - 29.999.999 Euro,$18000,United States dollar,Yes,$250,United States dollar,No,Yes,Clermont Ferrand Film Market,NA,NA,02.2017,NA,NA,NA,NA,NA,NA,NA,NA,NA,NA,NA,not quoted,not quoted,not quoted,not quoted,not quoted,NA,quoted,-77,-77,-77,-77,-77,-77,-77,-66,quoted,quoted,not quoted,NA,"Yes, contact me via this email:",I agree to make film-specific data accessible to research community,-66,"13059,00",689,send a document with festival information by email
f8222,f8222,monsieur mayonnaise,I have partial or complete information,Yes,NA,35,No,quoted,not quoted,not quoted,not quoted,NA,"Too many to list, difficulty accessing all files.",not quoted,not quoted,not quoted,not quoted,NA,quoted,Yes,Yes,No,"$ 15,00",United States dollar,200,United States dollar,500.000 - 999.999 Euro,"$900,000",Australian dollar,Yes,"$20,000",Australian dollar,Yes,No,-66,-66,-66,-66,-66,-66,-66,-66,-66,-66,-66,-66,-66,-66,-66,quoted,quoted,quoted,quoted,not quoted,NA,not quoted,not quoted,not quoted,not quoted,quoted,not quoted,not quoted,quoted,"Beamafilm Australia, Docplay Australia",quoted,quoted,quoted,Writer/Sound recordist,"Yes, contact me via this email:",I agree to make film-specific data accessible to research community,11,"582939,00",146,enter data manually within this survey
NA,frnew51,"Au Pair, Kansas",I have partial or complete information,Yes,NA,10,I do not know,quoted,not quoted,not quoted,not quoted,NA,Sometimes I forget,not quoted,not quoted,quoted,not quoted,NA,not quoted,Yes,Yes,Yes,100,NA,NA,NA,200.000 - 499.999 Euro,250000,NA,I do not have this information,-66,-77,Yes,Yes,Cannes ,NA,NA,April 2012,NA,NA,NA,NA,NA,NA,NA,NA,NA,NA,NA,not quoted,not quoted,quoted,quoted,not quoted,NA,not quoted,not quoted,not quoted,quoted,quoted,not quoted,not quoted,not quoted,NA,quoted,quoted,quoted,Writer,No,I agree to make film-specific data accessible to research community,100,"250000,00",0,send a document with festival information by email
NA,frnew60,Bob’s New Suit,I do not know,Yes,NA,4,I do not know,quoted,quoted,not quoted,not quoted,NA,NA,not quoted,quoted,not quoted,not quoted,NA,not quoted,No,Yes,No,-66,-77,200 usa DOLLARS,United States dollar,200.000 - 499.999 Euro,400000,United States dollar,Yes,25000,United States dollar,Yes,No,-66,-66,-66,-66,-66,-66,-66,-66,-66,-66,-66,-66,-66,-66,-66,not quoted,not quoted,quoted,not quoted,not quoted,NA,not quoted,not quoted,not quoted,not quoted,quoted,not quoted,not quoted,not quoted,NA,quoted,not quoted,not quoted,NA,"Yes, contact me via this email:",I agree to make film-specific data accessible to research community,-66,"290212,00",146,enter data manually within this survey
NA,tffnew473,Great Expectations,I have partial or complete information,Yes,NA,98,Yes,quoted,not quoted,not quoted,not quoted,NA,-66,-77,-77,-77,-77,-66,-77,I do not have this information,Yes,Yes,-66,-77,NA,NA,0 - 49.999 Euro,5000,Euro,Yes,2500,Euro,No,Yes,Short film croner,Interfilm berlin,NA,2009,2010,NA,NA,NA,NA,NA,NA,NA,NA,NA,NA,quoted,not quoted,quoted,quoted,not quoted,NA,not quoted,not quoted,not quoted,not quoted,not quoted,not quoted,not quoted,not quoted,NA,quoted,quoted,not quoted,NA,"Yes, contact me via this email:",I agree to make film-specific data accessible to research community,-66,"5000,00",NA,send a document with festival information by email
NA,frnew36,Santiago From The Other Side,I have partial or complete information,Yes,NA,14,Yes,quoted,not quoted,not quoted,not quoted,NA,-66,-77,-77,-77,-77,-66,-77,No,Yes,Yes,-66,-77,400,United States dollar,0 - 49.999 Euro,4000,United States dollar,No,-66,-77,No,Yes,Short film corner in Cannes,Film Market at the Guadalajara International Film Festival,NA,05.2011,2012,NA,NA,NA,NA,NA,NA,NA,NA,NA,NA,quoted,not quoted,quoted,not quoted,not quoted,NA,not quoted,quoted,not quoted,not quoted,not quoted,not quoted,not quoted,not quoted,NA,quoted,quoted,not quoted,NA,No,I agree to make film-specific data accessible to research community,-66,"2902,00",290,enter data manually within this survey
NA,frnew1,To The Marriage Of True Minds,I have partial or complete information,Yes,NA,50,I do not know,quoted,not quoted,not quoted,not quoted,NA,"No longer have dates.  Not a complete list but close, I think.  It was screened at severaal events or festivals organised by the Zebra Festival team",not quoted,not quoted,not quoted,not quoted,NA,quoted,Yes,Yes,Yes,250,Euro,100,Euro,0 - 49.999 Euro,10,Euro,I do not have this information,-66,-77,No,No,-66,-66,-66,-66,-66,-66,-66,-66,-66,-66,-66,-66,-66,-66,-66,not quoted,not quoted,quoted,not quoted,not quoted,NA,not quoted,quoted,quoted,not quoted,not quoted,not quoted,not quoted,not quoted,NA,quoted,not quoted,not quoted,NA,"Yes, contact me via this email:",I agree to make film-specific data accessible to research community,250,"10,00",100,send a document with festival information by email
NA,frnew167,Orchids: My Intersex Adventure,I have partial or complete information,No,NA,91,Yes,quoted,quoted,not quoted,not quoted,NA,-66,-77,-77,-77,-77,-66,-77,Yes,Yes,Yes,5000,Australian dollar,500,Australian dollar,50.000 - 199.999 Euro,150000,Australian dollar,Yes,5000,Australian dollar,Yes,No,-66,-66,-66,-66,-66,-66,-66,-66,-66,-66,-66,-66,-66,-66,-66,quoted,not quoted,quoted,quoted,not quoted,NA,not quoted,quoted,quoted,not quoted,not quoted,not quoted,not quoted,not quoted,NA,quoted,quoted,not quoted,NA,"Yes, contact me via this email:",I agree to make film-specific data accessible to research community,324,"97156,00",324,enter data manually within this survey
NA,frnew191,Slashed,I have partial or complete information,Yes,NA,22,Yes,quoted,quoted,not quoted,quoted,Direct communication from the festival organisers,-66,-77,-77,-77,-77,-66,-77,No,Yes,Yes,-66,-77,$ 400,Australian dollar,0 - 49.999 Euro,$3500,Australian dollar,Yes,$400,Australian dollar,No,No,-66,-66,-66,-66,-66,-66,-66,-66,-66,-66,-66,-66,-66,-66,-66,quoted,not quoted,quoted,quoted,not quoted,NA,not quoted,not quoted,quoted,not quoted,not quoted,not quoted,not quoted,not quoted,NA,not quoted,quoted,not quoted,NA,"Yes, contact me via this email:",I agree to make film-specific data accessible to research community,-66,"2266,00",259,enter data manually within this survey
NA,frnew23,The Wolf In Shorts,I have partial or complete information,Yes,NA,8,I do not know,quoted,not quoted,not quoted,not quoted,NA,I lost control of all the very small events where the movie was invited.,not quoted,not quoted,not quoted,quoted,no one else,not quoted,No,No,No,-66,-77,-66,-77,50.000 - 199.999 Euro,150k,Euro,Yes,15k,Euro,No,No,-66,-66,-66,-66,-66,-66,-66,-66,-66,-66,-66,-66,-66,-66,-66,quoted,not quoted,not quoted,not quoted,not quoted,NA,not quoted,-77,-77,-77,-77,-77,-77,-77,-66,quoted,quoted,not quoted,NA,"Yes, contact me via this email:",I agree to make film-specific data accessible to research community,-66,150000,-66,enter data manually within this survey
NA,frnew213,Valmay The Visitor From Beep Beep Beep Bleetlebox,I have partial or complete information,Yes,NA,20,Yes,quoted,quoted,not quoted,not quoted,NA,-66,-77,-77,-77,-77,-66,-77,No,Yes,Yes,-66,-77,$800,Australian dollar,0 - 49.999 Euro,"$70,000",Australian dollar,Yes,$500,Australian dollar,No,Yes,Clermont Ferrand,NA,NA,2010,NA,NA,NA,NA,NA,NA,NA,NA,NA,NA,NA,not quoted,not quoted,quoted,not quoted,not quoted,NA,not quoted,quoted,not quoted,not quoted,not quoted,not quoted,not quoted,not quoted,NA,quoted,not quoted,not quoted,NA,"Yes, contact me via this email:",I agree to make film-specific data accessible to research community,-66,"45339,00",518,send a document with festival information by email
NA,frnew177,Queer In Kansas,I do not know,Yes,NA,15,I do not know,quoted,not quoted,quoted,not quoted,NA,NA,not quoted,not quoted,quoted,not quoted,NA,not quoted,Yes,No,Yes,$3700,United States dollar,-66,-77,0 - 49.999 Euro,$5000,United States dollar,Yes,500,United States dollar,No,I do not have this information,-66,-66,-66,-66,-66,-66,-66,-66,-66,-66,-66,-66,-66,-66,-66,quoted,not quoted,quoted,not quoted,not quoted,NA,not quoted,quoted,quoted,not quoted,not quoted,not quoted,not quoted,not quoted,NA,quoted,quoted,not quoted,NA,"Yes, contact me via this email:",I agree to make film-specific data accessible to research community,2397,"3627,00",-66,send a document with festival information by email
NA,frnew224,Why Me?,I do not know,Yes,NA,3,I do not know,not quoted,not quoted,quoted,not quoted,NA,Was made over 10 years ago as a student film. Have lost documentation of where it has/hasn't screened.,not quoted,not quoted,not quoted,quoted,"Victorian College of the Arts, Melbourne University",not quoted,I do not have this information,I do not have this information,I do not have this information,-66,-77,-66,-77,1.000.000 - 2.999.999 Euro,$3000,Australian dollar,I do not have this information,-66,-77,I do not have this information,I do not have this information,-66,-66,-66,-66,-66,-66,-66,-66,-66,-66,-66,-66,-66,-66,-66,not quoted,not quoted,not quoted,not quoted,not quoted,NA,quoted,-77,-77,-77,-77,-77,-77,-77,-66,quoted,not quoted,quoted,Writer,"Yes, contact me via this email:",I agree to make film-specific data accessible to research community,-66,"1943,00",-66,send a document with festival information by email
NA,frnew271,Deep End,I have partial or complete information,Yes,NA,11,No,quoted,not quoted,not quoted,not quoted,NA,"Records are partial and film was made in 2011 and continues to be requested at some LGBT film festivals and local festivals in Nova Scotia, Canada.",not quoted,quoted,not quoted,quoted,festivals themselves ,not quoted,Yes,Yes,Yes,400,Canadian dollar,1200,Canadian dollar,500.000 - 999.999 Euro,30000,Canadian dollar,I do not have this information,-66,-77,No,I do not have this information,-66,-66,-66,-66,-66,-66,-66,-66,-66,-66,-66,-66,-66,-66,-66,not quoted,not quoted,not quoted,not quoted,quoted,"Canadian Film and Media Distribution Centre is the distributor, and Piccadillo Pictures in UK released it on Boy on Film DVD series",not quoted,-77,-77,-77,-77,-77,-77,-77,-66,quoted,not quoted,not quoted,NA,No,I agree to make film-specific data accessible to research community,256,"20472,00",819,enter data manually within this survey
NA,idfnew493,The Invisible Men,I have partial or complete information,Yes,NA,50,I do not know,quoted,quoted,not quoted,not quoted,NA,"I was very accurate following the festival information in the first two years of distribution (2012-2013).   I collected and saved the data including on the film's website because I handled the distribution by myself.    But, I know the film had very few screenings in the years after which I don't remember and didn't record.",not quoted,not quoted,not quoted,quoted,Only by internet research year by year. ,not quoted,Yes,Yes,No,15000,United States dollar,NA,NA,50.000 - 199.999 Euro,NA,NA,Yes,NA,NA,No,No,-66,-66,-66,-66,-66,-66,-66,-66,-66,-66,-66,-66,-66,-66,-66,quoted,not quoted,quoted,not quoted,not quoted,NA,not quoted,not quoted,not quoted,not quoted,not quoted,quoted,not quoted,not quoted,NA,quoted,quoted,not quoted,NA,"Yes, contact me via this email:",I agree to make film-specific data accessible to research community,1088,"-99,00",NA,send a document with festival information by email
NA,frnew382,Prora,I have partial or complete information,Yes,NA,125,Yes,quoted,quoted,not quoted,not quoted,NA,-66,-77,-77,-77,-77,-66,-77,Yes,Yes,No,1500,Euro,1500,Euro,50.000 - 199.999 Euro,150000,Euro,Yes,3000,Euro,Yes,No,-66,-66,-66,-66,-66,-66,-66,-66,-66,-66,-66,-66,-66,-66,-66,quoted,not quoted,quoted,quoted,not quoted,NA,not quoted,quoted,quoted,not quoted,not quoted,not quoted,not quoted,not quoted,NA,quoted,quoted,not quoted,NA,No,I agree to make film-specific data accessible to research community,1500,"150000,00",1500,send a document with festival information by email
NA,frnew304,Graupel Poetry,I do not know,Yes,NA,15,Yes,quoted,quoted,not quoted,quoted,withabox,-66,-77,-77,-77,-77,-66,-77,Yes,Yes,Yes,5000,United States dollar,2000,United States dollar,0 - 49.999 Euro,20000,Euro,No,-66,-77,No,No,-66,-66,-66,-66,-66,-66,-66,-66,-66,-66,-66,-66,-66,-66,-66,not quoted,not quoted,quoted,quoted,not quoted,NA,not quoted,quoted,not quoted,not quoted,not quoted,not quoted,not quoted,not quoted,NA,quoted,not quoted,quoted,Script Writer,"Yes, contact me via this email:",I agree to make film-specific data accessible to research community,3628,"20000,00",1451,fill in an offline or paper-based form
NA,frnew400,Shabbat Dinner,I have partial or complete information,No,NA,47,Yes,quoted,quoted,not quoted,not quoted,NA,-66,-77,-77,-77,-77,-66,-77,Yes,Yes,Yes,200,United States dollar,1500,NA,0 - 49.999 Euro,2000,United States dollar,Yes,500,United States dollar,Yes,I do not have this information,-66,-66,-66,-66,-66,-66,-66,-66,-66,-66,-66,-66,-66,-66,-66,not quoted,not quoted,quoted,quoted,not quoted,NA,not quoted,not quoted,quoted,not quoted,quoted,not quoted,not quoted,not quoted,NA,quoted,quoted,not quoted,NA,"Yes, contact me via this email:",I agree to make film-specific data accessible to research community,145,"1451,00",1088,enter data manually within this survey
NA,frnew383,Putting The  I  In Trans,I have partial or complete information,Yes,NA,20,I do not know,quoted,not quoted,not quoted,not quoted,NA,"I kept records of the festivals where the film screened but further away from the production completion and as I worked on other projects, I may not have recorded other screenings. I don't believe that any other person or agency is collecting information about the film's screenings.",not quoted,not quoted,quoted,not quoted,NA,not quoted,Yes,Yes,No,$150,Canadian dollar,300,Canadian dollar,200.000 - 499.999 Euro,500,Canadian dollar,No,-66,-77,No,I do not have this information,-66,-66,-66,-66,-66,-66,-66,-66,-66,-66,-66,-66,-66,-66,-66,not quoted,not quoted,quoted,quoted,not quoted,NA,not quoted,not quoted,not quoted,not quoted,not quoted,not quoted,not quoted,quoted,"My own website, christinastarr.ca (It has not been streamed by a major distributor).",quoted,quoted,quoted,Writer,"Yes, contact me via this email:",I agree to make film-specific data accessible to research community,97,"341,00",205,send a document with festival information by email
NA,frnew434,What Makes Us Queer?,I have partial or complete information,Yes,NA,10,No,not quoted,not quoted,not quoted,quoted,"google, not complete whatsoever",i only found two festivals through google but i know it was heaps more!,not quoted,not quoted,not quoted,not quoted,NA,not quoted,Yes,Yes,Yes,NA,NA,500,NA,500.000 - 999.999 Euro,2500,United States dollar,Yes,1500,United States dollar,No,No,-66,-66,-66,-66,-66,-66,-66,-66,-66,-66,-66,-66,-66,-66,-66,not quoted,not quoted,not quoted,not quoted,not quoted,NA,quoted,-77,-77,-77,-77,-77,-77,-77,-66,quoted,quoted,not quoted,NA,No,I agree to make film-specific data accessible to research community,0,"1813,00",500,enter data manually within this survey
NA,frnew542,Heklina,I do not know,Yes,NA,8,No,quoted,not quoted,not quoted,not quoted,NA,Not sure of the dates of screenings.,not quoted,not quoted,not quoted,not quoted,NA,quoted,No,Yes,Yes,-66,-77,around $15 to $40 American dollars,United States dollar,500.000 - 999.999 Euro,$1000,United States dollar,Yes,$200,United States dollar,No,No,-66,-66,-66,-66,-66,-66,-66,-66,-66,-66,-66,-66,-66,-66,-66,quoted,not quoted,quoted,not quoted,not quoted,NA,not quoted,quoted,quoted,not quoted,not quoted,not quoted,not quoted,quoted,Public Broadcasting Service in the United States,quoted,quoted,not quoted,NA,No,I agree to make film-specific data accessible to research community,-66,"725,00",29,enter data manually within this survey
NA,frnew482,Burger,I have partial or complete information,Yes,NA,30,I do not know,not quoted,not quoted,not quoted,quoted,The films page on the Norwegian Film Institute's homepage: https://www.nfi.no/eng/film?name=burger&id=410,I am Norwegian and made this short in Wales. Since then I know both the production company and the Norwegian Film Institute promoted the film. ,not quoted,not quoted,not quoted,quoted,Producer Grant Vidgen from the Iris Prize Festival: https://irisprize.org/people/grant-vidgen/,not quoted,I do not have this information,I do not have this information,I do not have this information,-66,-77,-66,-77,0 - 49.999 Euro,25000,British pound,I do not have this information,-66,-77,I do not have this information,I do not have this information,-66,-66,-66,-66,-66,-66,-66,-66,-66,-66,-66,-66,-66,-66,-66,quoted,not quoted,not quoted,quoted,not quoted,NA,not quoted,-77,-77,-77,-77,-77,-77,-77,-66,quoted,not quoted,not quoted,NA,"Yes, contact me via this email:",I agree to make film-specific data accessible to research community,-66,"30044,00",-66,send a document with festival information by email
NA,frnew904,Monster Mash,I have partial or complete information,Yes,NA,24,No,quoted,not quoted,not quoted,quoted,Personal/filmmaker website ,I only highlighted the bigger festivals Monster Mash screened at.,not quoted,not quoted,quoted,not quoted,NA,not quoted,Yes,Yes,Yes,Less than $500,Canadian dollar,Between $500 and $600,Canadian dollar,10.000.000 - 29.999.999 Euro,"Between $25,000 - $30,000",Canadian dollar,Yes,Less than $1000,Canadian dollar,Yes,No,-66,-66,-66,-66,-66,-66,-66,-66,-66,-66,-66,-66,-66,-66,-66,not quoted,not quoted,not quoted,not quoted,not quoted,NA,quoted,-77,-77,-77,-77,-77,-77,-77,-66,quoted,quoted,not quoted,NA,"Yes, contact me via this email:",I agree to make film-specific data accessible to research community,299,"153541,00",341,enter data manually within this survey
NA,frnew597,Prinsesa,I have partial or complete information,Yes,NA,35,Yes,quoted,quoted,not quoted,quoted,"WithoutAbox, FilmFreeway, Shortfilcentral, Filmmaker magazine, etc",-66,-77,-77,-77,-77,-66,-77,Yes,Yes,Yes,500,United States dollar,5000,United States dollar,0 - 49.999 Euro,10000,United States dollar,Yes,1000,United States dollar,No,Yes,Berlinale,NA,NA,02.2014,NA,NA,NA,NA,NA,NA,NA,NA,NA,NA,NA,not quoted,not quoted,quoted,not quoted,not quoted,NA,not quoted,not quoted,quoted,not quoted,not quoted,not quoted,not quoted,not quoted,NA,quoted,not quoted,not quoted,NA,"Yes, contact me via this email:",I agree to make film-specific data accessible to research community,363,"7255,00",3628,send a document with festival information by email
NA,frnew823,Two 4 One,I have partial or complete information,Yes,NA,48,Yes,quoted,not quoted,not quoted,not quoted,NA,-66,-77,-77,-77,-77,-66,-77,Yes,Yes,No,7964.79,Canadian dollar,1068.08,Canadian dollar,50.000 - 199.999 Euro,250,Canadian dollar,Yes,1200,Canadian dollar,Yes,No,-66,-66,-66,-66,-66,-66,-66,-66,-66,-66,-66,-66,-66,-66,-66,quoted,quoted,quoted,quoted,not quoted,NA,not quoted,quoted,not quoted,not quoted,quoted,quoted,not quoted,quoted,"Google Play, Hoopla, Kanopy, Vudu, Playster, inDemand, Microsoft (Xbox store), Vubiquity, possibly more.",not quoted,quoted,not quoted,NA,No,I agree to make film-specific data accessible to research community,4759,"170,00",729,send a document with festival information by email
NA,frnew810,The Surface,I have partial or complete information,Yes,NA,8,No,quoted,quoted,not quoted,not quoted,NA,Submitted through 2 separate sites (Withoutabox.com and Filmfreeway.com) one of which is no longer in service and could not retrieve information from them.,not quoted,not quoted,not quoted,not quoted,NA,quoted,Yes,Yes,Yes,$120,United States dollar,$350 +,United States dollar,1.000.000 - 2.999.999 Euro,$25000.,United States dollar,Yes,"$5-6,000.",United States dollar,No,Yes,NA,NA,NA,NA,NA,NA,NA,NA,NA,NA,NA,NA,NA,NA,NA,not quoted,quoted,quoted,quoted,not quoted,NA,not quoted,quoted,not quoted,not quoted,quoted,quoted,not quoted,quoted,"Revry, Kanopy",quoted,quoted,not quoted,NA,No,I agree to make film-specific data accessible to research community,87,"18138,00",254,enter data manually within this survey
NA,frnew464,Bendik & The Monster,I have no information,-77,-66,-66,-77,-77,-77,-77,-77,-66,-66,-77,-77,-77,-77,-66,-77,No,No,No,-66,-77,-66,-77,50.000 - 199.999 Euro,115000,Euro,No,-66,-77,Yes,No,-66,-66,-66,-66,-66,-66,-66,-66,-66,-66,-66,-66,-66,-66,-66,quoted,not quoted,quoted,not quoted,not quoted,NA,not quoted,not quoted,not quoted,not quoted,not quoted,not quoted,not quoted,quoted,Shorts International's website (might be on youtube???),quoted,quoted,not quoted,NA,No,I agree to make film-specific data accessible to research community,-66,"115000,00",-66,-77
NA,frnew750,"No No, Homo",I have no information,-77,-66,-66,-77,-77,-77,-77,-77,-66,-66,-77,-77,-77,-77,-66,-77,No,Yes,Yes,-66,-77,$250,United States dollar,50.000 - 199.999 Euro,$200,United States dollar,No,-66,-77,No,No,-66,-66,-66,-66,-66,-66,-66,-66,-66,-66,-66,-66,-66,-66,-66,not quoted,not quoted,quoted,quoted,not quoted,NA,not quoted,not quoted,not quoted,not quoted,not quoted,not quoted,not quoted,quoted,GayBingeTV,quoted,quoted,quoted,"Writer, Editor",No,I agree to make film-specific data accessible to research community,-66,"145,00",181,-77
NA,frnew817,Together Forever,I have partial or complete information,No,NA,4,Yes,not quoted,not quoted,not quoted,quoted,Film Freeway,-66,-77,-77,-77,-77,-66,-77,No,Yes,Yes,-66,-77,500,United States dollar,200.000 - 499.999 Euro,400,United States dollar,No,-66,-77,No,No,-66,-66,-66,-66,-66,-66,-66,-66,-66,-66,-66,-66,-66,-66,-66,not quoted,not quoted,quoted,not quoted,not quoted,NA,not quoted,not quoted,quoted,not quoted,not quoted,not quoted,not quoted,not quoted,NA,quoted,quoted,quoted,Writer,"Yes, contact me via this email:",I agree to make film-specific data accessible to research community,-66,"290,00",363,enter data manually within this survey
NA,frnew717,Heavenly Peace,I have partial or complete information,Yes,NA,50,I do not know,quoted,not quoted,not quoted,not quoted,NA,"my film was on the circuit in 2015 mainly. I can provide a list, but not dates",not quoted,not quoted,not quoted,quoted,festival organizers ,not quoted,No,Yes,Yes,-66,-77,$600,United States dollar,0 - 49.999 Euro,700,United States dollar,No,-66,-77,No,I do not have this information,-66,-66,-66,-66,-66,-66,-66,-66,-66,-66,-66,-66,-66,-66,-66,not quoted,not quoted,quoted,not quoted,not quoted,NA,not quoted,quoted,quoted,not quoted,not quoted,not quoted,not quoted,not quoted,NA,quoted,quoted,quoted,animator,"Yes, contact me via this email:",I agree to make film-specific data accessible to research community,-66,"507,00",435,send a document with festival information by email
NA,frnew754,Open Relationship,I have partial or complete information,other (please specify),the film is in IMBd but not have added the film festivals on it,64,I do not know,quoted,not quoted,not quoted,not quoted,NA,maybe the year of the film festival selection. But the festivals are about 2015-2017,not quoted,not quoted,not quoted,not quoted,NA,quoted,Yes,Yes,Yes,350,Euro,300,Euro,0 - 49.999 Euro,5000,Euro,No,-66,-77,No,I do not have this information,NA,NA,NA,NA,NA,NA,NA,NA,NA,NA,NA,NA,NA,NA,NA,not quoted,not quoted,quoted,quoted,not quoted,NA,not quoted,not quoted,quoted,not quoted,not quoted,not quoted,not quoted,quoted,"My Dekkoo, GagaOOLala",quoted,quoted,quoted,writter,"Yes, contact me via this email:",I agree to make film-specific data accessible to research community,350,"5000,00",300,send a document with festival information by email
NA,frnew700,Female Masculinity Appreciation Society,I have partial or complete information,Yes,NA,50,Yes,not quoted,quoted,not quoted,not quoted,NA,-66,-77,-77,-77,-77,-66,-77,No,Yes,Yes,-66,-77,300,British pound,3.000.000 - 9.999.999 Euro,4000,British pound,No,-66,-77,No,No,-66,-66,-66,-66,-66,-66,-66,-66,-66,-66,-66,-66,-66,-66,-66,not quoted,not quoted,quoted,not quoted,not quoted,NA,not quoted,quoted,not quoted,not quoted,not quoted,not quoted,not quoted,quoted,QueerBee,quoted,quoted,quoted,Camera,"Yes, contact me via this email:",I agree to make film-specific data accessible to research community,-66,"4807,00",361,send a document with festival information by email
NA,frnew800,The Birthday,I have partial or complete information,other (please specify),You can add the missing festivals if you like,23,I do not know,quoted,not quoted,not quoted,not quoted,NA,I'm not sure I listed all the festivals,not quoted,not quoted,not quoted,not quoted,NA,quoted,No,Yes,Yes,-66,-77,100 euro,Euro,0 - 49.999 Euro,350 euro,Euro,I do not have this information,NA,NA,No,Yes,Cannes Corner,NA,NA,2015,NA,NA,NA,NA,NA,NA,NA,NA,NA,NA,NA,not quoted,quoted,quoted,not quoted,not quoted,NA,not quoted,not quoted,not quoted,not quoted,quoted,not quoted,not quoted,quoted,"Real eyz, VOD PLATFORMS(severals)",quoted,quoted,not quoted,NA,"Yes, contact me via this email:",I agree to make film-specific data accessible to research community,-66,350,100,fill in an offline or paper-based form
NA,frnew860,Femme Brutal,I have partial or complete information,Yes,NA,18,Yes,quoted,not quoted,not quoted,not quoted,NA,-66,-77,-77,-77,-77,-66,-77,Yes,I do not have this information,No,around 2500.-,Euro,-66,-77,NA,NA,NA,I do not have this information,-66,-77,Yes,No,-66,-66,-66,-66,-66,-66,-66,-66,-66,-66,-66,-66,-66,-66,-66,not quoted,quoted,quoted,not quoted,not quoted,NA,not quoted,not quoted,not quoted,not quoted,not quoted,not quoted,not quoted,quoted,RealEYZ,not quoted,not quoted,quoted,distributor,No,I agree to make film-specific data accessible to research community,2500,"-99,00",-66,send a document with festival information by email
NA,frnew875,The Glory Hole,I do not know,No,NA,31,Yes,not quoted,not quoted,not quoted,quoted,Film Freeway,-66,-77,-77,-77,-77,-66,-77,Yes,Yes,No,$5000,United States dollar,$500,United States dollar,500.000 - 999.999 Euro,$1000,United States dollar,No,-66,-77,Yes,No,-66,-66,-66,-66,-66,-66,-66,-66,-66,-66,-66,-66,-66,-66,-66,not quoted,not quoted,quoted,quoted,not quoted,NA,not quoted,quoted,not quoted,not quoted,not quoted,not quoted,not quoted,not quoted,NA,quoted,not quoted,not quoted,NA,"Yes, contact me via this email:",I agree to make film-specific data accessible to research community,3628,"725,00",363,send a document with festival information by email
NA,frnew962,"Two Soft Things, Two Hard Things",I have partial or complete information,Yes,NA,100,Yes,quoted,quoted,not quoted,not quoted,NA,-66,-77,-77,-77,-77,-66,-77,Yes,Yes,Yes,$3000 CAD,Canadian dollar,$500,Canadian dollar,0 - 49.999 Euro,$12000 CAD,Canadian dollar,Yes,$600 CAD,Canadian dollar,Yes,No,-66,-66,-66,-66,-66,-66,-66,-66,-66,-66,-66,-66,-66,-66,-66,quoted,not quoted,quoted,not quoted,quoted,Art Gallery screenings/exhibitions and purchases from libraries and educational institutions and sale to airline entertainment. These sales and exhibitions provided far better income than the film festivals.,not quoted,not quoted,not quoted,not quoted,quoted,quoted,not quoted,quoted,https://filmsforchange.stream and https://www.knowledge.ca,quoted,quoted,not quoted,NA,"Yes, contact me via this email:",I agree to make film-specific data accessible to research community,1792,"8188,00",341,send a document with festival information by email
NA,frnew781,"Separate, Together",I do not know,No,NA,1,Yes,quoted,not quoted,not quoted,not quoted,NA,-66,-77,-77,-77,-77,-66,-77,No,Yes,Yes,-66,-77,$50,United States dollar,3.000.000 - 9.999.999 Euro,$3500,United States dollar,Yes,$200,United States dollar,No,No,-66,-66,-66,-66,-66,-66,-66,-66,-66,-66,-66,-66,-66,-66,-66,not quoted,not quoted,quoted,not quoted,not quoted,NA,not quoted,quoted,not quoted,not quoted,not quoted,not quoted,not quoted,not quoted,NA,quoted,quoted,quoted,Actor ,"Yes, contact me via this email:",I agree to make film-specific data accessible to research community,-66,"2539,00",36,enter data manually within this survey
NA,frnew178,Queer Spawning,I have partial or complete information,Yes,NA,2,I do not know,quoted,not quoted,not quoted,not quoted,NA,NA,not quoted,not quoted,not quoted,not quoted,NA,quoted,No,No,Yes,-66,-77,-66,-77,0 - 49.999 Euro,$300,United States dollar,No,-66,-77,No,I do not have this information,-66,-66,-66,-66,-66,-66,-66,-66,-66,-66,-66,-66,-66,-66,-66,not quoted,not quoted,not quoted,not quoted,not quoted,NA,quoted,-77,-77,-77,-77,-77,-77,-77,-66,quoted,quoted,quoted,Star,"Yes, contact me via this email:",I agree to make film-specific data accessible to research community,-66,"217,00",-66,enter data manually within this survey
NA,frnew730,Kumu Hina: A Place In The Middle,I have partial or complete information,Yes,NA,85,I do not know,quoted,not quoted,not quoted,not quoted,NA,"After the official run of the two films many smaller festivals, orgs etc asked to show the film  Especially after it won the GLAAD award -  the gay Oscars ",not quoted,not quoted,not quoted,not quoted,NA,quoted,Yes,Yes,No,1000,United States dollar,NA,NA,3.000.000 - 9.999.999 Euro,"$325,000",United States dollar,Yes,25000,United States dollar,No,No,-66,-66,-66,-66,-66,-66,-66,-66,-66,-66,-66,-66,-66,-66,-66,quoted,not quoted,quoted,quoted,quoted,Gathr,not quoted,quoted,not quoted,quoted,quoted,quoted,not quoted,not quoted,NA,quoted,quoted,not quoted,NA,"Yes, contact me via this email:",I agree to make film-specific data accessible to research community,726,"235797,00",NA,send a document with festival information by email
NA,frnew433,What Do You Know? Six To Twelve Year Olds Talk About Gays And Lesbians,I have partial or complete information,Yes,NA,9,I do not know,quoted,not quoted,not quoted,not quoted,NA,"I save emails from film festivals in a folder, and looked there, but I may have missed some!",not quoted,not quoted,not quoted,not quoted,NA,quoted,No,Yes,No,-66,-77,400,United States dollar,0 - 49.999 Euro,50000,United States dollar,Yes,2000,United States dollar,No,No,-66,-66,-66,-66,-66,-66,-66,-66,-66,-66,-66,-66,-66,-66,-66,not quoted,not quoted,not quoted,not quoted,quoted,"Human Rights Campaign, non-profit paid me to make the film for them to use as a Teacher Training film. It is now free on their website.",not quoted,-77,-77,-77,-77,-77,-77,-77,-66,quoted,not quoted,not quoted,NA,"Yes, contact me via this email:",I agree to make film-specific data accessible to research community,-66,"36276,00",290,enter data manually within this survey
NA,tffnew1733,Mr. Right,I have partial or complete information,Yes,NA,6,Yes,quoted,not quoted,not quoted,not quoted,NA,-66,-77,-77,-77,-77,-66,-77,Yes,Yes,No,do not recall amount,Canadian dollar,approx $70,United States dollar,200.000 - 499.999 Euro,$275,Canadian dollar,No,-66,-77,No,I do not have this information,-66,-66,-66,-66,-66,-66,-66,-66,-66,-66,-66,-66,-66,-66,-66,not quoted,not quoted,not quoted,not quoted,quoted,part of compilation dvd with 7 other LGBT short videos distributed to local secondary schools for educational purposes,not quoted,-77,-77,-77,-77,-77,-77,-77,-66,quoted,not quoted,quoted,writer and voice actor,"Yes, contact me via this email:",I agree to make film-specific data accessible to research community,NA,"187,00",51,enter data manually within this survey
NA,frnew92,Fet(Ish)Ame,I have partial or complete information,Yes,NA,7,I do not know,quoted,not quoted,not quoted,not quoted,NA,"I've had to search my email, which isn't terribly reliable. ",not quoted,not quoted,not quoted,not quoted,NA,quoted,No,Yes,Yes,-66,-77,30,United States dollar,0 - 49.999 Euro,500,United States dollar,Yes,200,United States dollar,No,No,-66,-66,-66,-66,-66,-66,-66,-66,-66,-66,-66,-66,-66,-66,-66,not quoted,not quoted,not quoted,not quoted,not quoted,NA,quoted,-77,-77,-77,-77,-77,-77,-77,-66,quoted,quoted,not quoted,NA,"Yes, contact me via this email:",I agree to make film-specific data accessible to research community,-66,"362,00",22,enter data manually within this survey
NA,frnew794,Supernature,I have partial or complete information,Yes,NA,1,Yes,quoted,not quoted,not quoted,not quoted,NA,-66,-77,-77,-77,-77,-66,-77,Yes,No,No,$1000,United States dollar,-66,-77,50.000 - 199.999 Euro,$200,United States dollar,No,-66,-77,No,No,-66,-66,-66,-66,-66,-66,-66,-66,-66,-66,-66,-66,-66,-66,-66,not quoted,not quoted,not quoted,not quoted,not quoted,NA,quoted,-77,-77,-77,-77,-77,-77,-77,-66,not quoted,not quoted,quoted,"As a Director of my non-profit organization, I brought on the student film makers to make the film ","Yes, contact me via this email:",I agree to make film-specific data accessible to research community,726,"145,00",-66,enter data manually within this survey
tffnew410,tffnew410,Casting By,I have partial or complete information,Yes,NA,40,Yes,quoted,not quoted,not quoted,not quoted,NA,-66,-77,-77,-77,-77,-66,-77,Yes,Yes,No,10,United States dollar,500,United States dollar,500.000 - 999.999 Euro,750,United States dollar,Yes,150,United States dollar,No,Yes,European Film Market,Cannes Film Market,Toronto Film Market,NA,NA,NA,NA,NA,NA,NA,NA,NA,NA,NA,NA,quoted,quoted,quoted,quoted,not quoted,NA,not quoted,not quoted,not quoted,quoted,quoted,quoted,not quoted,not quoted,NA,not quoted,quoted,not quoted,NA,No,I agree to make film-specific data accessible to research community,8,"544,00",363,send a document with festival information by email
f16890,f16890,Jayne Mansfield's Car,NA,Yes,NA,1,-77,-77,-77,-77,-77,-66,-66,-77,-77,-77,-77,-66,-77,No,Yes,No,-66,-77,1000,NA,10.000.000 - 29.999.999 Euro,"10,000,000",United States dollar,Yes,"1,000.000",United States dollar,Yes,Yes,Berlin,Canne,NA,NA,NA,NA,NA,NA,NA,NA,NA,NA,NA,NA,NA,quoted,quoted,quoted,quoted,not quoted,NA,not quoted,not quoted,not quoted,not quoted,not quoted,not quoted,not quoted,not quoted,NA,not quoted,quoted,not quoted,NA,"Yes, contact me via this email:",I agree to make film-specific data accessible to research community,-66,"7255314,00",1000,fill in an offline or paper-based form
f9137,f9137,Mr. Turner,I have no information,-77,-66,-66,-77,-77,-77,-77,-77,-66,-66,-77,-77,-77,-77,-66,-77,I do not have this information,I do not have this information,I do not have this information,-66,-77,-66,-77,3.000.000 - 9.999.999 Euro,8.400.000,British pound,Yes,NA,NA,I do not have this information,I do not have this information,-66,-66,-66,-66,-66,-66,-66,-66,-66,-66,-66,-66,-66,-66,-66,quoted,quoted,quoted,quoted,not quoted,NA,not quoted,not quoted,quoted,not quoted,quoted,not quoted,not quoted,quoted,"apple, ",not quoted,not quoted,quoted,coproducer,No,I agree to make film-specific data accessible to research community,-66,"10094940,00",-66,-77
tffnew1251,tffnew1251,In The Crosswind,I have partial or complete information,No,NA,70,Yes,quoted,not quoted,not quoted,not quoted,NA,-66,-77,-77,-77,-77,-66,-77,Yes,I do not have this information,No,30000,Euro,-66,-77,500.000 - 999.999 Euro,NA,NA,Yes,5000,Euro,Yes,Yes,EFM,NA,NA,2015,NA,NA,NA,NA,NA,NA,NA,NA,NA,NA,NA,quoted,quoted,quoted,not quoted,not quoted,NA,not quoted,not quoted,not quoted,not quoted,not quoted,not quoted,not quoted,not quoted,NA,not quoted,not quoted,quoted,sales,"Yes, contact me via this email:",I agree to make film-specific data accessible to research community,30000,"-99,00",-66,send a document with festival information by email
f7979,f7979,Sand Storm,I have partial or complete information,Yes,NA,45,Yes,not quoted,not quoted,not quoted,quoted,World-wide sales agents knowledge,-66,-77,-77,-77,-77,-66,-77,Yes,Yes,No,NA,NA,NA,NA,500.000 - 999.999 Euro,700,Euro,Yes,60,Euro,Yes,Yes,EFM,Cannes Film Market,NA,NA,NA,NA,NA,NA,NA,NA,NA,NA,NA,NA,NA,not quoted,quoted,quoted,not quoted,not quoted,NA,not quoted,not quoted,not quoted,quoted,not quoted,not quoted,not quoted,not quoted,NA,not quoted,quoted,not quoted,NA,No,I agree to make film-specific data accessible to research community,NA,"700,00",NA,send a document with festival information by email
tffnew2054,tffnew2054,Godless,I have partial or complete information,No,NA,90,No,not quoted,not quoted,not quoted,quoted,sales&festivals gent report,Very few local Bulgarian non-competitive festivals and panoramic screenings.,not quoted,not quoted,not quoted,quoted,"me, the production company",not quoted,Yes,I do not have this information,I do not have this information,40.000,Euro,-66,-77,500.000 - 999.999 Euro,941.932,Euro,No,-66,-77,Yes,I do not have this information,-66,-66,-66,-66,-66,-66,-66,-66,-66,-66,-66,-66,-66,-66,-66,quoted,quoted,quoted,not quoted,not quoted,NA,not quoted,not quoted,not quoted,not quoted,not quoted,not quoted,not quoted,quoted,NA,not quoted,quoted,not quoted,NA,No,I agree to make film-specific data accessible to research community,40000,"941932,00",-66,send a document with festival information by email
tffnew2148,tffnew2148,Mister Universo,I have partial or complete information,Yes,NA,65,Yes,quoted,quoted,not quoted,not quoted,NA,-66,-77,-77,-77,-77,-66,-77,Yes,No,No,-23500,Euro,-66,-77,50.000 - 199.999 Euro,-150000,Euro,Yes,NA,Euro,Yes,Yes,Locarno,Toronto,NA,2016,2016,NA,NA,NA,NA,NA,NA,NA,NA,NA,NA,quoted,quoted,quoted,quoted,not quoted,NA,not quoted,not quoted,not quoted,not quoted,not quoted,not quoted,not quoted,quoted,NA,quoted,quoted,not quoted,NA,No,I agree to make film-specific data accessible to research community,23500,150000,-66,send a document with festival information by email
tffnew2591,f8305,Simulation,I have partial or complete information,Yes,NA,15,No,quoted,not quoted,not quoted,not quoted,NA,"There were many festivals in Plans, Morocco ,France, etc that we participated.",quoted,not quoted,not quoted,not quoted,NA,not quoted,Yes,Yes,Yes,2000-5000,United States dollar,3000,United States dollar,50.000 - 199.999 Euro,45000,United States dollar,Yes,5000,United States dollar,No,No,NA,NA,NA,NA,NA,NA,NA,NA,NA,NA,NA,NA,NA,NA,NA,not quoted,not quoted,quoted,quoted,quoted,VOD,not quoted,not quoted,not quoted,not quoted,quoted,not quoted,not quoted,not quoted,NA,quoted,not quoted,not quoted,NA,"Yes, contact me via this email:",I agree to make film-specific data accessible to research community,1451,"32648,00",2177,enter data manually within this survey
tffnew2680,tffnew2680,Under the Tree,I have partial or complete information,Yes,NA,20,I do not know,not quoted,not quoted,not quoted,quoted,Through our sales company: New Europe Film Sales,NA,quoted,quoted,not quoted,not quoted,NA,not quoted,Yes,I do not have this information,No,don't know,Euro,-66,-77,1.000.000 - 2.999.999 Euro,€ 2m approx,Icelandic króna,Yes,approx € 100.000,Icelandic króna,Yes,No,NA,NA,NA,NA,NA,NA,NA,NA,NA,NA,NA,NA,NA,NA,NA,quoted,quoted,quoted,quoted,not quoted,NA,not quoted,not quoted,not quoted,quoted,not quoted,not quoted,not quoted,not quoted,NA,not quoted,quoted,not quoted,NA,No,I agree to make film-specific data accessible to research community,NA,"12603,00",-66,send a document with festival information by email
tffnew2656,tffnew2656,The Royal Hibiscus Hotel,I have partial or complete information,No,NA,3,I do not know,quoted,not quoted,not quoted,not quoted,NA,NA,not quoted,not quoted,not quoted,not quoted,NA,not quoted,No,I do not have this information,No,-66,-77,-66,-77,NA,NA,NA,Yes,NA,NA,I do not have this information,No,-66,-66,-66,-66,-66,-66,-66,-66,-66,-66,-66,-66,-66,-66,-66,not quoted,quoted,quoted,not quoted,not quoted,NA,not quoted,not quoted,not quoted,quoted,not quoted,not quoted,not quoted,not quoted,NA,not quoted,quoted,not quoted,NA,No,I agree to make film-specific data accessible to research community,-66,"-99,00",-66,enter data manually within this survey
idfnew1791,idfnew1791,One Day in Aleppo,I have partial or complete information,Yes,NA,23,No,quoted,quoted,not quoted,quoted,Personal contact after the show at festivals,NA,quoted,not quoted,quoted,not quoted,NA,not quoted,No,Yes,Yes,-66,-77,100 USD,United States dollar,0 - 49.999 Euro,17500,Euro,No,-66,-77,No,Yes,idfa,NA,NA,NA,NA,NA,NA,NA,NA,NA,NA,NA,NA,NA,NA,not quoted,not quoted,quoted,quoted,not quoted,NA,not quoted,quoted,not quoted,not quoted,not quoted,not quoted,not quoted,not quoted,NA,quoted,quoted,not quoted,NA,No,I agree to make film-specific data accessible to research community,-66,"17500,00",73,enter data manually within this survey
idfnew36,idfnew36,BOM,I have no information,-77,-66,-66,-77,-77,-77,-77,-77,-66,-66,-77,-77,-77,-77,-66,-77,Yes,No,Yes,120,United States dollar,-66,-77,50.000 - 199.999 Euro,100000,Euro,Yes,6000,Euro,No,Yes,IDFA,NA,NA,11.2011,NA,NA,NA,NA,NA,NA,NA,NA,NA,NA,NA,quoted,quoted,quoted,not quoted,not quoted,NA,not quoted,not quoted,not quoted,not quoted,quoted,quoted,quoted,not quoted,NA,quoted,not quoted,not quoted,NA,No,I agree to make film-specific data accessible to research community,87,"100000,00",-66,-77
idfnew92,idfnew92,Excursions in the Dark,I have partial or complete information,Yes,NA,2,I do not know,quoted,not quoted,not quoted,not quoted,NA,the film was shown at art events more than traditional film festivals.,not quoted,not quoted,not quoted,not quoted,NA,quoted,No,No,No,-66,-77,-66,-77,0 - 49.999 Euro,3.000,Euro,No,-66,-77,No,No,-66,-66,-66,-66,-66,-66,-66,-66,-66,-66,-66,-66,-66,-66,-66,not quoted,not quoted,quoted,not quoted,not quoted,NA,not quoted,not quoted,not quoted,not quoted,not quoted,not quoted,not quoted,quoted,https://guidedoc.tv/,quoted,quoted,not quoted,NA,No,I agree to make film-specific data accessible to research community,-66,"3000,00",-66,enter data manually within this survey
idfnew1000,idfnew1000,A Conversation Is a Risk to Lose Your Own Opinion,I have no information,-77,-66,-66,-77,-77,-77,-77,-77,-66,-66,-77,-77,-77,-77,-66,-77,I do not have this information,I do not have this information,I do not have this information,-66,-77,-66,-77,0 - 49.999 Euro,NA,Euro,I do not have this information,-66,-77,I do not have this information,I do not have this information,-66,-66,-66,-66,-66,-66,-66,-66,-66,-66,-66,-66,-66,-66,-66,not quoted,not quoted,not quoted,not quoted,not quoted,NA,quoted,-77,-77,-77,-77,-77,-77,-77,-66,not quoted,not quoted,quoted,art center,"Yes, contact me via this email:",I agree to make film-specific data accessible to research community,-66,"-99,00",-66,-77
idfnew1011,idfnew1011,About Heaven,I have partial or complete information,Yes,NA,18,I do not know,quoted,not quoted,not quoted,quoted,Swiss Films Website,"The world sales company Doc & Films failed to send an accurate report after 2016, therefore I do not know exactly where the film was shown after that.",quoted,not quoted,not quoted,not quoted,NA,not quoted,Yes,I do not have this information,No,6126,Euro,-66,-77,200.000 - 499.999 Euro,495000,Swiss franc,Yes,20000,Swiss franc,Yes,Yes,Doc Leipzig,NA,NA,2016,NA,NA,NA,NA,NA,NA,NA,NA,NA,NA,NA,quoted,quoted,quoted,quoted,not quoted,NA,not quoted,not quoted,not quoted,not quoted,not quoted,not quoted,not quoted,quoted,GuideDoc / Soul Definition / Swisscom TV,quoted,quoted,not quoted,NA,"Yes, contact me via this email:",I agree to make film-specific data accessible to research community,6126,"403521,00",-66,enter data manually within this survey
idfnew1468,9425fnosuv,Peshmerga,I have partial or complete information,Yes,NA,11,I do not know,quoted,not quoted,not quoted,not quoted,NA,"We are working with a World sales agent. We are producing others movies and it's 5 years after. So, I can forget things and Festivals.",quoted,not quoted,not quoted,not quoted,NA,not quoted,I do not have this information,No,No,-66,-77,-66,-77,1.000.000 - 2.999.999 Euro,"€ 1.200.000,00",Euro,Yes,"€ 30.000,00",Euro,Yes,Yes,CANNES FILM FESTIVAL,IDFA,CPH-DOX,NA,NA,NA,NA,NA,NA,NA,NA,NA,NA,NA,NA,quoted,quoted,not quoted,quoted,not quoted,NA,not quoted,-77,-77,-77,-77,-77,-77,-77,-66,not quoted,quoted,not quoted,NA,"Yes, contact me via this email:",I agree to make film-specific data accessible to research community,-66,"1200000,00",-66,enter data manually within this survey
idfnew165,idfnew165,The Kingdom of Survival,I do not know,Yes,NA,20,Yes,quoted,not quoted,not quoted,not quoted,NA,-66,-77,-77,-77,-77,-66,-77,No,Yes,Yes,-66,-77,5000,United States dollar,50.000 - 199.999 Euro,800000,United States dollar,Yes,8000,United States dollar,Yes,Yes,IDFA,NA,NA,11.2011,NA,NA,NA,NA,NA,NA,NA,NA,NA,NA,NA,quoted,quoted,quoted,quoted,not quoted,NA,not quoted,quoted,not quoted,not quoted,not quoted,not quoted,not quoted,quoted,www.slowboatfilms.com,quoted,quoted,not quoted,NA,"Yes, contact me via this email:",I agree to make film-specific data accessible to research community,-66,"580426,00",3628,communicate it via a phone call
idfnew787,idfnew787,Ghosts from the Past,I have partial or complete information,other (please specify),Dutch title Spoken van Viggo,1,Yes,quoted,not quoted,not quoted,not quoted,NA,-66,-77,-77,-77,-77,-66,-77,No,Yes,No,-66,-77,0,Euro,50.000 - 199.999 Euro,160000,Euro,No,-66,-77,No,No,-66,-66,-66,-66,-66,-66,-66,-66,-66,-66,-66,-66,-66,-66,-66,quoted,not quoted,not quoted,not quoted,not quoted,NA,not quoted,-77,-77,-77,-77,-77,-77,-77,-66,not quoted,quoted,not quoted,NA,"Yes, contact me via this email:",I agree to make film-specific data accessible to research community,-66,"160000,00",0,enter data manually within this survey
idfnew1595,idfnew1595,Whose Country?,I have partial or complete information,Yes,NA,19,Yes,quoted,not quoted,not quoted,quoted,Sales Agent reports,-66,-77,-77,-77,-77,-66,-77,Yes,I do not have this information,-77,1764,Euro,-66,-77,200.000 - 499.999 Euro,400,United States dollar,Yes,1000,United States dollar,Yes,Yes,Durban FilmMart,IDFA Forum,Lisbon Docs,NA,NA,NA,NA,NA,NA,NA,NA,NA,NA,NA,NA,quoted,quoted,quoted,not quoted,not quoted,NA,not quoted,not quoted,not quoted,not quoted,not quoted,not quoted,not quoted,quoted,IDFA Collection,not quoted,quoted,quoted,Co-Writer,"Yes, contact me via this email:",I agree to make film-specific data accessible to research community,1764,"290,00",-66,enter data manually within this survey
idfnew446,idfnew446,For I Know My Weakness,I have partial or complete information,No,NA,3,Yes,quoted,quoted,not quoted,not quoted,NA,-66,-77,-77,-77,-77,-66,-77,No,Yes,Yes,-66,-77,450,United States dollar,50.000 - 199.999 Euro,100,United States dollar,Yes,"2,5",United States dollar,No,Yes,IDFA Docs for Sale,NA,NA,11.2012,NA,NA,NA,NA,NA,NA,NA,NA,NA,NA,NA,not quoted,not quoted,not quoted,not quoted,not quoted,NA,quoted,-77,-77,-77,-77,-77,-77,-77,-66,quoted,quoted,not quoted,NA,"Yes, contact me via this email:",I agree to make film-specific data accessible to research community,-66,"72,00",326,enter data manually within this survey
idfnew394,idfnew394,Denok & Gareng,I have partial or complete information,Yes,NA,30,Yes,quoted,not quoted,quoted,quoted,"internet news, email from the festival",-66,-77,-77,-77,-77,-66,-77,Yes,Yes,Yes,10000,Euro,3000,Euro,50.000 - 199.999 Euro,60000,Euro,No,-66,-77,Yes,Yes,DOC for sale,NA,NA,november 2012,NA,NA,NA,NA,NA,NA,NA,NA,NA,NA,NA,not quoted,not quoted,quoted,not quoted,not quoted,NA,not quoted,not quoted,not quoted,not quoted,not quoted,not quoted,not quoted,quoted,DAfilms,quoted,quoted,not quoted,NA,"Yes, contact me via this email:",I agree to make film-specific data accessible to research community,10000,"60000,00",3000,send a document with festival information by email
idfnew1269,idfnew1269,The Successor,I have partial or complete information,Yes,NA,34,No,quoted,quoted,not quoted,quoted,https://www.cinemaitaliano.info/film/10619/festival/il-successore.html,NA,not quoted,not quoted,not quoted,quoted,https://www.cinemaitaliano.info/film/10619/festival/il-successore.html,not quoted,I do not have this information,Yes,Yes,-66,-77,"1000,00",Euro,0 - 49.999 Euro,"30000,00",Euro,Yes,"1200,00",Euro,Yes,I do not have this information,-66,-66,-66,-66,-66,-66,-66,-66,-66,-66,-66,-66,-66,-66,-66,quoted,not quoted,quoted,not quoted,not quoted,NA,not quoted,not quoted,not quoted,not quoted,not quoted,not quoted,not quoted,quoted,https://guidedoc.tv/,quoted,not quoted,not quoted,NA,"Yes, contact me via this email:",I agree to make film-specific data accessible to research community,-66,"30000,00",1000,enter data manually within this survey
idfnew1873,idfnew1873,The Lonely Battle of Thomas Reid,I have partial or complete information,Yes,NA,40,Yes,not quoted,quoted,not quoted,not quoted,NA,-66,-77,-77,-77,-77,-66,-77,Yes,No,No,"€ 5000,00",Euro,-66,-77,50.000 - 199.999 Euro,130000,Euro,Yes,15000,Euro,No,Yes,sheffield meet market,NA,NA,05.2017,NA,NA,NA,NA,NA,NA,NA,NA,NA,NA,NA,quoted,quoted,quoted,not quoted,not quoted,NA,not quoted,not quoted,quoted,not quoted,quoted,quoted,not quoted,quoted,"curzon, google play, microsoft store",quoted,quoted,not quoted,NA,No,I agree to make film-specific data accessible to research community,5000,"130000,00",-66,send a document with festival information by email
idfnew1390,tffnew2042,Forever Pure,I have partial or complete information,Yes,NA,50,Yes,not quoted,not quoted,not quoted,quoted,Sales agent,-66,-77,-77,-77,-77,-66,-77,Yes,I do not have this information,I do not have this information,"10,775",British pound,-66,-77,500.000 - 999.999 Euro,"540,359",British pound,Yes,10,British pound,Yes,Yes,Sheffield doc fest,IFP,Tel Aviv documentary ,NA,NA,NA,NA,NA,NA,NA,NA,NA,NA,NA,NA,not quoted,not quoted,quoted,not quoted,quoted,DCP,not quoted,quoted,not quoted,quoted,not quoted,quoted,not quoted,not quoted,NA,not quoted,quoted,not quoted,NA,"Yes, contact me via this email:",I agree to make film-specific data accessible to research community,12949,"649,00",-66,send a document with festival information by email
idfnew209,idfnew209,Nation,I have partial or complete information,Yes,NA,4,Yes,not quoted,quoted,not quoted,not quoted,NA,-66,-77,-77,-77,-77,-66,-77,No,No,Yes,-66,-77,-66,-77,0 - 49.999 Euro,8.000,Euro,No,-66,-77,No,Yes,International Documentary Festival Amsterdam IDFA,NA,NA,11.2011,NA,NA,NA,NA,NA,NA,NA,NA,NA,NA,NA,not quoted,not quoted,not quoted,not quoted,not quoted,NA,quoted,-77,-77,-77,-77,-77,-77,-77,-66,quoted,quoted,not quoted,NA,"Yes, contact me via this email:",I agree to make film-specific data accessible to research community,-66,"8000,00",-66,enter data manually within this survey
idfnew245,idfnew245,Printed Matter,I have partial or complete information,Yes,NA,20,I do not know,quoted,not quoted,not quoted,not quoted,NA,Festivals that have not been in direct communication with both filmmaker and producer.   missed updates in documentation of film presentation.   ,not quoted,not quoted,not quoted,not quoted,NA,quoted,No,Yes,Yes,-66,-77,100 euro,Euro,50.000 - 199.999 Euro,60,Euro,No,-66,-77,Yes,Yes,CPHDOX,Na,NA,2014,NA,NA,NA,NA,NA,NA,NA,NA,NA,NA,NA,not quoted,not quoted,quoted,quoted,not quoted,NA,not quoted,quoted,not quoted,not quoted,not quoted,not quoted,not quoted,not quoted,NA,quoted,not quoted,not quoted,NA,"Yes, contact me via this email:",I agree to make film-specific data accessible to research community,-66,"60,00",100,communicate it via a phone call
idfnew98,idfnew98,Five Star Existence,I have partial or complete information,Yes,NA,30,I do not know,quoted,quoted,not quoted,not quoted,NA,"Finnish Film Foundation may have entered the film at some festivals I do not know about (if so, probably not many).",not quoted,not quoted,not quoted,quoted,FFF,not quoted,Yes,I do not have this information,No,300,Euro,-66,-77,200.000 - 499.999 Euro,330.000,Euro,Yes,4000,Euro,Yes,Yes,NA,NA,NA,NA,NA,NA,NA,NA,NA,NA,NA,NA,NA,NA,NA,quoted,not quoted,not quoted,quoted,not quoted,NA,not quoted,-77,-77,-77,-77,-77,-77,-77,-66,quoted,quoted,not quoted,NA,No,I agree to make film-specific data accessible to research community,300,"330000,00",-66,send a document with festival information by email
idfnew1057,f17433,Coming of Age,I have partial or complete information,Yes,NA,55,Yes,quoted,not quoted,not quoted,not quoted,NA,-66,-77,-77,-77,-77,-66,-77,Yes,Yes,Yes,4000?,Euro,500?,Euro,50.000 - 199.999 Euro,110 000,Euro,No,-66,-77,Yes,I do not have this information,-66,-66,-66,-66,-66,-66,-66,-66,-66,-66,-66,-66,-66,-66,-66,quoted,not quoted,not quoted,not quoted,not quoted,NA,not quoted,-77,-77,-77,-77,-77,-77,-77,-66,quoted,not quoted,not quoted,NA,"Yes, contact me via this email:",I agree to make film-specific data accessible to research community,4000,"110000,00",500,send a document with festival information by email
idfnew1252,idfnew1252,The Dybbuk: A Talke of Wandering Souls,I have partial or complete information,other (please specify),we should contact via e-mail,51,Yes,quoted,quoted,not quoted,not quoted,NA,-66,-77,-77,-77,-77,-66,-77,Yes,Yes,Yes,1200,United States dollar,800,Euro,200.000 - 499.999 Euro,1260000,Polish złoty,Yes,20000,Polish złoty,No,Yes,IDFA,Krakow Film Festival,Doc Leipzig,11.2015,06.2015,10.2015,NA,NA,NA,NA,NA,NA,NA,NA,NA,quoted,quoted,quoted,quoted,not quoted,NA,not quoted,not quoted,not quoted,not quoted,not quoted,quoted,not quoted,not quoted,NA,quoted,quoted,quoted,writer,"Yes, contact me via this email:",I agree to make film-specific data accessible to research community,871,"303081,00",800,send a document with festival information by email
idfnew364,idfnew364,Beyond Wriezen,I have no information,-77,-66,-66,-77,-77,-77,-77,-77,-66,-66,-77,-77,-77,-77,-66,-77,Yes,No,-77,575,Euro,NA,NA,0 - 49.999 Euro,3273,Euro,Yes,510,Euro,No,Yes,DOK Leipzig,IDFA Docs for Sale,Thessaloniki Film Festival (doc),10.2012,11.2012,03.2013,NA,NA,NA,NA,NA,NA,NA,NA,NA,quoted,not quoted,not quoted,quoted,not quoted,NA,not quoted,-77,-77,-77,-77,-77,-77,-77,-66,quoted,not quoted,not quoted,NA,"Yes, contact me via this email:",I agree to make film-specific data accessible to research community,575,"3273,00",0,-77
idfnew1277,idfnew1277,The World According to Monsieur Khiar,I have partial or complete information,Yes,NA,6,Yes,quoted,not quoted,not quoted,not quoted,NA,-66,-77,-77,-77,-77,-66,-77,I do not have this information,Yes,I do not have this information,-66,-77,100,Euro,200.000 - 499.999 Euro,190.000,Euro,Yes,30.000,Euro,No,Yes,IDFA,Netherlands Film Festival ,NA,2015,2016,NA,NA,NA,NA,NA,NA,NA,NA,NA,NA,quoted,quoted,quoted,quoted,not quoted,NA,not quoted,quoted,not quoted,not quoted,not quoted,not quoted,not quoted,not quoted,NA,not quoted,quoted,not quoted,NA,"Yes, contact me via this email:",I agree to make film-specific data accessible to research community,-66,"190000,00",100,send a document with festival information by email
idfnew1737,idfnew1737,Insha'Allah Democracy,I have partial or complete information,Yes,NA,13,Yes,quoted,quoted,quoted,not quoted,NA,-66,-77,-77,-77,-77,-66,-77,No,No,Yes,-66,-77,-66,-77,200.000 - 499.999 Euro,503415,United States dollar,I do not have this information,-66,-77,No,Yes,Docs For Sale,NA,NA,11.2017,NA,NA,NA,NA,NA,NA,NA,NA,NA,NA,NA,quoted,not quoted,quoted,not quoted,not quoted,NA,not quoted,quoted,quoted,not quoted,quoted,quoted,not quoted,not quoted,NA,quoted,quoted,not quoted,NA,No,I agree to make film-specific data accessible to research community,-66,"365243,00",-66,enter data manually within this survey
idfnew176,idfnew176,Life? or Theatre?,I have no information,-77,-66,-66,-77,-77,-77,-77,-77,-66,-66,-77,-77,-77,-77,-66,-77,No,Yes,Yes,-66,-77,± € 450,Euro,50.000 - 199.999 Euro,975.000,Euro,No,-66,-77,No,No,-66,-66,-66,-66,-66,-66,-66,-66,-66,-66,-66,-66,-66,-66,-66,quoted,quoted,not quoted,quoted,not quoted,NA,not quoted,-77,-77,-77,-77,-77,-77,-77,-66,not quoted,quoted,not quoted,NA,No,I agree to make film-specific data accessible to research community,-66,"975000,00",450,-77
idfnew762,tffnew1199,Episode of the Sea,I have partial or complete information,Yes,NA,NA,Yes,quoted,not quoted,not quoted,not quoted,NA,-66,-77,-77,-77,-77,-66,-77,No,Yes,No,-66,-77,50,Euro,50.000 - 199.999 Euro,90.000,Euro,No,-66,-77,No,No,-66,-66,-66,-66,-66,-66,-66,-66,-66,-66,-66,-66,-66,-66,-66,not quoted,not quoted,not quoted,not quoted,quoted,exhibitions,not quoted,-77,-77,-77,-77,-77,-77,-77,-66,quoted,quoted,quoted,"camera operator and editor, all roles i.c.w. Siebren de Haan",No,I agree to make film-specific data accessible to research community,-66,"90000,00",50,send a document with festival information by email
idfnew370,idfnew370,Blush of Fruit,I do not know,Yes,NA,16,I do not know,quoted,quoted,not quoted,quoted,https://www.jakebanhvu.com/blushoffruit,Some festivals screen the film in their partnered festivals so im not notified ,not quoted,quoted,not quoted,not quoted,NA,not quoted,Yes,Yes,Yes,$500,Australian dollar,$500,Australian dollar,0 - 49.999 Euro,$3000,Australian dollar,Yes,$150,Australian dollar,Yes,I do not have this information,-66,-66,-66,-66,-66,-66,-66,-66,-66,-66,-66,-66,-66,-66,-66,quoted,not quoted,quoted,not quoted,not quoted,NA,not quoted,not quoted,not quoted,not quoted,not quoted,not quoted,not quoted,quoted,Doc alliance,quoted,quoted,not quoted,NA,"Yes, contact me via this email:",I agree to make film-specific data accessible to research community,324,"1943,00",324,send a document with festival information by email
idfnew332,idfnew332,33 Animals of Santa Claus,I have partial or complete information,Yes,NA,10,I do not know,quoted,not quoted,not quoted,not quoted,NA,NA,not quoted,not quoted,not quoted,not quoted,NA,not quoted,No,No,No,-66,-77,-66,-77,0 - 49.999 Euro,NA,NA,No,-66,-77,No,I do not have this information,-66,-66,-66,-66,-66,-66,-66,-66,-66,-66,-66,-66,-66,-66,-66,quoted,not quoted,quoted,not quoted,not quoted,NA,not quoted,not quoted,not quoted,not quoted,not quoted,not quoted,not quoted,quoted,NA,quoted,quoted,not quoted,NA,No,I agree to make film-specific data accessible to research community,-66,"-99,00",-66,enter data manually within this survey
idfnew780,idfnew780,Franco's Promise,I have partial or complete information,Yes,NA,9,Yes,not quoted,quoted,not quoted,not quoted,NA,-66,-77,-77,-77,-77,-66,-77,No,I do not have this information,Yes,-66,-77,-66,-77,50.000 - 199.999 Euro,"€ 66500,00",Euro,Yes,1500,Euro,No,I do not have this information,-66,-66,-66,-66,-66,-66,-66,-66,-66,-66,-66,-66,-66,-66,-66,not quoted,not quoted,quoted,quoted,not quoted,NA,not quoted,not quoted,not quoted,not quoted,not quoted,not quoted,not quoted,quoted,"Guide TV, Filmsdocumentaires.com, www.letemepstaire.com",quoted,not quoted,not quoted,NA,No,I agree to make film-specific data accessible to research community,-66,"66500,00",-66,enter data manually within this survey
idfnew539,idfnew539,Missing in the Land of Gods,I have partial or complete information,Yes,NA,2,Yes,quoted,not quoted,not quoted,not quoted,NA,-66,-77,-77,-77,-77,-66,-77,No,No,No,-66,-77,-66,-77,50.000 - 199.999 Euro,"$AUD200,000",Australian dollar,Yes,$2000,Australian dollar,No,Yes,IDFA Market,NA,NA,NA,NA,NA,NA,NA,NA,NA,NA,NA,NA,NA,NA,not quoted,not quoted,quoted,not quoted,not quoted,NA,not quoted,not quoted,quoted,not quoted,not quoted,not quoted,not quoted,not quoted,NA,not quoted,quoted,not quoted,NA,"Yes, contact me via this email:",I agree to make film-specific data accessible to research community,-66,"129542,00",-66,enter data manually within this survey
idfnew1499,idfnew1499,Siberian Love,I have partial or complete information,Yes,NA,24,Yes,not quoted,not quoted,not quoted,quoted,by myself and the salesagent Taskovski,-66,-77,-77,-77,-77,-66,-77,Yes,Yes,Yes,2949,Euro,NA,NA,50.000 - 199.999 Euro,150000,Euro,Yes,8000,Euro,Yes,Yes,IDFA,Berlina,Vision du Reel,2016,2017,2017,NA,NA,NA,NA,NA,NA,NA,NA,NA,quoted,quoted,quoted,not quoted,not quoted,NA,not quoted,quoted,not quoted,not quoted,not quoted,not quoted,not quoted,quoted,Amazon,not quoted,quoted,not quoted,NA,"Yes, contact me via this email:",I agree to make film-specific data accessible to research community,2949,"150000,00",NA,send a document with festival information by email
idfnew1890,idfnew1890,The Russian Job,I have partial or complete information,Yes,NA,20,I do not know,quoted,not quoted,not quoted,not quoted,NA,We did not write down the festival journey after 2018. So we are not sure if there was any small festivals,quoted,not quoted,not quoted,not quoted,NA,not quoted,Yes,I do not have this information,No,IDN,Euro,-66,-77,200.000 - 499.999 Euro,237 000,Euro,Yes,35000,Euro,Yes,Yes,NA,NA,NA,NA,NA,NA,NA,NA,NA,NA,NA,NA,NA,NA,NA,quoted,quoted,quoted,not quoted,not quoted,NA,not quoted,not quoted,not quoted,not quoted,not quoted,not quoted,not quoted,quoted,"Czech television stream, DaFilms, Aerovod",not quoted,quoted,not quoted,NA,"Yes, contact me via this email:",I agree to make film-specific data accessible to research community,NA,237000,-66,send a document with festival information by email
idfnew131,idfnew131,Hitler's Children,I have partial or complete information,Yes,NA,30,No,quoted,not quoted,not quoted,quoted,Distributor,Sometimes we didn't receive the exact film festivals dates.,quoted,quoted,not quoted,not quoted,NA,not quoted,Yes,Yes,No,"1,5",Euro,1,Euro,500.000 - 999.999 Euro,400,Euro,Yes,1,Euro,No,Yes,IDFA,Berlinale ,MIPCOM,2011,2012,2011,NA,NA,NA,NA,NA,NA,NA,NA,NA,quoted,quoted,quoted,quoted,not quoted,NA,not quoted,not quoted,not quoted,quoted,quoted,quoted,not quoted,not quoted,NA,quoted,quoted,not quoted,NA,"Yes, contact me via this email:",I agree to make film-specific data accessible to research community,2,"400,00",1,enter data manually within this survey
idfnew613,idfnew613,The Ridge,I have partial or complete information,No,NA,30,No,quoted,not quoted,not quoted,not quoted,NA,We don't have more information about screenings in festivals after year 2013.,not quoted,quoted,not quoted,not quoted,NA,not quoted,I do not have this information,Yes,I do not have this information,-66,-77,500,Euro,500.000 - 999.999 Euro,658000,Euro,I do not have this information,-66,-77,Yes,Yes,Ventana Sur Market,European Film Market,MipDoc Market,12/2012,02/2013,04/2013,NA,NA,NA,NA,NA,NA,NA,NA,NA,quoted,quoted,quoted,quoted,not quoted,NA,not quoted,not quoted,not quoted,not quoted,not quoted,not quoted,not quoted,quoted,Filmin,not quoted,not quoted,quoted,Production assistant,NA,I agree to make film-specific data accessible to research community,-66,"658000,00",500,enter data manually within this survey
idfnew255,idfnew255,Red Forest Hotel,I do not know,Yes,NA,30,I do not know,quoted,not quoted,not quoted,not quoted,NA,Long time since the most festival circulation - Distributor Autlook took the main responsibility.,quoted,quoted,not quoted,quoted,Finnish Film Foundation SES,not quoted,Yes,I do not have this information,Yes,NA,NA,-66,-77,200.000 - 499.999 Euro,266000,Euro,I do not have this information,-66,-77,I do not have this information,I do not have this information,NA,NA,NA,NA,NA,NA,NA,NA,NA,NA,NA,NA,NA,NA,NA,quoted,quoted,quoted,quoted,quoted,screenings in Universities etc.,not quoted,quoted,quoted,not quoted,quoted,quoted,not quoted,quoted,"Broadcasters digital platforms SVT, NRK and YLE Areena for example ",quoted,quoted,not quoted,NA,No,I agree to make film-specific data accessible to research community,NA,"266000,00",-66,send a document with festival information by email
idfnew1165,idfnew1165,Moriom,I have no information,-77,-66,-66,-77,-77,-77,-77,-77,-66,-66,-77,-77,-77,-77,-66,-77,Yes,Yes,Yes,300,Euro,2000,Euro,0 - 49.999 Euro,5000,Euro,Yes,1000,Euro,Yes,Yes,Cannes short film market,NA,NA,05.2015,NA,NA,NA,NA,NA,NA,NA,NA,NA,NA,NA,not quoted,not quoted,quoted,not quoted,not quoted,NA,not quoted,not quoted,not quoted,not quoted,not quoted,not quoted,not quoted,quoted,Guide doc,quoted,quoted,not quoted,NA,No,I agree to make film-specific data accessible to research community,300,"5000,00",200,-77
idfnew1181,idfnew1181,Old Wives,I have partial or complete information,Yes,NA,5,Yes,quoted,not quoted,not quoted,not quoted,NA,-66,-77,-77,-77,-77,-66,-77,No,No,Yes,-66,-77,-66,-77,0 - 49.999 Euro,8000,Euro,No,-66,-77,No,Yes,IDFA,NA,NA,11.2015,NA,NA,NA,NA,NA,NA,NA,NA,NA,NA,NA,not quoted,not quoted,quoted,not quoted,not quoted,NA,not quoted,quoted,not quoted,not quoted,not quoted,not quoted,not quoted,not quoted,NA,quoted,not quoted,not quoted,NA,"Yes, contact me via this email:",I agree to make film-specific data accessible to research community,-66,"8000,00",-66,send a document with festival information by email
idfnew205,idfnew205,My Mate Manchester United,I have partial or complete information,Yes,NA,19,Yes,not quoted,quoted,not quoted,not quoted,NA,-66,-77,-77,-77,-77,-66,-77,No,No,Yes,-66,-77,-66,-77,50.000 - 199.999 Euro,NA,NA,Yes,NA,NA,No,Yes,Marché du Film,NA,NA,05.2011,NA,NA,NA,NA,NA,NA,NA,NA,NA,NA,NA,quoted,not quoted,quoted,not quoted,not quoted,NA,not quoted,not quoted,quoted,not quoted,not quoted,not quoted,not quoted,quoted,netcinema.bg,not quoted,quoted,not quoted,NA,No,I agree to make film-specific data accessible to research community,-66,"-99,00",-66,enter data manually within this survey
idfnew728,idfnew728,Cain's Children,I have partial or complete information,Yes,NA,30,Yes,quoted,not quoted,not quoted,not quoted,NA,-66,-77,-77,-77,-77,-66,-77,Yes,Yes,Yes,3500,Euro,150,Euro,200.000 - 499.999 Euro,446000,Euro,I do not have this information,-66,-77,No,No,-66,-66,-66,-66,-66,-66,-66,-66,-66,-66,-66,-66,-66,-66,-66,quoted,quoted,quoted,not quoted,quoted,educational distribution,not quoted,not quoted,not quoted,not quoted,not quoted,not quoted,not quoted,quoted,HBO go,not quoted,quoted,not quoted,NA,"Yes, contact me via this email:",I agree to make film-specific data accessible to research community,3500,"446000,00",150,send a document with festival information by email
idfnew1855,idfnew1855,The Dead Nation,I have partial or complete information,No,NA,30,Yes,quoted,not quoted,not quoted,not quoted,NA,-66,-77,-77,-77,-77,-66,-77,Yes,Yes,No,NA,Euro,NA,Euro,200.000 - 499.999 Euro,NA,Euro,Yes,NA,Euro,Yes,No,-66,-66,-66,-66,-66,-66,-66,-66,-66,-66,-66,-66,-66,-66,-66,not quoted,quoted,quoted,not quoted,not quoted,NA,not quoted,quoted,not quoted,not quoted,not quoted,not quoted,not quoted,quoted,docAlliance,not quoted,quoted,quoted,Head of Distribution,No,I agree to make film-specific data accessible to research community,NA,NA,NA,send a document with festival information by email
idfnew667,idfnew667,Twelve,I have no information,-77,-66,-66,-77,-77,-77,-77,-77,-66,-66,-77,-77,-77,-77,-66,-77,No,No,Yes,-66,-77,-66,-77,0 - 49.999 Euro,5000,Euro,No,-66,-77,No,No,-66,-66,-66,-66,-66,-66,-66,-66,-66,-66,-66,-66,-66,-66,-66,not quoted,not quoted,not quoted,not quoted,not quoted,NA,quoted,-77,-77,-77,-77,-77,-77,-77,-66,quoted,not quoted,not quoted,NA,"Yes, contact me via this email:",I agree to make film-specific data accessible to research community,-66,"5000,00",-66,-77
idfnew1131,idfnew1131,Jonas and the Backyard Circus,I have partial or complete information,Yes,NA,30,No,quoted,quoted,not quoted,not quoted,NA,We have some gaps in our festival list mainly in relation to small film festivals in Brazil and other social exhibitions. The film to this day is shown in small film festivals or thematic exhibitions and we weren't able to document everything,not quoted,not quoted,not quoted,not quoted,NA,quoted,Yes,Yes,Yes,I don't have this information,NA,I don't have this information,NA,50.000 - 199.999 Euro,"R$ 300.000,00",Brazilian real,Yes,I don't have this information,NA,No,Yes,Visions du Reel,DocsBarcelona,DocMontevideo,NA,NA,NA,NA,NA,NA,NA,NA,NA,NA,NA,NA,quoted,quoted,quoted,not quoted,not quoted,NA,not quoted,not quoted,quoted,not quoted,not quoted,quoted,quoted,quoted,"GooglePlay, NetNow",quoted,quoted,not quoted,NA,"Yes, contact me via this email:",I agree to make film-specific data accessible to research community,NA,"92208,00",NA,enter data manually within this survey
idfnew825,idfnew825,Just Eat It: A Food Waste Story,I have partial or complete information,Yes,NA,75,I do not know,quoted,not quoted,not quoted,not quoted,NA,"We tracked festivals for the first couple years of release. Many smaller festivals may have screened the film for a fee, but could have been missed.  ",not quoted,not quoted,not quoted,quoted,"We coudl go through our annual books to find more festivals, but the line between a true festival and an organization screening a selection of films gets blurry.",not quoted,Yes,Yes,Yes,NA,NA,unsure,NA,50.000 - 199.999 Euro,NA,NA,Yes,NA,NA,Yes,Yes,MIPCOM,IDFA,NA,2015,2015,NA,NA,NA,NA,NA,NA,NA,NA,NA,NA,quoted,not quoted,quoted,quoted,quoted,independent community screenings,not quoted,not quoted,not quoted,not quoted,quoted,quoted,not quoted,not quoted,NA,not quoted,quoted,not quoted,NA,"Yes, contact me via this email:",I agree to make film-specific data accessible to research community,NA,"-99,00",NA,send a document with festival information by email
idfnew1748,idfnew1748,Kids on the Silk Road: Music in My Blood,I have partial or complete information,Yes,NA,3,I do not know,quoted,not quoted,not quoted,not quoted,NA,"Music in my Blood was part of a series with 5 films. They were screened at a number of festivals, some festivals took 1 film, others took 3. I remember IDFA and Leipzig for sure, others not.",quoted,quoted,not quoted,not quoted,NA,not quoted,I do not have this information,I do not have this information,No,-66,-77,-66,-77,50.000 - 199.999 Euro,380.000,Danish krone,Yes,20000,Danish krone,Yes,Yes,NA,NA,NA,NA,NA,NA,NA,NA,NA,NA,NA,NA,NA,NA,NA,quoted,not quoted,quoted,not quoted,not quoted,NA,not quoted,not quoted,not quoted,not quoted,not quoted,not quoted,not quoted,quoted,Danish public streaming service,quoted,quoted,not quoted,NA,"Yes, contact me via this email:",I agree to make film-specific data accessible to research community,-66,"50849,00",-66,enter data manually within this survey
idfnew466,idfnew466,Guerrilla Grannies - How to Live in This World,I have partial or complete information,Yes,NA,15,I do not know,quoted,not quoted,not quoted,not quoted,NA,"Usually it is the producer that keeps track, I am the director of the film ",not quoted,not quoted,not quoted,quoted,?,not quoted,I do not have this information,I do not have this information,I do not have this information,-66,-77,-66,-77,200.000 - 499.999 Euro,290.000,Euro,I do not have this information,-66,-77,I do not have this information,I do not have this information,-66,-66,-66,-66,-66,-66,-66,-66,-66,-66,-66,-66,-66,-66,-66,quoted,not quoted,quoted,quoted,quoted,filmfestivals,not quoted,quoted,not quoted,not quoted,not quoted,not quoted,not quoted,not quoted,NA,quoted,not quoted,not quoted,NA,No,I agree to make film-specific data accessible to research community,-66,"290000,00",-66,send a document with festival information by email
idfnew282,idfnew282,The Strawberry Tree,I have partial or complete information,Yes,NA,21,Yes,quoted,not quoted,not quoted,not quoted,NA,-66,-77,-77,-77,-77,-66,-77,Yes,Yes,Yes,1000,United States dollar,1000,United States dollar,0 - 49.999 Euro,2000,Canadian dollar,No,-66,-77,No,No,-66,-66,-66,-66,-66,-66,-66,-66,-66,-66,-66,-66,-66,-66,-66,not quoted,not quoted,not quoted,not quoted,not quoted,NA,quoted,-77,-77,-77,-77,-77,-77,-77,-66,quoted,quoted,not quoted,NA,"Yes, contact me via this email:",I agree to make film-specific data accessible to research community,726,"1364,00",726,send a document with festival information by email
idfnew1639,idfnew1639,Ask the Sexpert,I have partial or complete information,Yes,NA,60,Yes,not quoted,quoted,not quoted,quoted,Film Facebook Page,-66,-77,-77,-77,-77,-66,-77,Yes,Yes,No,"under 10,000",United States dollar,under 2000,United States dollar,200.000 - 499.999 Euro,450000,United States dollar,Yes,7000,United States dollar,No,I do not have this information,-66,-66,-66,-66,-66,-66,-66,-66,-66,-66,-66,-66,-66,-66,-66,quoted,quoted,quoted,quoted,quoted,Educational ,not quoted,quoted,not quoted,quoted,quoted,quoted,not quoted,quoted,Apple TV,quoted,quoted,not quoted,NA,"Yes, contact me via this email:",I agree to make film-specific data accessible to research community,7255,"326489,00",1451,enter data manually within this survey
idfnew1589,idfnew1589,When I Hear the Birds Sing,I have partial or complete information,Yes,NA,39,I do not know,not quoted,not quoted,not quoted,quoted,Norwegian Film Institute and contact with festivals by e-mail,"I think there has been screenings after 2018, but I have not put them on the list.",not quoted,not quoted,not quoted,quoted,Norwegian Film Institute,not quoted,Yes,I do not have this information,I do not have this information,I don't know.,NA,-66,-77,50.000 - 199.999 Euro,785000,Norwegian krone,Yes,ca 100000,Norwegian krone,Yes,Yes,IDFA,NA,NA,autumn 2016,NA,NA,NA,NA,NA,NA,NA,NA,NA,NA,NA,quoted,quoted,quoted,not quoted,quoted,NA,not quoted,not quoted,not quoted,not quoted,not quoted,not quoted,not quoted,quoted,"In South Korea (television.) and USA (television.) and Norway (film library), but I don't know exactly witch digital plattform",quoted,quoted,quoted,animator,"Yes, contact me via this email:",I agree to make film-specific data accessible to research community,NA,"93910,00",-66,send a document with festival information by email
idfnew127,idfnew127,Heart of Sky - Heart of Earth,I have partial or complete information,Yes,NA,115,Yes,quoted,not quoted,not quoted,not quoted,NA,-66,-77,-77,-77,-77,-66,-77,Yes,Yes,No,"€ 1000,00",Euro,"€ 500,00",Euro,200.000 - 499.999 Euro,400.000,Euro,Yes,10.000,Euro,No,Yes,IDFA,DokLeipzig,NA,11.2011,10.2011,NA,NA,NA,NA,NA,NA,NA,NA,NA,NA,quoted,quoted,quoted,quoted,not quoted,NA,not quoted,quoted,not quoted,not quoted,not quoted,not quoted,not quoted,not quoted,NA,quoted,quoted,not quoted,NA,"Yes, contact me via this email:",I agree to make film-specific data accessible to research community,1000,"400000,00",500,send a document with festival information by email
idfnew1323,idfnew1323,A Year Without My Parents,I do not know,Yes,NA,20,No,quoted,not quoted,not quoted,not quoted,NA,I am the director of the film nut the filmfestivals submission was done by the former production company IKON. IKON doesn't exist anymore. So I have to dig in my own memory. I only listed the filmfestivals on which it has won prizes.,not quoted,quoted,not quoted,quoted,NPO sales,not quoted,I do not have this information,Yes,Yes,-66,-77,1000? euros,Euro,0 - 49.999 Euro,30.000,Euro,No,-66,-77,No,I do not have this information,-66,-66,-66,-66,-66,-66,-66,-66,-66,-66,-66,-66,-66,-66,-66,quoted,not quoted,not quoted,not quoted,not quoted,NA,not quoted,-77,-77,-77,-77,-77,-77,-77,-66,quoted,not quoted,not quoted,NA,"Yes, contact me via this email:",I agree to make film-specific data accessible to research community,-66,"30000,00",1000,enter data manually within this survey
idfnew1635,idfnew1635,Another News Story,I have partial or complete information,Yes,NA,23,I do not know,quoted,not quoted,not quoted,not quoted,NA,We may have forgotten to enter into our document some of the festivals as we have all been working full time on other films etc throughout the process!,not quoted,not quoted,quoted,not quoted,NA,not quoted,Yes,Yes,Yes,approx £1500,British pound,approx £950,British pound,50.000 - 199.999 Euro,approx £75000,British pound,Yes,approx £2000,British pound,No,I do not have this information,NA,NA,NA,NA,NA,NA,NA,NA,NA,NA,NA,NA,NA,NA,NA,quoted,quoted,quoted,not quoted,not quoted,NA,not quoted,quoted,not quoted,not quoted,not quoted,quoted,not quoted,quoted,Googleplay,not quoted,quoted,not quoted,NA,"Yes, contact me via this email:",I agree to make film-specific data accessible to research community,1803,"90133,00",1141,send a document with festival information by email
idfnew139,idfnew139,"I am Cuba, the Siberian Mammoth",I have no information,-77,-66,-66,-77,-77,-77,-77,-77,-66,-66,-77,-77,-77,-77,-66,-77,Yes,Yes,I do not have this information,5.000 usd,United States dollar,"500,00",United States dollar,200.000 - 499.999 Euro,230.000,United States dollar,Yes,30.000 usd,United States dollar,Yes,Yes,Cannes Film Festival ,Berlin Film Festival ,Idfa - Documentary Film Festival ,may - 2005,february - 2005,November - 2004,NA,NA,NA,NA,NA,NA,NA,NA,NA,quoted,quoted,quoted,quoted,not quoted,NA,not quoted,not quoted,quoted,not quoted,not quoted,not quoted,not quoted,quoted,Idfa Film Festival. ,quoted,not quoted,not quoted,NA,"Yes, contact me via this email:",I agree to make film-specific data accessible to research community,3628,"166872,00",363,-77
idfnew1285,idfnew1285,Time Suspended,I have partial or complete information,other (please specify),It is already on IMDB,58,Yes,quoted,not quoted,not quoted,not quoted,NA,-66,-77,-77,-77,-77,-66,-77,Yes,No,-77,850,Euro,-66,-77,200.000 - 499.999 Euro,35000000,Euro,Yes,3000,Euro,No,No,-66,-66,-66,-66,-66,-66,-66,-66,-66,-66,-66,-66,-66,-66,-66,quoted,quoted,quoted,not quoted,not quoted,NA,not quoted,quoted,not quoted,not quoted,not quoted,not quoted,not quoted,quoted,FILMINLATINO,not quoted,not quoted,quoted,PRODUCTION COMPANY WHICH IS A FILM SCHOOL,"Yes, contact me via this email:",I agree to make film-specific data accessible to research community,850,"35000000,00",-66,send a document with festival information by email
idfnew1790,idfnew1790,On the Edge of Life,I have partial or complete information,Yes,NA,18,Yes,not quoted,quoted,not quoted,not quoted,NA,-66,-77,-77,-77,-77,-66,-77,Yes,Yes,No,500,Euro,300,Euro,0 - 49.999 Euro,NA,NA,Yes,300,Euro,No,No,-66,-66,-66,-66,-66,-66,-66,-66,-66,-66,-66,-66,-66,-66,-66,not quoted,not quoted,quoted,not quoted,not quoted,NA,not quoted,quoted,not quoted,not quoted,quoted,not quoted,not quoted,not quoted,NA,quoted,quoted,not quoted,NA,No,I agree to make film-specific data accessible to research community,500,"-99,00",300,send a document with festival information by email
idfnew1583,idfnew1583,Welcome,I have partial or complete information,Yes,NA,8,Yes,not quoted,quoted,not quoted,not quoted,NA,-66,-77,-77,-77,-77,-66,-77,Yes,Yes,Yes,2000,United States dollar,1000,United States dollar,3.000.000 - 9.999.999 Euro,5000,United States dollar,No,-66,-77,No,No,-66,-66,-66,-66,-66,-66,-66,-66,-66,-66,-66,-66,-66,-66,-66,not quoted,not quoted,quoted,not quoted,not quoted,NA,not quoted,not quoted,not quoted,not quoted,not quoted,not quoted,not quoted,quoted,from distributor's platform,quoted,quoted,not quoted,NA,"Yes, contact me via this email:",I agree to make film-specific data accessible to research community,1451,"3627,00",726,send a document with festival information by email
idfnew196,idfnew196,Mont Age,I have no information,-77,-66,-66,-77,-77,-77,-77,-77,-66,-66,-77,-77,-77,-77,-66,-77,No,No,I do not have this information,-66,-77,-66,-77,0 - 49.999 Euro,5000,Euro,No,-66,-77,No,No,-66,-66,-66,-66,-66,-66,-66,-66,-66,-66,-66,-66,-66,-66,-66,not quoted,not quoted,not quoted,not quoted,not quoted,NA,quoted,-77,-77,-77,-77,-77,-77,-77,-66,quoted,not quoted,not quoted,NA,"Yes, contact me via this email:",I agree to make film-specific data accessible to research community,-66,"5000,00",-66,-77
idfnew1823,idfnew1823,"See You Tomorrow, God Willing!",I have partial or complete information,Yes,NA,15,Yes,quoted,not quoted,not quoted,not quoted,NA,-66,-77,-77,-77,-77,-66,-77,I do not have this information,Yes,I do not have this information,-66,-77,250,Euro,50.000 - 199.999 Euro,130000,Euro,Yes,5000,Euro,Yes,I do not have this information,-66,-66,-66,-66,-66,-66,-66,-66,-66,-66,-66,-66,-66,-66,-66,quoted,quoted,quoted,not quoted,not quoted,NA,not quoted,not quoted,not quoted,not quoted,not quoted,not quoted,not quoted,quoted,Filmin,not quoted,not quoted,quoted,Production assistant,"Yes, contact me via this email:",I agree to make film-specific data accessible to research community,-66,"130000,00",250,enter data manually within this survey
idfnew1171,idfnew1171,"My Enemy, My Brother",I have partial or complete information,Yes,NA,30,I do not know,quoted,quoted,not quoted,not quoted,NA,There was a long and short version of the film. Sometimes it's difficult to know which one is the correct one to reference. The current list is based on the short documentary version.,not quoted,not quoted,quoted,not quoted,NA,not quoted,I do not have this information,I do not have this information,I do not have this information,-66,-77,-66,-77,NA,NA,NA,I do not have this information,-66,-77,I do not have this information,I do not have this information,-66,-66,-66,-66,-66,-66,-66,-66,-66,-66,-66,-66,-66,-66,-66,quoted,quoted,quoted,not quoted,not quoted,NA,not quoted,not quoted,not quoted,not quoted,not quoted,not quoted,not quoted,not quoted,NA,not quoted,not quoted,quoted,I do not have a role in connection to the film. It happened previous to my time with the company.,"Yes, contact me via this email:",I agree to make film-specific data accessible to research community,-66,"-99,00",-66,enter data manually within this survey
idfnew1464,idfnew1464,On the Bridge of Death and Life,I have partial or complete information,Yes,NA,2,Yes,not quoted,not quoted,not quoted,quoted,internet,-66,-77,-77,-77,-77,-66,-77,No,No,Yes,-66,-77,-66,-77,200.000 - 499.999 Euro,258.000,Euro,Yes,3000,NA,No,Yes,CNEX,NA,NA,2014,NA,NA,NA,NA,NA,NA,NA,NA,NA,NA,NA,quoted,not quoted,quoted,not quoted,not quoted,NA,not quoted,quoted,not quoted,not quoted,not quoted,not quoted,not quoted,not quoted,NA,not quoted,quoted,not quoted,NA,No,I agree to make film-specific data accessible to research community,-66,"258000,00",-66,enter data manually within this survey
idfnew638,idfnew638,The Song of Life,I have partial or complete information,other (please specify),IDFA – Int. Dokumentarfilmfestival Amsterdam 2012; Berlinale 2013 LOLA Screening (Vorauswahl für den Deutschen Filmpreis); Belfast Filmfestival; Forum Images Groningen/Niederlande; „Silver Screen“/ Frankfurt; Pärnu Int. Filmfstival/Estland; iDocs Int. Fil,7,Yes,not quoted,not quoted,not quoted,quoted,Internet,-66,-77,-77,-77,-77,-66,-77,I do not have this information,Yes,Yes,-66,-77,150 aprox.,Euro,200.000 - 499.999 Euro,230.000,Euro,Yes,600,Euro,No,I do not have this information,-66,-66,-66,-66,-66,-66,-66,-66,-66,-66,-66,-66,-66,-66,-66,quoted,quoted,quoted,quoted,not quoted,NA,not quoted,quoted,not quoted,not quoted,not quoted,not quoted,not quoted,not quoted,NA,not quoted,quoted,not quoted,NA,No,I agree to make film-specific data accessible to research community,-66,"230000,00",150,enter data manually within this survey
idfnew356,idfnew356,Balkan Melody,I have partial or complete information,Yes,NA,30,No,quoted,not quoted,not quoted,not quoted,NA,The list documents only the first 14 months of circulation - it hasn't been tracked afterwards.,not quoted,not quoted,not quoted,not quoted,NA,quoted,Yes,Yes,Yes,1500,Euro,400,Euro,500.000 - 999.999 Euro,988000,Swiss franc,Yes,5000,Swiss franc,Yes,I do not have this information,-66,-66,-66,-66,-66,-66,-66,-66,-66,-66,-66,-66,-66,-66,-66,quoted,quoted,quoted,quoted,not quoted,NA,not quoted,quoted,not quoted,not quoted,not quoted,not quoted,not quoted,quoted,"Milky Way, artfilm.ch, EYZ Media, Guide Doc, Filmingo, cinefile.ch, Soul Defintion",not quoted,not quoted,quoted,Assistant to producers at maximage,No,I agree to make film-specific data accessible to research community,1500,"805412,00",400,send a document with festival information by email
idfnew421,idfnew421,The End of Time,I have partial or complete information,Yes,NA,50,No,quoted,not quoted,not quoted,not quoted,NA,"The list consists only of the first 21 months of distribution - the film is still being shown, albeit not as frequently.",not quoted,not quoted,not quoted,quoted,"You can contact Peter Mettler's assistant at Grimthorpe Film Inc, Meiko Kanamoto, she might have a more conclusive documentation: info@petermettler.com ",not quoted,Yes,Yes,No,3000,United States dollar,500,United States dollar,500.000 - 999.999 Euro,1042000,Swiss franc,I do not have this information,-66,-77,Yes,Yes,NA,NA,NA,NA,NA,NA,NA,NA,NA,NA,NA,NA,NA,NA,NA,quoted,quoted,quoted,quoted,not quoted,NA,not quoted,quoted,not quoted,not quoted,not quoted,not quoted,not quoted,quoted,"arte, Guide Doc, Doc Alliance, filmingo.ch, cinefile.ch, EYZ Media, Soul Definition",not quoted,not quoted,quoted,Assistant to producer Cornelia Seitler at maximage,No,I agree to make film-specific data accessible to research community,2177,"849433,00",363,send a document with festival information by email
idfnew1378,idfnew1378,Dugma: The Button,I have partial or complete information,Yes,NA,30,I do not know,quoted,not quoted,quoted,not quoted,NA,"I think it is complete, but there might be some minor festivals that have been left out.",not quoted,not quoted,not quoted,not quoted,NA,quoted,I do not have this information,Yes,No,-66,-77,400 euros,Euro,200.000 - 499.999 Euro,320000,Euro,Yes,15000,Euro,Yes,Yes,Hot Docs market,Sheffield doc fest market,IDFA docs for sale,2016,2016,2016,NA,NA,NA,NA,NA,NA,NA,NA,NA,quoted,not quoted,quoted,not quoted,not quoted,NA,not quoted,quoted,quoted,not quoted,quoted,quoted,not quoted,not quoted,NA,not quoted,quoted,not quoted,NA,"Yes, contact me via this email:",I agree to make film-specific data accessible to research community,-66,"320000,00",400,send a document with festival information by email
idfnew419,idfnew419,Empire,I have partial or complete information,other (please specify),Updates are needed-- imdb currently has our premiere as  International Documentary Film Festival  rather than  International Documentary Film Festival Amsterdam  or IDFA. The title of the project is incorrect too (no  project  or  the ),7,I do not know,quoted,not quoted,not quoted,not quoted,NA," Empire  went into the world at the same time as Eline and I became parents, so our brains temporarily turned to mush.",not quoted,quoted,not quoted,quoted,specifically POV (AmDoc),not quoted,I do not have this information,No,No,-66,-77,-66,-77,50.000 - 199.999 Euro,Maybe 150k,Euro,Yes,7000,United States dollar,Yes,No,-66,-66,-66,-66,-66,-66,-66,-66,-66,-66,-66,-66,-66,-66,-66,not quoted,not quoted,not quoted,not quoted,quoted,"As an interactive website (via POV), as a set of installations (at WORM Rotterdam and a few other venues), and as a  live screening  at REDCAT in LA",not quoted,-77,-77,-77,-77,-77,-77,-77,-66,quoted,quoted,quoted,"DP, editor, writer","Yes, contact me via this email:",I agree to make film-specific data accessible to research community,-66,150000,-66,enter data manually within this survey
idfnew1152,idfnew1152,Lyari Notes,I have partial or complete information,Yes,NA,20,I do not know,quoted,quoted,not quoted,not quoted,NA,Not kept accurate documentation after the first year after the premiere,not quoted,not quoted,not quoted,not quoted,NA,quoted,Yes,No,Yes,NA,NA,-66,-77,200.000 - 499.999 Euro,NA,NA,No,-66,-77,No,Yes,Forum,Film Bazaar,Visions Du Reel,"11,2015","12,2015","4,2016",NA,NA,NA,NA,NA,NA,NA,NA,NA,quoted,quoted,not quoted,not quoted,not quoted,NA,not quoted,-77,-77,-77,-77,-77,-77,-77,-66,quoted,quoted,quoted,I co directed and co produced the film with Maheen Zia,"Yes, contact me via this email:",I agree to make film-specific data accessible to research community,NA,"-99,00",-66,enter data manually within this survey
idfnew253,idfnew253,The Rat Race,I have partial or complete information,other (please specify),Update the existing page,15,No,quoted,not quoted,not quoted,not quoted,NA,Not documented the film history,not quoted,not quoted,not quoted,not quoted,NA,quoted,Yes,No,Yes,NA,NA,-66,-77,0 - 49.999 Euro,NA,NA,No,-66,-77,No,Yes,Mipdoc Co production Challenge (Winner),IDFA,Film Bazaar,2010,2011,2010,NA,NA,NA,NA,NA,NA,NA,NA,NA,quoted,quoted,quoted,quoted,not quoted,NA,not quoted,not quoted,not quoted,quoted,not quoted,not quoted,not quoted,not quoted,NA,quoted,quoted,not quoted,NA,"Yes, contact me via this email:",I agree to make film-specific data accessible to research community,NA,"-99,00",-66,enter data manually within this survey
idfnew545,tffnew561,More Than Honey,I have partial or complete information,Yes,NA,40,I do not know,quoted,quoted,not quoted,not quoted,NA,"I shared the festival run according to the website, there might have been other screening that followed. ",quoted,quoted,not quoted,not quoted,NA,not quoted,Yes,Yes,-77,NA,NA,NA,NA,1.000.000 - 2.999.999 Euro,NA,NA,Yes,NA,NA,I do not have this information,Yes,EFM auf der Berlinale,NA,NA,02.2013,NA,NA,NA,NA,NA,NA,NA,NA,NA,NA,NA,quoted,quoted,quoted,quoted,not quoted,NA,not quoted,quoted,not quoted,not quoted,quoted,quoted,not quoted,quoted,"maxdome, google play, tv now, geo television, microsoft, filmfriend, rtl +",not quoted,not quoted,quoted,Assistenz Markus Imhoof,No,I agree to make film-specific data accessible to research community,NA,"-99,00",NA,send a document with festival information by email
idfnew1434,idfnew1434,Like Dew in the Sun,I have partial or complete information,Yes,NA,10,Yes,quoted,not quoted,not quoted,not quoted,NA,-66,-77,-77,-77,-77,-66,-77,No,No,-77,-66,-77,-66,-77,200.000 - 499.999 Euro,312'000,Swiss franc,Yes,?,NA,Yes,Yes,Amsterdam IDFA,Visions du réel,NA,04.2016,11.2016,NA,NA,NA,NA,NA,NA,NA,NA,NA,NA,quoted,quoted,quoted,quoted,quoted,"schools, underground in Ukraine",not quoted,quoted,not quoted,not quoted,not quoted,not quoted,not quoted,quoted,Play Suisse,quoted,quoted,not quoted,NA,"Yes, contact me via this email:",I agree to make film-specific data accessible to research community,-66,"254340,00",-66,enter data manually within this survey
idfnew472,idfnew472,A Home Far Away,I have partial or complete information,Yes,NA,10,I do not know,quoted,not quoted,not quoted,not quoted,NA,I'm getting old and my memory isn't so good. But to my knowledge the information I provided is accurate.,not quoted,not quoted,not quoted,not quoted,NA,quoted,No,No,No,-66,-77,-66,-77,200.000 - 499.999 Euro,450'000,Swiss franc,Yes,NA,NA,Yes,Yes,Visions du réel,Amsterdam IDFA,NA,04.2012,11.2012,NA,NA,NA,NA,NA,NA,NA,NA,NA,NA,quoted,quoted,quoted,quoted,quoted,"schools, clubs, underground networks in China",not quoted,quoted,not quoted,not quoted,not quoted,not quoted,not quoted,quoted,"Play Suisse, Visions du réel",quoted,quoted,not quoted,NA,"Yes, contact me via this email:",I agree to make film-specific data accessible to research community,-66,"366837,00",-66,enter data manually within this survey
idfnew1570,idfnew1570,Trembling Mountain,I have partial or complete information,Yes,NA,10,No,quoted,not quoted,not quoted,not quoted,NA,I did not send out the film to festivals systematically.... ,not quoted,not quoted,not quoted,quoted,"most likely, my own research and documentation",not quoted,No,No,Yes,-66,-77,-66,-77,0 - 49.999 Euro,"27,000 USD",United States dollar,No,-66,-77,No,No,-66,-66,-66,-66,-66,-66,-66,-66,-66,-66,-66,-66,-66,-66,-66,not quoted,not quoted,quoted,quoted,not quoted,NA,not quoted,quoted,not quoted,not quoted,not quoted,not quoted,not quoted,not quoted,NA,quoted,quoted,not quoted,NA,NA,I agree to make film-specific data accessible to research community,-66,"19589,00",-66,enter data manually within this survey
